,lc_trans,ru_old_orth,ru_uezd,ru_prov,ru_featuretype,description,x_coord,y_coord,pres_loc,geo_country_code,geo_id,geo_url
АБЗАЛЬ,Abzal',Абзаль,not_in_text,Ревельскаго Намѣстничества,городъ," </span><span class=""font0"" style=""font-style:italic;"">городъ</span><span class=""font0""> Ревельскаго Намѣстничества.Въ немЪ бываетъ одна вЪ году ярмарка.</span>",31.51667,53.83333,"Mazra‘eh-ye Ābzal, Yazd, Iran",IR,IR,http://api.geonames.org/search?username=jaguillette&type=json&name=АБЗАЛЬ
АВДУЛОВО,Avdulovo,Авдулово,ДонковскомЪ уѣздѣ,Рязанскаго Намѣстничества,село," ИВАНОВСКОЕ тожь, </span><span class=""font0"" style=""font-style:italic;"">село</span><span class=""font0""> Рязанскаго Намѣстничества вЪ ДонковскомЪ уѣздѣ, Здѣсь бываетЪ одна годовая ярмарка вЪ день Іоанна Воина, то есть Іюля 30, на которую пріѣзжаютъ купцы и крестьяне сЪ мѣлочными товарами.</span>",53.29975,38.6293,"Avdulovo, Lipetsk, Russia",RU,RU,http://api.geonames.org/search?username=jaguillette&type=json&name=АВДУЛОВО
АКСЕЛЬ,Aksel',Аксель,ТемниковскомЪ уѣздѣ,Тамбовскаго Намѣстничества,село," </span><span class=""font0"" style=""font-style:italic;"">село</span><span class=""font0""> Тамбовскаго Намѣстничества вЪ ТемниковскомЪ уѣздѣ. Здѣсь бываетъ годовая ярмарка, сверхЪ еженедѣльныхъ торговъ, вЪ одинадцатую пятницу по Пасхѣ; купцы сюда пріѣзжаютЪ изЪ ближнихЪ городовъ сЪ шелковыми и бумажными товарами, хлѣбомЪ и прочими припасами.</span>",54.59831,43.41977,"Aksel, Mordoviya, Russia",RU,RU,http://api.geonames.org/search?username=jaguillette&type=json&name=АКСЕЛЬ
АЛАТЫРЬ,Alatyr',Алатырь,Въ уѣздѣ,Синбирскаго Намѣстничества,городъ," </span><span class=""font0"" style=""font-style:italic;"">городъ</span><span class=""font0""> Синбирскаго Намѣстничества.Въ уѣздѣ сего города бываетъ годовыхЪ семь ярмарокъ.</span>",54.8421,46.5813,"Alatyr', Chuvashia, Russia",RU,RU,http://api.geonames.org/search?username=jaguillette&type=json&name=АЛАТЫРЬ
АЛЕКСАНДРОВСКОЕ,Aleksandrovskoe,Александровское,КеренскомЪ уѣздѣ,Пензенскаго Намѣстничества,село," ЧЕРКАСКОЕ тожь, </span><span class=""font0"" style=""font-style:italic;"">село</span><span class=""font0""> Пензенскаго Намѣстничества вЪ КеренскомЪ уѣздѣ. Здѣсь бываетъ вЪ году ярмарка вЪ Іюнѣ мѣсяцѣ ; купцы пріѣзжаютъ изЪ близЪ лежащихъ городовъ сЪ разными мѣлочными товарами ; торгуютЪ также лошадьми, рогатымЪ скотомЪ и прочимъ.</span>",44.71417,43.00083,"Aleksandrovskoye, Stavropol'skiy, Russia",RU,RU,http://api.geonames.org/search?username=jaguillette&type=json&name=АЛЕКСАНДРОВСКОЕ
АЛЕШНЯ,Aleshnia,Алешня,БѣлогородскомЪ уѣздѣ,Курскаго Намѣстничества,слобода," </span><span class=""font0"" style=""font-style:italic;"">слобода</span><span class=""font0""> Курскаго Намѣстничества вЪ БѣлогородскомЪ уѣздѣ; вЪ оной бываетЪ вЪ году три ярмарки : первая Іюля 17, вторая Сентября 6, третія Декабря 4. Купцы на оныя пріѣзжаютъ изЪ ближайшихъ городовЪ; торгуютЪ сукнами, шелковыми , бумажными и набойчатыми товарами , желѣзомъ, полотномъ , посудою и прочимЪ.</span>",54.97167,35.31222,"Алешня, Kaluga, Russia",RU,RU,http://api.geonames.org/search?username=jaguillette&type=json&name=АЛЕШНЯ
АНАЕВО,Anaevo,Анаево,not_in_text,Тамбовскаго Намѣстничества,село," </span><span class=""font0"" style=""font-style:italic;"">село</span><span class=""font0""> Тамбовскаго Намѣстничества около посада Кадома; здѣсь одна бываетъ ярмарка вЪ году, на которую пріѣзжаютъ купцы изЪ ближнихЪ городовъ</span>сЪ шелковыми , бумажными и другими мѣдочными товарами.",54.2354,42.5668,"Anayevo, Mordoviya, Russia",RU,RU,http://api.geonames.org/search?username=jaguillette&type=json&name=АНАЕВО
АНДРЕЕВКА,Andreevka,Андреевка,ИзюмскомЪ уѣздѣ,Харьковскаго Намѣстничества,слобода," </span><span class=""font0"" style=""font-style:italic;"">слобода</span><span class=""font0""> Харьковскаго Намѣстничества вЪ ИзюмскомЪ уѣздѣ ; вЪ оной бываетъ вЪ году двѣ ярмарки : первая Іюля 20, вЪ день Пророка Иліи, вторая Октября </span><span class=""font0"" style=""font-style:italic;"">26, </span><span class=""font0"">вЪ день Великомученика Димитрія. Купцы на оныя пріѣзжаютъ изЪ разныхъ РосссійскихЪ городовъ сЪ шелковыми , бумажными , гарусными и прочими товарами.</span>",54.51684,68.27693,"Andreevka, , Kazakhstan",KZ,KZ,http://api.geonames.org/search?username=jaguillette&type=json&name=АНДРЕЕВКА
АНТОНОВКА,Antonovka,Антоновка,РогачевскомЪ уѣздѣ,Могилевскаго Намѣстничества,мѣстечко," </span><span class=""font0"" style=""font-style:italic;"">мѣстечко </span><span class=""font0"">Могилевскаго Намѣстничества вЪ РогачевскомЪ уѣздѣ; здѣсь бываетъ вЪ году три ярмарки.</span>",53.99387,56.28251,"Antonovka, Bashkortostan, Russia",RU,RU,http://api.geonames.org/search?username=jaguillette&type=json&name=АНТОНОВКА
АРТЕМОНОВКА,Artemonovka,Артемоновка,и уѣзду,Харьковскаго Намѣстничества,слобода," </span><span class=""font0"" style=""font-style:italic;"">слобода </span><span class=""font0"">Харьковскаго Намѣстничества и уѣзду; здѣсь бываютъ ярмарки Іюля 8 и Ноября 21, Торгуютъ купцы мѣлочными товарами , пивомЪ, медомЪ и прочимъ.</span>",46.59639,28.59083,"Artimonovca, Cimișlia District, Moldova",MD,MD,http://api.geonames.org/search?username=jaguillette&type=json&name=АРТЕМОНОВКА
АРХАНГЕЛЬСКОЕ,Arkhangel'skoe,Архангельское,ДонковскомЪ уѣздѣ,Рязанскаго Намѣстничества,седо," ЗМѢЕВКА тожь, </span><span class=""font0"" style=""font-style:italic;"">седо</span><span class=""font0""> Рязанскаго Намѣстничества вЪ ДонковскомЪ уѣздѣ ; вЪ ономЪ бываютъ вЪ году двѣ ярмарки: первая Февраля 2 вЪ день Срѣтенія Господня , внорая Ноября 8, вЪ день Архистратига Михаила. Сюда пріѣзжаютъ купцы сЪ разными мѣлочными. товарами.</span>",59.54541,39.95571,"Arkhangel'skoye, Vologda, Russia",RU,RU,http://api.geonames.org/search?username=jaguillette&type=json&name=АРХАНГЕЛЬСКОЕ
АСАКОВО,Asakovo,Асаково,ВеневскомЪ уѣздѣ,Тульскаго Намѣстничества,село," </span><span class=""font0"" style=""font-style:italic;"">село</span><span class=""font0""> Тульскаго Намѣстничества вЪ ВеневскомЪ уѣздѣ </span><span class=""font0"" style=""font-style:italic;"">;</span><span class=""font0""> здѣсь бываетъ годовая ярмарка Іюля 8 числа; пріѣзжаютъ на оную разныхъ городовъ купцы сЪ товарами.</span>",55.54,36.62784,"Asakovo, Moskovskaya, Russia",RU,RU,http://api.geonames.org/search?username=jaguillette&type=json&name=АСАКОВО
АСТРАХАНЬ,Astrakhan',Астрахань,not_in_text,Кавказскаго Намѣстничества,городъ," </span><span class=""font0"" style=""font-style:italic;"">городъ</span><span class=""font0""> Кавказскаго Намѣстничества.Въ семЪ городѣ бываетъ ярмарка каждолѢтно; Россійскіе купцы, Армяне и Татары торгуютъ сЪ Персіанами, Армянами, Индѣйцами и прочими, разными Европейскими и Азіатскими товарами.</span>",46.34968,48.04076,"Astrakhan, Astrakhan, Russia",RU,RU,http://api.geonames.org/search?username=jaguillette&type=json&name=АСТРАХАНЬ
АХТЫРКА,Akhtyrka,Ахтырка,not_in_text,Харьковскаго Намѣстничества,городъ," </span><span class=""font0"" style=""font-style:italic;"">городъ</span><span class=""font0""> Харьковскаго Намѣстничества; вЪ немЪ бываетЪ четыре ярмарки: первая о всеѣдной недѣлѣ, вторая Маія 9, третія Іюля четвертая Октября 28 дня; купцы пріѣзжаютъ изЪ раз ныхЪ городовъ, привозятъ парчи , шелковыя матеріи и серебро вЪ дѣлѣ; торгуютЪ также скотомЪ , лошадьми и прочимъ.</span>",55.71083,76.40283,"Akhtyrka, Novosibirsk, Russia",RU,RU,http://api.geonames.org/search?username=jaguillette&type=json&name=АХТЫРКА
БАЕВКА,Baevka,Баевка,not_in_text,not_in_text,село," </span><span class=""font0"" style=""font-style:italic;"">село</span><span class=""font0""> вЪ Сибири на вершинѣ рѣки </span><span class=""font0"" style=""font-style:italic;"">Свіаги</span><span class=""font0"">; вЪ ономЪ всякое Воскресенье бываетъ торгЪ.</span>",53.59693,47.61381,"Bayevka, Ulyanovsk Oblast, Russia",RU,RU,http://api.geonames.org/search?username=jaguillette&type=json&name=БАЕВКА
БАЛАХНА,Balakhna,Балахна,not_in_text,Нижегородскаго Намѣстничества,городъ," </span><span class=""font0"" style=""font-style:italic;"">городъ</span><span class=""font0""> Нижегородскаго Намѣстничества.Въ ономЪ бываютъ каждую недѣлю по середамЪ и пятницамъ, а вЪ зимнее время и по воскресеньямъ торги, на которые крестьяне привозятъ болѣе хлѣбъ, сЪѣстные припасы и разныя для жителей потребности.</span>",56.48989,43.60114,"Balakhna, Nizjnij Novgorod, Russia",RU,RU,http://api.geonames.org/search?username=jaguillette&type=json&name=БАЛАХНА
БАРЫШЕВКА,Baryshevka,Барышевка,Переяславскомъ уѣздѣ,Кіевскаго Намѣстничества,мѣстечко," </span><span class=""font0"" style=""font-style:italic;"">мѣстечко </span><span class=""font0"">Кіевскаго Намѣстничества вЪ Переяславскомъ уѣздѣ.Въ ономЪ бываютъ вЪ году три ярмарки: первая Генваря 1, вторая Маія 9, третія Сентября 11 чиселЪ, на которыхЪ купцы торгуютъ разными мѣлочными товарами и привозимою изЪ Донскихъ станицЪ мѣлкою рыбою; а жители продаютЪ рогатой скотЪ, лошадей, хлѣбъ, смолу , горячее вино и Крымскую соль.</span>",55.96667,58.48333,"Baryshevka, Bashkortostan, Russia",RU,RU,http://api.geonames.org/search?username=jaguillette&type=json&name=БАРЫШЕВКА
БАСАНЬ,Basan',Басань,и уѣзду,того же Намѣстничества,мѣстечко," </span><span class=""font0"" style=""font-style:italic;"">мѣстечко</span><span class=""font0""> того же Намѣстничества и уѣзду. ВЪ ономЪ, кромѣ еженедѣльныхЪ по понедѣльникамъ торговЪ, бываетЪ вЪ году пят</span>ярмарокъ: первая вЪ день Вознесенія Господня , вторая вЪ день Св. АпостоловЪ Петра и Павла , третія вЪ день успенія Пресвятыя Богородицы, четвертая Сентября 2о, вЪ день Св. Евстафія, пятая Декабря 6, вЪ день Николая Чудотворца. Торгуютъ на оныхЪ разными мѣлочными товарами и привозимою изЪ ДонскихЪ станицЪ мѣлкою рыбою. Жители продаютЪ рогатой скотЪ , лошадей , хлѢбЪ, смолу, горячее вино и прочее; также привозятъ сюда для продажи жителямъ Крымскую соль.",41.1125,20.08222,"Elbasan, Elbasan, Albania",AL,AL,http://api.geonames.org/search?username=jaguillette&type=json&name=БАСАНЬ
БАХМАЧЬ,Bakhmach',Бахмачь,и уѣзду,того же Намѣстничества,мѣстечко," </span><span class=""font0"" style=""font-style:italic;"">мѣстечко</span><span class=""font0""> того же Намѣстничества и уѣзду.Въ ономЪ бываетъ ярмарка вЪ день Преображенія; пріѣзжаютъ для торговли на оную изЪ ближнихЪ мѢстЪ сЪ солью, рыбою , горячимъ виномЪ , пивомЪ и прочимЪ.</span>",51.20093,32.77451,"Bakhmach, Chernihivs’ka Oblast’, Ukraine",UA,UA,http://api.geonames.org/search?username=jaguillette&type=json&name=БАХМАЧЬ
БЕРЕЗНИКИ,Berezniki,Березники,и уѣздѣ,вЪ Саратовскомъ Намѣстничествѣ,село," </span><span class=""font0"" style=""font-style:italic;"">село</span><span class=""font0""> вЪ Саратовскомъ Намѣстничествѣ и уѣздѣ. Здесь бываетъ ярмарка вЪ послѣднихъ числахъ Іюля; привозятъ на оную купцы разные мѣлочные шелковые товары.</span>",59.4091,56.8204,"Berezniki, Perm, Russia",RU,RU,http://api.geonames.org/search?username=jaguillette&type=json&name=БЕРЕЗНИКИ
БЕРЕЗОВЦА,Berezovtsa,Березовца,Чухломскомъ уѣздѣ,Костромскаго Намѣстничества,село," </span><span class=""font0"" style=""font-style:italic;"">село</span><span class=""font0""> Костромскаго Намѣстничества вЪ Чухломскомъ уѣздѣ.Въ немЪ бываетъ ярмарка вЪ день Воздвиженія честнаго креста Господня ; пріѣзжаютъ на оную изЪ окрестныхъ городовъ купцы сЪ малымЪ числомъ лавочныхъ товаровъ.</span>",48.38139,27.77694,"Berezovca, Raionul Ocniţa, Moldova",MD,MD,http://api.geonames.org/search?username=jaguillette&type=json&name=БЕРЕЗОВЦА
БЕРНИКИ,Berniki,Берники,КаширскомЪ уѣздѣ,Тульскаго Намѣстничества,село," </span><span class=""font0"" style=""font-style:italic;"">село</span><span class=""font0""> Тульскаго Намѣстничества вЪ КаширскомЪ уѣздѣ. Во время десятой и одинадцатой пятницЪ бываетъ здѣсь ярмарка, на кою ярмарку товары вЪ продажу привозятся изЪ Каширы, а по близости изЪ Тулы </span><span class=""font0"" style=""font-style:italic;"">,</span><span class=""font0""> Серпухова, Венева и Зарайска по малому числу москотильной, мѣлочной и прочіе, также сЪѣстные припасы, а паче отЪ обывателей уѢздныхЪ бываетъ вЪ продажѣ пенька, медЪ, воскЪ и прочее издѣлье.</span>",54.29385,37.27123,"Berniki, Tula, Russia",RU,RU,http://api.geonames.org/search?username=jaguillette&type=json&name=БЕРНИКИ
БИРЖА,Birzha,Биржа,ДинабургскомЪ уѣздѣ,Полотскаго Намѣстничества,мѣстечко," </span><span class=""font0"" style=""font-style:italic;"">мѣстечко</span><span class=""font0""> Полотскаго Намѣстничества вЪ ДинабургскомЪ уѣздѣ.Въ семЪ мѣстѣ бываетъ вЪ году одна ярмарка; торгуютъ Рижскаго дворца крестьяне разными мѣлочными товарами , виномъ и пивомЪ.</span>",62.87923,40.67573,"Birzha, Arkhangelskaya, Russia",RU,RU,http://api.geonames.org/search?username=jaguillette&type=json&name=БИРЖА
БОБРОВИЦА,Bobrovitsa,Бобровица,и уѣзду,Кіевскаго Намѣстничества,мѣстечко," </span><span class=""font0"" style=""font-style:italic;"">мѣстечко </span><span class=""font0"">Кіевскаго Намѣстничества и уѣзду.Въ ономЪ мѣстечкѣ бываетъ вЪ году двѣ ярмарки.</span>",60.15807,42.39269,"Bobrovitsa, Vologda, Russia",RU,RU,http://api.geonames.org/search?username=jaguillette&type=json&name=БОБРОВИЦА
БОБРОВСКОЕ,Bobrovskoe,Бобровское,not_in_text,Пермскаго Намѣстничества,село," </span><span class=""font0"" style=""font-style:italic;"">село</span><span class=""font0""> Пермскаго Намѣстничества вЪ КраснослободскомЪ дистриктѣ. Здѣсь бываетъ вЪ день перво-верховныхЪ АпостоловЪ Петра к Павла и два дни послѣ онаго ярмарка, которая особливо славна лошадиною торговлею. Построено также двадцать деревянныхъ лавокЪ для купцовъ, пріѣзжающихъ на сію ярмарку, гдѣ они складывая свои товары , торгъ производятъ.</span>",60.48197,44.77001,"Bobrovskoye, Vologda, Russia",RU,RU,http://api.geonames.org/search?username=jaguillette&type=json&name=БОБРОВСКОЕ
БОГАТЫЙ,Bogatyi,Богатый,not_in_text,Курскаго Намѣстничества,городъ," </span><span class=""font0"" style=""font-style:italic;"">городъ</span><span class=""font0""> Курскаго Намѣстничества.Въ немЪ бываютъ каждую недѣлю по понедѣльникамъ и пятницамъ торги.</span>",45.33917,42.14444,"Bogatyy, Stavropol'skiy, Russia",RU,RU,http://api.geonames.org/search?username=jaguillette&type=json&name=БОГАТЫЙ
БОГАЧКА,Bogachka,Богачка,Миргородскомъ уѣздѣ,Кіевскаго Намѣстничества,мѣстечко," </span><span class=""font0"" style=""font-style:italic;"">мѣстечко</span><span class=""font0""> Кіевскаго Намѣстничества вЪ Миргородскомъ уѣздѣ.Въ ономЪ бываетъ вЪ году двѣ ярмарки : одна вЪ день Сошествія Святаго Духа, а другая Сентября 1; торгуютъ на оныхЪ пріѣзжіе изЪ уѣзду жители разными мѣлочными товарами , тамЪ родящимися и дѣлающимися, какЪ-то хлѣбомЪ, горячимъ виномЪ,</span>разнымъ скотомъ, дегтемъ, овчинами, кожами и проч. Иногда пріѣзжаютъ и Великороссійскіе купцы сЪ краснымъ товаромъ.",49.98502,38.37687,"Bogachka, Luhansk, Ukraine",UA,UA,http://api.geonames.org/search?username=jaguillette&type=json&name=БОГАЧКА
БОГОЯВЛЕНСКАЯ,Bogoiavlenskaia,Богоявленская,not_in_text,Екатеринославскаго Намѣстничества,крѣпость," </span><span class=""font0"" style=""font-style:italic;"">крѣпость</span><span class=""font0""> Екатеринославскаго Намѣстничества.Въ оной бываетЪ вЪ году три ярмарки.</span>",47.64828,41.3418,"Bogoyavlenskaya, Rostovskaya Oblast, Russia",RU,RU,http://api.geonames.org/search?username=jaguillette&type=json&name=БОГОЯВЛЕНСКАЯ
БОЙНЯ,Boinia,Бойня,вЪ уѣздѣ,Тверскаго Намѣстничества,рѣка," </span><span class=""font0"" style=""font-style:italic;"">рѣка</span><span class=""font0""> Тверскаго Намѣстничества. На устьѣ оной вЪ уѣздѣ города Зубцова быва-</span>ютЪ вЪ году двѣ ярмарки: первая 20 Іюля , вЪ день Пророка Иліи, вторая Августа 6</span><span class=""font0"" style=""font-style:italic;"">,</span><span class=""font0""> вЪ день Преображенія. Купцы пріѣзжаютъ изЪ окрестныхъ ближнихЪ городовъ сЪ мѣлочными лавочными шелковыми , бумажными и прочими товарами.",56.90417,33.09806,"Boynya, Tverskaya, Russia",RU,RU,http://api.geonames.org/search?username=jaguillette&type=json&name=БОЙНЯ
БОРА,Bora,Бора,not_in_text,вЪ СинбирскомЪ Намѣстничествѣ,село," </span><span class=""font0"" style=""font-style:italic;"">село</span><span class=""font0""> вЪ СинбирскомЪ Намѣстничествѣ, отъ Синбирска вЪ 60 верстахЪ.Въ немЪ бываютъ всякую недѣлю знатные торги.</span>",-22.23881,-50.49252,"Borá, São Paulo, Brazil",BR,BR,http://api.geonames.org/search?username=jaguillette&type=json&name=БОРА
БОРЗНА,Borzna,Борзна,not_in_text,Черниговскаго Намѣстничества,городъ," </span><span class=""font0"" style=""font-style:italic;"">городъ</span><span class=""font0""> Черниговскаго Намѣстничества.Въ ономЪ городѣ бываетъ вЪ году три ярмарки.</span>",51.25464,32.4269,"Borzna, Chernihivs’ka Oblast’, Ukraine",UA,UA,http://api.geonames.org/search?username=jaguillette&type=json&name=БОРЗНА
БОРИСПОЛЬ,Borispol',Борисполь,ПереяславскомЪ уѣздѣ,Кіевскаго Намѣстничества,мѣстечко," </span><span class=""font0"" style=""font-style:italic;"">мѣстечко</span><span class=""font0""> Кіевскаго Намѣстничества вЪ ПереяславскомЪ уѣздѣ.Въ немЪ</span>бываютъ вЪ году три ярмарки, на коихЪ пріѣзжіе изЪ окольныхъ тамошнихЪ мѢстЪ торгуютъ разнымъ хлѢбомЪ, мѣлочнымЪ товаромъ, рыбою, солью, скотомЪ и проч.",51.04823,128.57151,"Borispol', Amur, Russia",RU,RU,http://api.geonames.org/search?username=jaguillette&type=json&name=БОРИСПОЛЬ
БОРОВЕНКИ,Borovenki,Боровенки,not_in_text,Екатеринославскаго Намѣстничества,мѣстечко," </span><span class=""font0"" style=""font-style:italic;"">мѣстечко </span><span class=""font0"">Екатеринославскаго Намѣстничества.Въ немЪ бываютъ вЪ году три ярмарки.</span>",54.73667,90.81583,"Gora Borovënki, Khakasiya, Russia",RU,RU,http://api.geonames.org/search?username=jaguillette&type=json&name=БОРОВЕНКИ
БОРОВИЧИ,Borovichi,Боровичи,not_in_text,Новогородскаго Намѣстничества,городъ," </span><span class=""font0"" style=""font-style:italic;"">городъ</span><span class=""font0""> Новогородскаго Намѣстничества.Въ немЪ бываютъ вЪ году три ярмарки: первая Генваря 25,</span>",57.95614,29.64666,"Borovichi, Pskov, Russia",RU,RU,http://api.geonames.org/search?username=jaguillette&type=json&name=БОРОВИЧИ
БОРЯТИНО,Boriatino,Борятино,Козельскомъ уѣздѣ,Калужскаго Намѣстничества,село," </span><span class=""font0"" style=""font-style:italic;"">село</span><span class=""font0""> Калужскаго Намѣстничества вЪ Козельскомъ уѣздѣ. Здѣсь бываетъ торгЪ одинЪ день вЪ недѣлѣ вЪ четверпюкЪ; купечество изЪ Калуги , Мещовска , Болхова , Бѣлева и другихЪ городовъ привозятъ товары москотильные; но есть нѣсколько бумажныхъ, шелковыхъ и другихЪ матерій; а по большей части и уѣздные крестьяне привозятъ разные уѣздные товары, всякой хлѣбѣ, пеньку , масло , медЪ , воскъ, вощину, парусную уточную пря-</span>жу , холстЪ льняной , посконной разныя крестьянскія рукодѣлья и Другіе мѣлочные товары.",53.41139,38.15968,"Boryatino, Tula, Russia",RU,RU,http://api.geonames.org/search?username=jaguillette&type=json&name=БОРЯТИНО
БРОННИЦЫ,Bronnitsy,Бронницы,и уѣзду,Новогородскаго Намѣстничества,ямъ," </span><span class=""font0"" style=""font-style:italic;"">ямъ</span><span class=""font0""> Новогородскаго Намѣстничества и уѣзду. Здѣсь бываетъ вЪ году сЪѣздЪ для торговли Іюня 24 дня.</span>",55.42112,38.26188,"Bronnitsy, Moskovskaya, Russia",RU,RU,http://api.geonames.org/search?username=jaguillette&type=json&name=БРОННИЦЫ
БУРОМКА,Buromka,Буромка,Лубенскомъ уѣздѣ,Кіевскаго Намѣстничества,мѣстечко," </span><span class=""font0"" style=""font-style:italic;"">мѣстечко</span><span class=""font0""> Кіевскаго Намѣстничества вЪ Лубенскомъ уѣздѣ.Въ ономЪ бываютъ вЪ годЪ двѣ ярмарки: одна Іюля 24, другая Ноября 1 числа.</span>",50.91422,32.35948,"Buromki, Chernihivs’ka Oblast’, Ukraine",UA,UA,http://api.geonames.org/search?username=jaguillette&type=json&name=БУРОМКА
БУЧАЛКИ,Buchalki,Бучалки,ЕпифанскомЪ уѣздѣ,Тульскаго Намѣстничества,село," </span><span class=""font0"" style=""font-style:italic;"">село</span><span class=""font0""> Тульскаго Намѣстничества вЪ ЕпифанскомЪ уѣздѣ.Въ ономЪ бываетъ ярмарка Іюня 26; купцы для торговъ пріѣзжаютъ изЪ окрестныхъ городовъ сЪ различными товарами вЪ не большемъ количествѣ.</span>",53.7559,38.77664,"Buchalki, Tula, Russia",RU,RU,http://api.geonames.org/search?username=jaguillette&type=json&name=БУЧАЛКИ
ВАЛДАЙ,Valdai,Валдай,not_in_text,Новогородскаго Намѣстничества,городъ," </span><span class=""font0"" style=""font-style:italic;"">городъ</span><span class=""font0""> Новогородскаго Намѣстничества.Въ ономЪ бываютъ три ярмарки : первая на Свѣтлой недѣлѣ, вторая Октября отЪ 23 по 28, третія вЪ праздникъ Рождества Христова три дни. На оныя пріѣзжаютъ купцы изЪ окрестныхъ городовъ сЪ щепетильными мѣлкими товарами и сЪѢстными припасами.</span>",63.42898,35.51291,"Valday, Kareliya, Russia",RU,RU,http://api.geonames.org/search?username=jaguillette&type=json&name=ВАЛДАЙ
ВАЛКИ,Valki,Валки,not_in_text,Харьковскаго Намѣстничества,городъ," </span><span class=""font0"" style=""font-style:italic;"">городъ</span><span class=""font0""> Харьковскаго Намѣстничества. Здѣсь бываютъ ярмарки Февраля 2, Маія 9, Іюля 27, Сентября 14, Декабря 6. ТоргуютЪ купцы разнымъ мѢлочнымЪ товаромъ, пивомЪ, виномЪ, медомЪ и прочимЪ.</span>",56.1237,44.98357,"Valki, Nizjnij Novgorod, Russia",RU,RU,http://api.geonames.org/search?username=jaguillette&type=json&name=ВАЛКИ
ВАЛУЙКИ,Valuiki,Валуйки,not_in_text,Воронежскаго Намѣстничества,городъ," </span><span class=""font0"" style=""font-style:italic;"">городъ</span><span class=""font0""> Воронежскаго Намѣстничества.Въ ономЪ бываетъ вЪ году ярмарка, называемая Петровская; да вЪ уѢзДѣ вЪ слободахЪ бываютъ ярмарки , вЪ Уразовой семь , вЪ Николаевкѣ четыре , вЪ Погромцѣ пять , вЪ Венделевкѣ три , вЪ Бѣлокуриной двѣ, вЪ Деркулѣ три.</span>",50.2035,38.1067,"Valuyki, Belgorod, Russia",RU,RU,http://api.geonames.org/search?username=jaguillette&type=json&name=ВАЛУЙКИ
ВАРВА,Varva,Варва,ПрилуцкомЪ уѣздѣ,Черниговскаго Намѣстничества,мѣстечко," </span><span class=""font0"" style=""font-style:italic;"">мѣстечко</span><span class=""font0""> Черниговскаго Намѣстничества вЪ ПрилуцкомЪ уѣздѣ.Въ ономЪ бываетъ вЪ году три ярмарки :    первая Маія 9, вторая</span>бываетъ и еженедѣльной торгЪ вЪ среду.",50.49503,32.71968,"Varva, Chernihivs’ka Oblast’, Ukraine",UA,UA,http://api.geonames.org/search?username=jaguillette&type=json&name=ВАРВА
ВАШКА,Vashka,Вашка,МезенскомЪ уѣздѣ,Архангельскаго Намѣстничества,деревня," </span><span class=""font0"" style=""font-style:italic;"">деревня</span><span class=""font0""> Архангельскаго Намѣстничества вЪ МезенскомЪ уѣздѣ. Здѣсь бываетъ небольшая годовая ярмарка вЪ Генварѣ мѣсяцѣ, называемая Мезенская, на которую сЪ Волокопинежской ярмарки нѣкоторая чаешь мѢлочныхЪ товаровъ переходитЪ.</span>",56.88609,39.09981,"Vashka, Jaroslavl, Russia",RU,RU,http://api.geonames.org/search?username=jaguillette&type=json&name=ВАШКА
ВЕЙДЕЛЕВКА,Veidelevka,Вейделевка,вЪ уѣздѣ,Воронежскаго Намѣстничества,слобода," </span><span class=""font0"" style=""font-style:italic;"">слобода</span><span class=""font0""> Воронежскаго Намѣстничества вЪ уѣздѣ города ВалуекЪ.Въ оной бываетъ вЪ году три ярмарки.</span>",50.1521,38.4492,"Veydelevka, Belgorod, Russia",RU,RU,http://api.geonames.org/search?username=jaguillette&type=json&name=ВЕЙДЕЛЕВКА
ВЕЛИКОЕ,Velikoe,Великое,Ростовскомъ уѣздѣ,Ярославскаго Намѣстничества,село," </span><span class=""font0"" style=""font-style:italic;"">село</span><span class=""font0""> Ярославскаго Намѣстничества вЪ Ростовскомъ уѣздѣ.Въ ономЪ бываетъ</span>",59.39947,39.48479,"Velikoye, Vologda, Russia",RU,RU,http://api.geonames.org/search?username=jaguillette&type=json&name=ВЕЛИКОЕ
ВЕРЕЯ,Vereia,Верея,not_in_text,Московской Губерніи,городъ," </span><span class=""font0"" style=""font-style:italic;"">городъ</span><span class=""font0""> Московской Губерніи и Провинціи.Въ ономЪ бываетъ вЪ году одна ярмарка Іюня 23 дня вЪ день Владимерскія Богоматери, и продолжается три дни ; на оную пріѣзжаютъ купцы изЪ Москвы , Тулы , Калуги, Серпухова , Можайска , Боровска и прочихЪ ближнихЪ городовъ; привозятЪ шелковые, бумажные, москотильные и прочіе товары небольшимъ числомъ , а по большей части съѣзжаются крестьяне сЪ льнянымЪ и хрящевымЪ холетомЪ, колесами, лыками и сЪ другимЪ мѣлочнымЪ товаромъ.</span>",51.91059,120.57305,"Nizhnyaya Vereya, Zabaykalsky, Russia",RU,RU,http://api.geonames.org/search?username=jaguillette&type=json&name=ВЕРЕЯ
ВОЕВОДСКОЕ,Voevodskoe,Воеводское,Саранскомъ уѣздѣ,Пензенскаго Намѣстничества,село," </span><span class=""font0"" style=""font-style:italic;"">село</span><span class=""font0""> Пензенскаго Намѣстничества вЪ Саранскомъ уѣздѣ. Здѣсь бываетъ ярмарка вЪ послѣднихъ числахЪ Іюля; привозятъ купцы разные мѣлочные шелковые товары.</span>",53.97332,45.26166,"Voyevodskoye, Mordoviya, Russia",RU,RU,http://api.geonames.org/search?username=jaguillette&type=json&name=ВОЕВОДСКОЕ
ВОЛЧЬЯ,Volch'ia,Волчья,и уѣзду,Харьков скаго Намѣстничества,слобода," </span><span class=""font0"" style=""font-style:italic;"">слобода</span><span class=""font0""> Харьков скаго Намѣстничества и уѣзду. Здѣсь бываютъ ярмарки Сентября 6, Октября 14, Декабря 9, Генваря 27, Марта 9, Маія и, Іюля 24; торгуютъ купцы мѣлочными товарами, виномЪ, пивомЪ, медомЪ и прочимЪ.</span>",54.3146,51.3654,"Volch’ya, Samara, Russia",RU,RU,http://api.geonames.org/search?username=jaguillette&type=json&name=ВОЛЧЬЯ
ВОЛЫНЦЫ,Volyntsy,Волынцы,вЪ уѣздѣ,not_in_text,мѣстечко," </span><span class=""font0"" style=""font-style:italic;"">мѣстечко</span><span class=""font0""> вЪ уѣздѣ города Полотска. Здѣсь бываетъ вЪ году двѣ ярмарки : первая Іюля 24, вторая Октября 1. Купцы пріѣзжаютъ на оныя изЪ сосѢдственныхъ городовъ сЪ разными мѣлочными товарами.</span>",57.80841,45.47827,"Volyntsy, Nizjnij Novgorod, Russia",RU,RU,http://api.geonames.org/search?username=jaguillette&type=json&name=ВОЛЫНЦЫ
ВОЛЬНАЯ,Vol'naia,Вольная,БѢлогородскомъ уѣздѣ,Харьковскаго Намѣстничества,слобода," </span><span class=""font0"" style=""font-style:italic;"">слобода</span><span class=""font0""> Харьковскаго Намѣстничества вЪ БѢлогородскомъ уѣздѣ.Въ оной бываютъ годовыя ярмарки : первая Февраля 2, вЪ день Срѣтенія Господня, вторая Маія 9, вЪ день Чудотворца Николая , третія вЪ десятую пятницу , четвертая Августа 15 дня, вЪ день Успенія. Пріѣзжаютъ на оныя купцы изъ . близЪ лежащихъ городовъ; торгуютъ сукнами, шелковыми, бумажными и набойчатыми товарами , полотномъ , желѣзомъ, посудою и проч.</span>",53.47745,51.31056,"Vol'naya Solyanka, Samara, Russia",RU,RU,http://api.geonames.org/search?username=jaguillette&type=json&name=ВОЛЬНАЯ
ВОРОНЦОВКА,Vorontsovka,Воронцовка,not_in_text,Графа Воронцова вЪ Тамбовскомъ Намѣстничествѣ,село," </span><span class=""font0"" style=""font-style:italic;"">село</span><span class=""font0""> Графа Воронцова вЪ Тамбовскомъ Намѣстничествѣ около слободы Доброй, Здѣсь бываетъ еженедѣльный сЪѢздЪ для торговли; пріѣзжаютъ сюда купцы, но только привозятъ мѣлочные товары.</span>",52.9251,52.2504,"Vorontsovka, Orenburg, Russia",RU,RU,http://api.geonames.org/search?username=jaguillette&type=json&name=ВОРОНЦОВКА
ВЫБОРЪ,"Vybor""",Выборъ,not_in_text,того же Намѣстничества,пригородъ," </span><span class=""font0"" style=""font-style:italic;"">пригородъ</span><span class=""font0""> того же Намѣстничества. Здѣсь бываютъ годовыя ярмарки: первая вЪ день Сошествія Святаго Духа , вторая вЪ день Успенія Богородицы, третія вЪ день Воздвиженія. На оныя пріѣзжаютъ Торопецкіе купцы сЪ мѣлочнымЪ товаромЪ.</span>",49.97137,14.43231,"K Výboru, Praha, Czech Republic",CZ,CZ,http://api.geonames.org/search?username=jaguillette&type=json&name=ВЫБОРЪ
ВЫСОКОЕ,Vysokoe,Высокое,Кашинскомъ уѣздѣ,Тверскаго Намѣстничества,село," </span><span class=""font0"" style=""font-style:italic;"">село</span><span class=""font0""> Тверскаго Намѣстничества вЪ Кашинскомъ уѣздѣ. Въ ономъ бываетъ ярмарка Сентября 8 дня, на которую привозятъ изЪ уѣзду холсты льняные разные, да изЪ городовъ Ярославля , Переславля Залѣскаго и Углича мѣлочные всякіе небогатые товары.</span>",58.34475,35.23576,"Vysokoye, Novgorod, Russia",RU,RU,http://api.geonames.org/search?username=jaguillette&type=json&name=ВЫСОКОЕ
ВЫТЕГРА,Vytegra,Вытегра,not_in_text,Олонецкаго Намѣстничества,городъ," </span><span class=""font0"" style=""font-style:italic;"">городъ</span><span class=""font0""> Олонецкаго Намѣстничества. Здѣсь бываютъ вЪ году четыре ярмарки : первая Февраля 2, вторая Августа 16, третія Октября 1, четвертая 9 Маія. Сіи ярмарки учреждены бывшимъ Господиномъ НовогороДскимЪ Губернаторомъ Сиверсомъ.</span>",61.00636,36.44811,"Vytegra, Vologda, Russia",RU,RU,http://api.geonames.org/search?username=jaguillette&type=json&name=ВЫТЕГРА
ВЯЗНИКИ,Viazniki,Вязники,not_in_text,Володимерскаго Намѣстничества,городъ," </span><span class=""font0"" style=""font-style:italic;"">городъ</span><span class=""font0""> Володимерскаго Намѣстничества. Здѣсь бываетъ ярмарка вЪ праздникъ казанскія Пресвятыя Богородицы Іюля 3 дня.</span>",54.7838,45.3864,"Vyazniki, Mordoviya, Russia",RU,RU,http://api.geonames.org/search?username=jaguillette&type=json&name=ВЯЗНИКИ
ГАВРИЛОВА,Gavrilova,Гаврилова,Суздальскомъ уѣздѣ,Владимерскаго Намѣстничества,слобода," </span><span class=""font0"" style=""font-style:italic;"">слобода</span><span class=""font0""> Владимерскаго Намѣстничества вЪ Суздальскомъ уѣздѣ. Здѣсь бываетъ кодовая ярмарка Іюля 4 дня; съѣзжаются изъ разныхъ городовъ купцы сЪ мѣлрчными купецкими товарами.</span>",59.18725,54.51645,"Gavrilova, Perm, Russia",RU,RU,http://api.geonames.org/search?username=jaguillette&type=json&name=ГАВРИЛОВА
ГАГАРИНО,Gagarino,Гагарино,Шатскомъ уѣздѣ,Тамбовскаго Намѣстничества,село," </span><span class=""font0"" style=""font-style:italic;"">село</span><span class=""font0""> Тамбовскаго Намѣстничества вЪ Шатскомъ уѣздѣ. Бываетъ здѣсь годовая ярмарка на десятой недѣлѣ по Пасхѣ вЪ пятницу; торгуютъ холстомЪ , пенькою , шерстью и прочими мѣлочьми.</span>",65.56241,33.77288,"Gagarino, Kareliya, Russia",RU,RU,http://api.geonames.org/search?username=jaguillette&type=json&name=ГАГАРИНО
ГАДЯЧЬ,Gadiach',Гадячь,not_in_text,Черниговскаго Намѣстничества,городъ," </span><span class=""font0"" style=""font-style:italic;"">городъ</span><span class=""font0""> Черниговскаго Намѣстничества.Въ ономъ бываетъ вЪ году четыре ярмарки: первая Генваря 6, вЪ день Св. Богоявленія, вторая Апрѣля 23, вЪ день Св. Великомученика Георгія, третія Іюня 29, вЪ день Св. Апостоловъ Петра и Павла, четвертая Октября 14, вЪ день Преподобныя Параскевы. На оныхъ ярмаркахъ и вЪ торговые еженедѣльные дни торгуютъ хлѣбомъ, медомЪ, воскомЪ, табакомъ , саломЪ, волною , горячимъ виномЪ , лошадьми, рогатымъ скотомъ, овцами и прочею мѣлочью.</span>",50.37112,33.99099,"Hadyach, Poltava, Ukraine",UA,UA,http://api.geonames.org/search?username=jaguillette&type=json&name=ГАДЯЧЬ
ГЕРМАНОВА,Germanova,Германова,Пошехонскомъ уѣздѣ,того же Намѣстничества,слобода," </span><span class=""font0"" style=""font-style:italic;"">слобода</span><span class=""font0""> того же Намѣстничества въ Пошехонскомъ уѣздѣ. Здѣсь бываетъ годовая ярмарка вЪ Никольскую пятницу осенью , и продолжается два дни.</span>",52.5494,28.5717,"Chervonnaya Sloboda, Gomel Region, Belarus",BY,BY,http://api.geonames.org/search?username=jaguillette&type=json&name=ГЕРМАНОВА
ГЖАТЬ,Gzhat',Гжать,not_in_text,Смоленскаго Намѣстничества,городъ," </span><span class=""font0"" style=""font-style:italic;"">городъ</span><span class=""font0""> Смоленскаго Намѣстничества.Въ семЪ городѣ бываетъ годовая ярмарка , сверхъ каждонедѢльныхЪ торговъ, Іюля 8 дня ; а въ селахЪ бываетъ сЪѢздЪ въ храмовые праздники , и вЪ каждомЪ на одинЪ только тотЪ день.</span>",55.92701,34.53842,"Gzhat’, Smolensk, Russia",RU,RU,http://api.geonames.org/search?username=jaguillette&type=json&name=ГЖАТЬ
ГОЛТВА,Goltva,Голтва,изЪ уѣзду,того же Намѣстничества,городъ," </span><span class=""font0"" style=""font-style:italic;"">городъ</span><span class=""font0""> того же Намѣстничества.Въ ономЪ бываетъ вЪ годЪ четыре ярмарки: первая Генваря 6, другая Іюля 29, третія Августа 6, четвертая Ноября 8; торгуютъ на оныхЪ пріѣзжіе изЪ уѣзду жители разными мѣлочными товарами тамЪ родящимися, какЪ-то хлѢбомЪ, горячимъ виномЪ, разнымъ скотомъ, дегтемъ, овчинами , кожами и прочимЪ; иногда пріѣзжаютъ и Великороссійскіе купцы сЪ краснымъ товаромъ.</span>",49.4202,33.85422,"Goltva, Poltava, Ukraine",UA,UA,http://api.geonames.org/search?username=jaguillette&type=json&name=ГОЛТВА
ГОМЕЛЬ,Gomel',Гомель,БѢлицкомЪ уѣздѣ,Могилевскаго Намѣстничества,мѣстечко," </span><span class=""font0"" style=""font-style:italic;"">мѣстечко</span><span class=""font0""> Могилевскаго Намѣстничества вЪ БѢлицкомЪ уѣздѣ. Здѣсь бываетъ двѣ ярмарки вЪ году.</span>",52.4345,30.9754,"Gomel, Gomel Region, Belarus",BY,BY,http://api.geonames.org/search?username=jaguillette&type=json&name=ГОМЕЛЬ
ГОРИЦЫ,Goritsy,Горицы,КашинскомЪ уѣздѣ,Тверскаго Намѣстничества,село," </span><span class=""font0"" style=""font-style:italic;"">село</span><span class=""font0""> Тверскаго Намѣстничества вЪ КашинскомЪ уѣздѣ.Въ ономЪ торжки бываютъ по вся недѣли по воскреснымъ днямЪ ; товары привозятъ изъ уѣзду холсты льняные разные, да изЪ городовъ Ярославля, Переславля Залѣскаго и Углича пріѣзжаютъ купцы сЪ мѣлочными всякими небогатыми товарами.</span>",59.86949,38.26016,"Goritsy, Vologda, Russia",RU,RU,http://api.geonames.org/search?username=jaguillette&type=json&name=ГОРИЦЫ
ГОРКИ,Gorki,Горки,Оршанскомъ уѣздѣ,Могилевскаго Намѣстничества,мѣстечко," </span><span class=""font0"" style=""font-style:italic;"">мѣстечко</span><span class=""font0""> Могилевскаго Намѣстничества въ Оршанскомъ уѣздѣ. Здѣсь бываютъ вЪ году двѣ ярмарки.</span>",57.63486,45.07495,"Gorki, Nizjnij Novgorod, Russia",RU,RU,http://api.geonames.org/search?username=jaguillette&type=json&name=ГОРКИ
ГОРОДИЩЕ,Gorodishche,Городище,МиргородскомЪ уѣздѣ,того же Намѣстничества,мѣстечко," </span><span class=""font0"" style=""font-style:italic;"">мѣстечко</span><span class=""font0""> того же Намѣстничества вЪ МиргородскомЪ уѣздѣ.Въ ономЪ бываетъ вЪ году четыре ярмарки : первая Маія 6, вторая Августа 1 , третія Октября 1 , четвертая Декабря 6; торгуютъ на оныхЪ пріѣзжіе изЪ уѢздовЪ жители разными мѣлочными товарами, тамЪ родящимися и дѣлающимися, какъто хлѢбомЪ, горячимъ виномЪ, разнымъ скотомъ, дегтемъ, овчинами, кожами и прочимЪ; иногда пріѣзжаютъ и Великороссійскіе купцы сЪ красными товарами. Здѣсь бываютъ и еженедѣльные торги.</span>",59.88891,31.59052,"Gorodishche, Leningrad, Russia",RU,RU,http://api.geonames.org/search?username=jaguillette&type=json&name=ГОРОДИЩЕ
ГОРОДНЯ,Gorodnia,Городня,not_in_text,Черниговскаго Намѣстничества,городъ," или ГОРОДНИЦКЪ , </span><span class=""font0"" style=""font-style:italic;"">городъ</span><span class=""font0""> Черниговскаго Намѣстничества.Въ ономЪ бываетъ вЪ году двѣ ярмарки: первая Іюня 29, вЪ день Святыхъ Апостоловъ Петра и Павла , вторая Октября 14, вЪ день Св. Параскевы ; на оныя и въ субботніе еженедѣльные</span>торжки пріѣзжаютъ окольные жители и торгутъ хлѣбомъ , рыбою , деревянною и глиняною посудою, веревками , лыками </span><span class=""font0"" style=""font-style:italic;"">,</span><span class=""font0""> саньми и ободьемъ ; также пріѣзжаютъ изъ городовъ и сЪ лавочными товарами.",56.7055,36.31793,"Gorodnya, Tverskaya, Russia",RU,RU,http://api.geonames.org/search?username=jaguillette&type=json&name=ГОРОДНЯ
ГРЕМЯЧЬ,Gremiach',Гремячь,Стародубовскомъ уѣздѣ,Новогородскаго - Сѣверскаго Намѣстничества,мѣстечко," </span><span class=""font0"" style=""font-style:italic;"">мѣстечко</span><span class=""font0""> Новогородскаго - Сѣверскаго Намѣстничества вЪ Стародубовскомъ уѣздѣ.Въ ономЪ бываютъ каждонедѣльные торжки, на которые съѣзжаются окольные жители , и торгуютъ разными мѣлочными товарами.</span>",52.33909,33.28757,"Gremyach, Chernihivs’ka Oblast’, Ukraine",UA,UA,http://api.geonames.org/search?username=jaguillette&type=json&name=ГРЕМЯЧЬ
ГРИТЧИНО,Gritchino,Гритчино,КаширскомЪ уѣздѣ,Тульскагу Намѣстничества,село," </span><span class=""font0"" style=""font-style:italic;"">село</span><span class=""font0""> Тульскагу Намѣстничества вЪ КаширскомЪ уѣздѣ. Здѣсь бываетъ ярмарка вЪ день Сошествія Святаго Духа ; а на тое ярмарку товары вЪ продажу привозятся изЪ Каширы, а по близости изЪ</span>Тулы, Серпухова, Венепа и Зарайска по малому числу москотильной мѣлочной и прочіе съѣстные припасы , а паче отъ обывателей уѣздныхЪ вЪ продажѣ бываетъ пенька, медЪ, воскЪ и прочее деревянное издѣлье.",54.60417,38.10556,"Gritchino, Tula, Russia",RU,RU,http://api.geonames.org/search?username=jaguillette&type=json&name=ГРИТЧИНО
ГРУНЬ,Grun',Грунь,Гадяцкомъ уѣздѣ,Черниговскаго Намѣстничества,мѣстечко," </span><span class=""font0"" style=""font-style:italic;"">мѣстечко</span><span class=""font0""> Черниговскаго Намѣстничества вЪ Гадяцкомъ уѣздѣ.Въ ономЪ бываетъ вЪ году три ярмарки: первая въ недѣлю Сырную, вторая вЪ день Сошествія Святаго Духа, третія Сентября 1, вЪ день Св. Симеона Столпника. На оныхъ торгуютъ разнымъ скотомЪ </span><span class=""font0"" style=""font-style:italic;"">,</span><span class=""font0""> хлѣбомъ и съѣстными припасами. Здѣсь также бываетъ недѣльный торгъ вЪ Воскресенье большею частію хлѣбомЪ.</span>",50.70639,34.26474,"Grun', Sumy, Ukraine",UA,UA,http://api.geonames.org/search?username=jaguillette&type=json&name=ГРУНЬ
ГРЯЗНОЕ,Griaznoe,Грязное,АлексинскомЪ уѣздѣ,Тульскаго Намѣстничества,село," КОЛЮПАНОВКА тожь, </span><span class=""font0"" style=""font-style:italic;"">село</span><span class=""font0""> Тульскаго Намѣстничества вЪ АлексинскомЪ уѣздѣ.Въ ономЪ бываешь ярмарка Іюля 8. Здѣсь торгуютъ купцы товарами , до . крестьянъ принадлежащими.</span>",54.0418,39.1179,"Gryaznoye, Rjazan, Russia",RU,RU,http://api.geonames.org/search?username=jaguillette&type=json&name=ГРЯЗНОЕ
ДАГДА,Dagda,Дагда,Динабургскомъ уѣздѣ,Полотскаго Намѣстничества,мѣстечко," </span><span class=""font0"" style=""font-style:italic;"">мѣстечко</span><span class=""font0""> Полотскаго Намѣстничества въ Динабургскомъ уѣздѣ.Въ семъ мѣстѣ бываютъ вЪ году три</span>ярмарки ; торгуютъ Рижскаго Дворца крестьяне разными мѣлсчными товарами , виномЪ и пивомЪ.",56.09512,27.53723,"Dagda, Dagdas Novads, Latvia",LV,LV,http://api.geonames.org/search?username=jaguillette&type=json&name=ДАГДА
ДЕЙМАНОВКА,Deimanovka,Деймановка,Прилуцкомъ уѣздѣ,Черниговскаго Намѣстничества,село," </span><span class=""font0"" style=""font-style:italic;"">село</span><span class=""font0""> Черниговскаго Намѣстничества вЪ Прилуцкомъ уѣздѣ. Бываетъ здѣсь вЪ году двѣ ярмарки, одна о десятой пятницѣ, а другая 2 Іюля, вЪ день Положенія честныя ризы Пресвятыя Богородицы , на коихЪ торгуютъ окольные жители деревенскими произрастѣніями, какъ то хлѣбомъ , разнымъ скотомъ, съѣстными припасами, деревянною посудою и прочею крестьянскою мѣлочью.</span>",50.214,32.62939,"Deymanovka, Poltava, Ukraine",UA,UA,http://api.geonames.org/search?username=jaguillette&type=json&name=ДЕЙМАНОВКА
ДЕРГАЧИ,Dergachi,Дергачи,и уѣзду,Харьковскаго Намѣстничества,слобода," </span><span class=""font0"" style=""font-style:italic;"">слобода</span><span class=""font0""> Харьковскаго Намѣстничества и уѣзду. Здѣсь бываютъ ярмарки Сентября 26, Генваря 1. Торгуютъ купцы разными мѣлочными лавочными товарами , виномЪ , пивомЪ , медомЪ и прочимъ.</span>",51.2328,48.7659,"Dergachi, Saratov, Russia",RU,RU,http://api.geonames.org/search?username=jaguillette&type=json&name=ДЕРГАЧИ
ДМИТРОВКА,Dmitrovka,Дмитровка,not_in_text,Кіевскаго Намѣстничества,село," ОЛЬШАНКА тожь , </span><span class=""font0"" style=""font-style:italic;"">село</span><span class=""font0""> Кіевскаго Намѣстничества около слободы Яб уйена. Бываетъ здѣсь одна годовая ярмарка, на которую купцы пріѣзжаютъ съ разными товарами.</span>",58.08063,36.29001,"Dmitrovka, Tverskaya, Russia",RU,RU,http://api.geonames.org/search?username=jaguillette&type=json&name=ДМИТРОВКА
ДМИТРОВСКАЯ,Dmitrovskaia,Дмитровская,not_in_text,Екатеринославскаго Намѣстничества,крѣпость," </span><span class=""font0"" style=""font-style:italic;"">крѣпость </span><span class=""font0"">Екатеринославскаго Намѣстничества.Въ оной бываетъ вЪ году три ярмарки.</span>",56.25,37.5,"Klinsko-Dmitrovskaya Gryada, , Russia",RU,RU,http://api.geonames.org/search?username=jaguillette&type=json&name=ДМИТРОВСКАЯ
ДОБРАЯ,Dobraia,Добрая,not_in_text,Воронежскаго Намѣстничества,слобода," </span><span class=""font0"" style=""font-style:italic;"">слобода</span><span class=""font0""> Воронежскаго Намѣстничества.Въ сей слободѣ вЪ году бываютъ три небольшія ярмарки: первая 9 Маія, вторая 26 Іюня, третія б Декабря, и продолжаются не болѣе какъ по одному, или по два Дни. Купцы на оныя привозятъ мѣлочные товары.</span>",54.42491,34.58963,"Dobraya, Kaluga, Russia",RU,RU,http://api.geonames.org/search?username=jaguillette&type=json&name=ДОБРАЯ
ДУБОВОЕ,Dubovoe,Дубовое,КозловскомЪ уѣздѣ,Тамбовскаго Намѣстничества,село," </span><span class=""font0"" style=""font-style:italic;"">село</span><span class=""font0""> Тамбовскаго Намѣстничества вЪ КозловскомЪ уѣздѣ. Здѣсь бываетъ годовая ярмарка вЪ день Чудотворца Николая Маія 9, куда пріѣзжаютъ купцы близъ лежащихъ городовъ сЪ разными мѣлочными товарами.</span>",54.01,39.7042,"Dubovoye, Rjazan, Russia",RU,RU,http://api.geonames.org/search?username=jaguillette&type=json&name=ДУБОВОЕ
ДУБРОВКИ,Dubrovki,Дубровки,Саранскомъ уѣздѣ,not_in_text,село," </span><span class=""font0"" style=""font-style:italic;"">село</span><span class=""font0""> Пензенскаго Намѣстничаства въ Саранскомъ уѣздѣ. Здѣсь бываетъ ярмарка вЪ послѣднихъ числахъ Іюля; привозятъ купцы разные мѣлочные шелковые товары.</span>",53.82701,43.31667,"Dubrovki, Penza, Russia",RU,RU,http://api.geonames.org/search?username=jaguillette&type=json&name=ДУБРОВКИ
ДУБРОВНА,Dubrovna,Дубровна,not_in_text,Могилевскаго Намѣстничества,мѣстечко," </span><span class=""font0"" style=""font-style:italic;"">мѣстечко</span><span class=""font0""> Могилевскаго Намѣстничества. Здѣсь бываетъ вЪ году три ярмарки.</span>",48.99009,37.25112,"Dibrivne, Kharkiv, Ukraine",UA,UA,http://api.geonames.org/search?username=jaguillette&type=json&name=ДУБРОВНА
ДУНИЛОВО,Dunilovo,Дунилово,Суздальскомъ уѣздѣ,Владимеркаго Намѣстничества,село," </span><span class=""font0"" style=""font-style:italic;"">село</span><span class=""font0""> Владимеркаго Намѣстничества вЪ Суздальскомъ уѣздѣ. Здѣсь бываетъ ярмарка 1 Октября; пріѣзжаютъ купцы изъ разныхъ городовъ сЪ мѣлочными товарами.</span>",57.75443,38.9303,"Dunilovo, Jaroslavl, Russia",RU,RU,http://api.geonames.org/search?username=jaguillette&type=json&name=ДУНИЛОВО
ДУХОВЩИНА,Dukhovshchina,Духовщина,not_in_text,Смоленскаго Намѣстничества,городѣ," </span><span class=""font0"" style=""font-style:italic;"">городѣ</span><span class=""font0""> Смоленскаго Намѣстничества. Въ ономъ бываютъ двѣ вЪ году ярмарки: первая на первой недѣлѣ великаго поста въ пятницу, вторая Августа 15, въ день</span>успенія Богородицы ; купцы пріѣзжаютъ изЪ близЪ лежащихъ городовъ сЪ разными товарами.",59.66667,33.91667,"Dukhovshchina, Leningrad, Russia",RU,RU,http://api.geonames.org/search?username=jaguillette&type=json&name=ДУХОВЩИНА
ЕКАТЕРИНИНСКАЯ,Ekaterininskaia,Екатерининская,not_in_text,Кіевскаго Намѣстничества,слобода," ХАЛАНЬ тожь, </span><span class=""font0"" style=""font-style:italic;"">слобода</span><span class=""font0""> Кіевскаго Намѣстничества около мѣстечка Яблунева.Въ оной бываютъ три вЪ году ярмарки; купцы на оныя пріѣзжаютъ съ разными товарами.</span>",55.01307,51.06685,"Sloboda Yekaterininskaya, Tatarstan, Russia",RU,RU,http://api.geonames.org/search?username=jaguillette&type=json&name=ЕКАТЕРИНИНСКАЯ
ЕЛАТМА,Elatma,Елатма,not_in_text,Тамбовскаго Намѣстничества,городъ," </span><span class=""font0"" style=""font-style:italic;"">городъ</span><span class=""font0""> Тамбовскаго Намѣстничества. Здѣсь бываютъ каждонедѣльно вЪ субботу торжки, на которые привозятъ съѣстные припасы и мѣлочные товары сторонніе люди и Елатомскіе обыватели.</span>",54.9675,41.75083,"Yelat'ma, Rjazan, Russia",RU,RU,http://api.geonames.org/search?username=jaguillette&type=json&name=ЕЛАТМА
ЕЛНА,Elna,Елна,not_in_text,Смоленскаго Намѣстничества,городъ," </span><span class=""font0"" style=""font-style:italic;"">городъ</span><span class=""font0""> Смоленскаго Намѣстничества. Здѣсь бываетъ вЪ году двѣ ярмарки : первая на первой недѣлѣ великаго поста вЪ пятницу , вторая Іюля 20, вЪ день Пророка Иліи ; купцы пріѣзжаютъ изЪ близЪ лежащихъ городовъ сЪ разными товарами.</span>",42.60031,2.97146,"Elna, Languedoc-Roussillon, France",FR,FR,http://api.geonames.org/search?username=jaguillette&type=json&name=ЕЛНА
ЕПИФАНЬ,Epifan',Епифань,not_in_text,Тульскаго Намѣстничества,городъ," </span><span class=""font0"" style=""font-style:italic;"">городъ</span><span class=""font0""> Тульскаго Намѣстничества.Въ ономЪ бываетъ ярмарка Маія 9, то есть вЪ день Чудотворца Николая. Купцы пріѣзжаютъ изЪ окрестныхъ городовъ сЪ разными не вЪ знатномъ числѣ товарами.</span>",53.82526,38.55181,"Yepifan', Tula, Russia",RU,RU,http://api.geonames.org/search?username=jaguillette&type=json&name=ЕПИФАНЬ
ЕСКЕ,Eske,Еске,БѢжецкомЪ уѣздѣ,Тверскаго Намѣстничества,село," </span><span class=""font0"" style=""font-style:italic;"">село</span><span class=""font0""> Тверскаго Намѣстничества вЪ БѢжецкомЪ уѣздѣ. Здѣсь бываетъ годовая ярмарка; съѣзжаются на оную купцы сЪ мѣлочнымЪ лавочнымЪ товаромъ.</span>",54.7,-8.03333,"Lough Eske, Ulster, Ireland",IE,IE,http://api.geonames.org/search?username=jaguillette&type=json&name=ЕСКЕ
ЖИЗДРА,Zhizdra,Жиздра,not_in_text,Калужскаго Намѣстничества,городъ," </span><span class=""font0"" style=""font-style:italic;"">городъ</span><span class=""font0""> Калужскаго Намѣстничества.Въ немЪ бываетЪ 25 Сентября годовая ярмарка, на которую пріѣзжаютъ изЪ окольныхъ городовъ купцы сЪ шелковыми, бумажными и москотильными товарами.</span>",53.74596,34.73951,"Zhizdra, Kaluga, Russia",RU,RU,http://api.geonames.org/search?username=jaguillette&type=json&name=ЖИЗДРА
ЖУРАВИЧИ,Zhuravichi,Журавичи,СтаробыховскомЪ уѣздѣ,Могилевскаго Намѣстничества,мѣстечко," </span><span class=""font0"" style=""font-style:italic;"">мѣстечко </span><span class=""font0"">Могилевскаго Намѣстничества вЪ СтаробыховскомЪ уѣздѣ. Сюда собираются купцы четыре раза вЪ годЪ на ярмарки.</span>",53.2319,30.5863,"Novyye Zhuravichi, Gomel Region, Belarus",BY,BY,http://api.geonames.org/search?username=jaguillette&type=json&name=ЖУРАВИЧИ
ЗАДУШНОЕ,Zadushnoe,Задушное,вЪ уѣздѣ,Тульскаго Намѣстничества,село," </span><span class=""font0"" style=""font-style:italic;"">село</span><span class=""font0""> Тульскаго Намѣстничества вЪ уѣздѣ города Новосиля.Въ ономЪ селѣ бываетЪ ярмарка вЪ день Сошествія Святаго Духа; купцы торгуютЪ разными мѣлочными товарами.</span>",52.98556,36.98756,"Zadushnoye, Orjol, Russia",RU,RU,http://api.geonames.org/search?username=jaguillette&type=json&name=ЗАДУШНОЕ
ЗАМОШЬЕ,Zamosh'e,Замошье,not_in_text,Вологодскаго Намѣстничества,село," </span><span class=""font0"" style=""font-style:italic;"">село</span><span class=""font0""> Вологодскаго Намѣстничества. Здѣсь всенедѣльно по Воскреснымъ днямЪ бываютъ торжки.</span>",59.8134,36.9342,"Zamosh'ye, Vologda, Russia",RU,RU,http://api.geonames.org/search?username=jaguillette&type=json&name=ЗАМОШЬЕ
ЗАРУБИНО,Zarubino,Зарубино,вЪ уѣздѣ,Иркутскаго Намѣстничества,село," </span><span class=""font0"" style=""font-style:italic;"">село</span><span class=""font0""> Иркутскаго Намѣстничества вЪ уѣздѣ города Киренска. Ярмарка бываетъ здѣсь вЪ Іюнѣ мѣсяцѣ; купцы пріѣзжаютъ изЪ ближнихЪ городовъ сЪ разными мѣлочными товарами; торгуютъ также лошадьми, рогатымЪ скотомъ и прочимЪ.</span>",57.83768,38.45153,"Zarubino, Jaroslavl, Russia",RU,RU,http://api.geonames.org/search?username=jaguillette&type=json&name=ЗАРУБИНО
ЗОЛОТОНОША,Zolotonosha,Золотоноша,not_in_text,Кіевскаго Намѣстничества,городъ," </span><span class=""font0"" style=""font-style:italic;"">городъ</span><span class=""font0""> Кіевскаго Намѣстничества.Въ немЪ бываетЪ вЪ году четыре ярмарки: первая вЪ Ѳомину недѣлю , вторая вЪ день Сошествія Свитаго Духа, третія вЪ день Рождества Богородицы , четвертая Декабря 6. Купцы пріѣзжаютъ на оныя изЪ близЪ лежащихъ городовъ сЪ красными нрамными и прочими товарами , стеклянною и деревянною посудою и мѣлкою изЪ Донскихъ станицЪ рыбою; жители продаютъ рогатой скотЪ, лошадей , хлѣбъ , смолу, горя-</span>чее вино и прочее; привозятЪ также сюда для лродажи жителямЪ Крымскую соль.",52.82588,67.17012,"Zolotonosha, Soltüstik Qazaqstan, Kazakhstan",KZ,KZ,http://api.geonames.org/search?username=jaguillette&type=json&name=ЗОЛОТОНОША
ИВАНОВКА,Ivanovka,Ивановка,и уѣзду,Харьковскаго Намѣстничества,слобода," </span><span class=""font0"" style=""font-style:italic;"">слобода</span><span class=""font0""> Харьковскаго Намѣстничества и уѣзду. Здѣсь бываютъ ярмарки Генваря 1, Апрѣля 22, Іюня Августа 1 , Сентября 1 , Октября 29; торгуютъ купцы мѣлочными товарами, виномЪ, пивомЪ, медомЪ и прочимЪ.</span>",43.96879,132.48331,"Ivanovka, Primorskiy, Russia",RU,RU,http://api.geonames.org/search?username=jaguillette&type=json&name=ИВАНОВКА
ИВАНОВО,Ivanovo,Иваново,СуздальскомЪ уѣздѣ,Владимерскаго Намѣстничества,село," </span><span class=""font0"" style=""font-style:italic;"">село</span><span class=""font0""> Владимерскаго Намѣстничества вЪ СуздальскомЪ уѣздѣ. Здѣсь бываетъ годовая ярмарка Сентября 14 дня, на которой разныхъ городовъ купцы торгуютъ разными мѣлочными купеческими товарами.</span>",56.99719,40.97139,"Ivanovo, Ivanovo, Russia",RU,RU,http://api.geonames.org/search?username=jaguillette&type=json&name=ИВАНОВО
ИВАНОВСКОЕ,Ivanovskoe,Ивановское,not_in_text,Калужскаго Намѣстничества,село," </span><span class=""font0"" style=""font-style:italic;"">село</span><span class=""font0""> Калужскаго Намѣстничества близЪ города Малаго Ярославца. Здѣсь бываетъ годовая ярмарка Іюня 24 дня, на которую собираются купцы изЪ Малаго Ярославца и изЪ Боровскаа, торгуютъ мѣлочными крестьянскими товарами.</span>",55.76667,37.83333,"Ivanovskoye, Moscow, Russia",RU,RU,http://api.geonames.org/search?username=jaguillette&type=json&name=ИВАНОВСКОЕ
ИВАНОВЦЫ,Ivanovtsy,Ивановцы,not_in_text,Екатеринославскаго Намѣстничества,шанцъ," </span><span class=""font0"" style=""font-style:italic;"">шанцъ</span><span class=""font0""> Екатеринославскаго Намѣстничества.Въ ономЪ бываютъ вЪ году двѣ ярмарки.</span>",59.43028,50.96139,"Ivanovtsy, Kirov, Russia",RU,RU,http://api.geonames.org/search?username=jaguillette&type=json&name=ИВАНОВЦЫ
ИВИЦА,Ivitsa,Ивица,КороченскомЪ уѣздѣ,Курскаго Намѣстничества,слобода," </span><span class=""font0"" style=""font-style:italic;"">слобода</span><span class=""font0""> Курскаго Намѣстничества вЪ КороченскомЪ уѣздѣ.Въ оной бываетъ вЪ году двѣ ярмарки: первая</span>",50.69404,37.19915,"Ivitsa, Belgorod, Russia",RU,RU,http://api.geonames.org/search?username=jaguillette&type=json&name=ИВИЦА
ИГРИЩИ,Igrishchi,Игрищи,и уѣзду,Ярославскаго Намѣстничества,село," </span><span class=""font0"" style=""font-style:italic;"">село</span><span class=""font0""> Ярославскаго Намѣстничества и уѣзду.Въ семЪ селѣ бываетъ годовая ярмарка вЪ Сентябрѣ мѣсяцѣ ; съѣзжаются купцы изЪ ближ-</span>нихЪ городовъ, какЪ - то Ярославля, Ростова , Романова , Углича , Борисоглѣбска , Рыбнаго , Мологи и слободы Норской.",57.29991,40.81856,"Igrishchi, Ivanovo, Russia",RU,RU,http://api.geonames.org/search?username=jaguillette&type=json&name=ИГРИЩИ
ИГУМНОВО,Igumnovo,Игумново,КаширскомЪ уѣздѣ,Тульскаго Намѣстничества,село," </span><span class=""font0"" style=""font-style:italic;"">село</span><span class=""font0""> Тульскаго Намѣстничества вЪ КаширскомЪ уѣздѣ. Здѣсь бываетъ ярмарка о десятой и одинадцатой пятницахъ ; на оныя ярмарки товары привозятся изЪ Каширы</span><span class=""font0"" style=""font-style:italic;"">,</span><span class=""font0""> Тулы , Серпухова, Венева и изЪ Зарайска по малому числу москотильные мѣлочные и прочіе, также съѣстные припасы ; отЪ обывателей уѢздныхЪ вЪ продажѣ бываетъ пенька , медЪ , воскЪ и всякое издѣлье.</span>",58.4856,50.59143,"Igumnovo, Kirov, Russia",RU,RU,http://api.geonames.org/search?username=jaguillette&type=json&name=ИГУМНОВО
ИЗМАЙЛОВО,Izmailovo,Измайлово,АрсамазскомЪ уѣздѣ,Нижегородскаго Намѣстничества,село," </span><span class=""font0"" style=""font-style:italic;"">село</span><span class=""font0""> Нижегородскаго Намѣстничества вЪ АрсамазскомЪ уѣздѣ.Въ ономЪ бываетъ одна вЪ г Ду ярмарка.</span>",55.78677,37.80165,"Izmaylovo, Moskovskaya, Russia",RU,RU,http://api.geonames.org/search?username=jaguillette&type=json&name=ИЗМАЙЛОВО
ИЛЬИНСКОЕ,Il'inskoe,Ильинское,КаширскомЪ уѣздѣ,Тульскаго Намѣстничества,село," </span><span class=""font0"" style=""font-style:italic;"">село</span><span class=""font0""> Тульскаго Намѣстничества вЪ КаширскомЪ уѣздѣ. Здѣсь бываютъ торжки каждонедѣльно вЪ пятничные дни ; товары на оные привозятЪ изЪ уѣзда холсты льняные разные, да изЪ городовъ Ярославля, Переславля Залѣснаго и Углича пріѣзжаютъ купцы сЪ мѣлочными всякими небогатыми товарами.</span>",54.23942,35.68228,"Ильинское, Kaluga, Russia",RU,RU,http://api.geonames.org/search?username=jaguillette&type=json&name=ИЛЬИНСКОЕ
ИНСАРА,Insara,Инсара,not_in_text,Пензенскаго Намѣстничества,городъ," </span><span class=""font0"" style=""font-style:italic;"">городъ</span><span class=""font0""> Пензенскаго Намѣстничества.Въ семъ городѣ бываетъ вЪ году одна ярмарка, называемая Троицкая</span><span class=""font0"" style=""font-style:italic;""><sub> </span><span class=""font0""></sub>на которую пріѣзжаютъ купцы изЪ близЪ лежащихъ гою довЪ сЪ недорогими товарами.</span>",27.19678,2.47913,"In Salah, Tamanghasset, Algeria",DZ,DZ,http://api.geonames.org/search?username=jaguillette&type=json&name=ИНСАРА
ИСА,Isa,Иса,not_in_text,вЪ Саратовскомъ Намѣстничествѣ,село," </span><span class=""font0"" style=""font-style:italic;"">село</span><span class=""font0""> вЪ Саратовскомъ Намѣстничествѣ и уѣзды.Въ ономЪ, сверхъ еженедѣльнаго торгу; бываетъ ярмарка Августа 1 дня, купцы на оную товары привозятъ шелковые и прочіе мѣлочные.</span>",26.17361,50.54778,"Madīnat ‘Īsá, Northern, Bahrain",BH,BH,http://api.geonames.org/search?username=jaguillette&type=json&name=ИСА
ИСЕТСКАЯ,Isetskaia,Исетская,вЪ уѣздѣ,уфимскаго Намѣстничества,слобода," </span><span class=""font0"" style=""font-style:italic;"">слобода</span><span class=""font0""> уфимскаго Намѣстничества вЪ уѣздѣ города Челябинска. БываютЪ здѣсь ярмарки на десятой недѣлѣ по Пасхѣ и Октября 23 дня ; торгуютЪ мѣлочными товарами.</span>",56.5628,65.4031,"Isetskaya Baza Zagotskot, Tjumen, Russia",RU,RU,http://api.geonames.org/search?username=jaguillette&type=json&name=ИСЕТСКАЯ
КАДИНЪ,"Kadin""",Кадинъ,МстиславскомЪ уѣздѣ,Могилевскаго Намѣстничества,мѣстечко," </span><span class=""font0"" style=""font-style:italic;"">мѣстечко</span><span class=""font0""> Могилевскаго Намѣстничества вЪ МстиславскомЪ уѣздѣ.Въ ономЪ бываетъ одна ярмарка вЪ году.</span>",11.7296,29.9192,"Kadinu ‘Andu, Southern Kordofan, Sudan",SD,SD,http://api.geonames.org/search?username=jaguillette&type=json&name=КАДИНЪ
КАЛИБЕРДА,Kaliberda,Калиберда,not_in_text,Екатеринославскаго Намѣстничества,мѣстечко," или КЕЛЕБЕРДА, </span><span class=""font0"" style=""font-style:italic;"">мѣстечко</span><span class=""font0""> Екатеринославскаго Намѣстничества.Въ ономЪ бываютъ вЪ году три ярмарки.</span>",48.96564,33.70805,"Keleberda, Poltava, Ukraine",UA,UA,http://api.geonames.org/search?username=jaguillette&type=json&name=КАЛИБЕРДА
КАЛИНКИНО,Kalinkino,Калинкино,not_in_text,Тамбовскаго Намѣстничества,село," </span><span class=""font0"" style=""font-style:italic;"">село</span><span class=""font0""> Тамбовскаго Намѣстничества около слободы Доброй. Бываетъ здѣсь вЪ году ярмарка Іюля 20, на которую пріѣзжаютЪ купцы сЪ разными мѣлочными товарами.</span>",54.9244,85.7742,"Kalinkino, Kemerovo, Russia",RU,RU,http://api.geonames.org/search?username=jaguillette&type=json&name=КАЛИНКИНО
КАМЕНКА,Kamenka,Каменка,вЪ уѣздѣ,Харьковскаго Намѣстничества,слобода," </span><span class=""font0"" style=""font-style:italic;"">слобода</span><span class=""font0""> Харьковскаго Намѣстничества вЪ уѣздѣ города Изюма.Въ оной бываетъ вЪ году четыре ярмарки: первая ьЪ день Алексія человѣка Божія , вторая вЪ день Великомученика Георгія, третія и четвертая во дни Николая Чудотворца лѣтняго и зимняго. На оныя купцы пріѣзжаютъ изЪ разныхъ Россійскихъ городовъ сЪ шелковыми , бумажными , шерстяными товарами и прочимЪ.</span>",44.45865,136.01403,"Kamenka, Primorskiy, Russia",RU,RU,http://api.geonames.org/search?username=jaguillette&type=json&name=КАМЕНКА
КАМЫШНЯ,Kamyshnia,Камышня,Миргородскомъ уѣздѣ,Кіевскаго Настничества,мѣстечко," или КОМЫШНЯ , </span><span class=""font0"" style=""font-style:italic;"">мѣстечко</span><span class=""font0""> Кіевскаго Настничества вЪ Миргородскомъ уѣздѣ.Въ ономЪ бываетъ вЪ году три ярмарки: первая вЪ недѣлю Ваій , вторая вЪ десятую послѣ Свѣтлаго Воскресенія пятницу , третія 26 Октября , вЪ день Св. Димитрія. На оныхЪ торгуютъ рогатымЪ скотомЪ и лошадьми, а на еженедѣльныхъ вЪ понедѣльникъ и пятницу торгахъ торгуютъ пріѣзжіе изЪ окольныхъ мѣстЪ хлѣбомЪ и сЪѢстными припасами.</span>",50.18359,33.68269,"Kamyshnya, Poltava, Ukraine",UA,UA,http://api.geonames.org/search?username=jaguillette&type=json&name=КАМЫШНЯ
КАРЛОВКА,Karlovka,Карловка,not_in_text,Екатеринославскаго Намѣстничества,мѣстечко," </span><span class=""font0"" style=""font-style:italic;"">мѣстечко</span><span class=""font0""> Екатеринославскаго Намѣстничества.Въ ономЪ бываютъ вЪ году три ярмарки.</span>",51.8004,49.515,"Karlovka, Saratov, Russia",RU,RU,http://api.geonames.org/search?username=jaguillette&type=json&name=КАРЛОВКА
КАРМЪ,"Karm""",Кармъ,вЪ уѣздѣ,Могилевскаго Намѣстничества,мѣстечко," </span><span class=""font0"" style=""font-style:italic;"">мѣстечко</span><span class=""font0""> Могилевскаго Намѣстничества вЪ уѣздѣ  города Рогачева. Здѣсь бываетъ вЪ году четыре ярмарки: первая Маія 9, вторая Августа 15, третія Октября 1, четвертая Ноября 1 дня.</span>",59.45694,24.93611,"Kärmu, Harju, Estonia",EE,EE,http://api.geonames.org/search?username=jaguillette&type=json&name=КАРМЪ
КАРОЧА,Karocha,Кароча,not_in_text,Курскаго Намѣстничества,городъ," или КОРОЧА , </span><span class=""font0"" style=""font-style:italic;"">городъ</span><span class=""font0""> Курскаго Намѣстничества.Въ ономЪ, кромѣ еженедѣльныхъ двухЪ торговъ , бываетъ шесть годовыхъ ярмарокъ: первая вЪ день Рождества Богородицы , вторая вЪ зимній НиколинЪ день, третія вЪ Новой годЪ, четвертая весною вЪ НиколинЪ же день , пятая Іюля 8 числа, шестая вЪ УспеньевЪ день. На оныхЪ торгуютъ купцы мѣлкими красными раз-</span>ными товарами, а обыватели хлѢбомЪ , щетиною и посконнымЪ холстомЪ.",46.52639,18.98583,"Kalocsa, Bács-Kiskun, Hungary",HU,HU,http://api.geonames.org/search?username=jaguillette&type=json&name=КАРОЧА
КАРПОВКА,Karpovka,Карповка,ДонковскомЪ уѣздѣ,Рязанскаго Намѣстничества,село," АРХАНГЕЛЬСКОЕ тожь, </span><span class=""font0"" style=""font-style:italic;"">село</span><span class=""font0""> Рязанскаго Намѣстничества вЪ ДонковскомЪ уѣздѣ. Здѣсь бываютъ вЪ году двѣ ярмарки: первая вЪ день Архангела Михаила Ноября 8, вторая вЪ день Чудотворца Николая </span><span class=""font0"" style=""font-style:italic;"">,</span><span class=""font0""> Декабря 6; пріѢзжаютЪ сюда купцы и крестьяне сЪ разными мѣлочными товарами.</span>",55.56504,57.56125,"Karpovka, Bashkortostan, Russia",RU,RU,http://api.geonames.org/search?username=jaguillette&type=json&name=КАРПОВКА
КЕМАРЫ,Kemary,Кемары,АрсамазскомЬ уѣздѣ,Нижегородскаго Намѣстничества,село," </span><span class=""font0"" style=""font-style:italic;"">село</span><span class=""font0""> Нижегородскаго Намѣстничества вЪ АрсамазскомЬ уѣздѣ. Здѣсь бываетъ одна вЪ году ярмарка.</span>",55.52369,44.64981,"Bol’shiye Kemary, Nizjnij Novgorod, Russia",RU,RU,http://api.geonames.org/search?username=jaguillette&type=json&name=КЕМАРЫ
КЕСМЕ,Kesme,Кесме,вЪ уѣздѣ,Тверскаго Намѣстничества,село," </span><span class=""font0"" style=""font-style:italic;"">село</span><span class=""font0""> Тверскаго Намѣстничества вЪ уѣздѣ города Бѣжецка. Здѣсь бываетъ одна годовая ярмарка; съѣзжаются на оную купцы сЪ мѢлочнымЪ лавочнымЪ товаромъ.</span>",39.43507,38.27253,"Kesme, Sivas, Turkey",TR,TR,http://api.geonames.org/search?username=jaguillette&type=json&name=КЕСМЕ
КЕСОВА ГОРА,Kesova gora,Кесова гора,и уѣзду,того же Намѣстничества,село," </span><span class=""font0"" style=""font-style:italic;"">село</span><span class=""font0""> того же Намѣстничества и уѣзду. Здѣсь бываетъ на 24 число Іюня ярмарка, на которую отЪ уѣздныхЪ обывателей привозится всякой хлѢбЪ и прочіе сырейные и сЪѢстные товары ; а изЪ прочихЪ городовъ обыватели пріѣзжаютъ сюда сЪ мѣлочными товарами.</span>",57.58361,37.29222,"Kesova Gora, Tverskaya, Russia",RU,RU,http://api.geonames.org/search?username=jaguillette&type=json&name=КЕСОВА ГОРА
КИМРЫ,Kimry,Кимры,КашинскомЪ уѣздѣ,того же Намѣстничества,село," </span><span class=""font0"" style=""font-style:italic;"">село</span><span class=""font0""> того же Намѣстничества вЪ КашинскомЪ уѣздѣ. Здѣсь бываетъ по вся недѣли торгЪ вЪ понедѢльникЪ ; товары привозятЪ изЪ уѣзду холсты льняные разные , да изЪ городовъ Ярославля , Переславля Залѣснаго и Углича мѣлочные всякіе небогатые товары.</span>",56.86667,37.35,"Kimry, Tverskaya, Russia",RU,RU,http://api.geonames.org/search?username=jaguillette&type=json&name=КИМРЫ
КИНЕШМА,Kineshma,Кинешма,not_in_text,того же Намѣстничества,городъ," </span><span class=""font0"" style=""font-style:italic;"">городъ</span><span class=""font0""> того же Намѣстничества. Здѣсь бываетъ годовая ярмарка на Воздвиженіе честнаго Креста Сентября сЪ 14 по 25 число; на оную ярмарку пріѢзжаютЪ купцы изЪ Москвы, Ярославля, Костромы , Нижняго Новагорода</span><span class=""font0"" style=""font-style:italic;"">, </span><span class=""font0"">и привозятЪ на продажу сукна, разныя шелковыя матеріи, серебреную и оловянную посуду и всякіе мѣлочные товары, также рыбу и овощъ.</span>",57.43914,42.12894,"Kineshma, Ivanovo, Russia",RU,RU,http://api.geonames.org/search?username=jaguillette&type=json&name=КИНЕШМА
