,lat_x,hgr_id,name,name_modern_sp,result_placename,searched_placename,admin1,country_name,lat_y,lng,src_id,country_code,url,src,ru_prov,prov_modern_sp,prov_stem,ru_uezd,page,text,_type
13,1,10,АЛЕКСИНЪ,АЛЕКСИН,Aleksin,АЛЕКСИН,Tula,Russia,54.50503,37.0674,582750,RU,http://api.geonames.org/search?name=%D0%90%D0%9B%D0%95%D0%9A%D0%A1%D0%98%D0%9D&type=json&username=jaguillette&east=39.6827&north=55.0867&featureClass=P&west=35.5421&south=52.8329,geonames,Тульскаго Намѣстничества,Тульского Наместничества,тульск,not_in_text,11,город Тульского Наместничества Здесь бывают две в году ярмарки первая Июля 1 вторая Августа 29 дня На оные приезжают с разными москотильными товарами,городъ
60,1,14,АНАЕВО,АНАЕВО,Anayevo,АНАЕВО,Mordoviya,Russia,54.2354,42.5668,582140,RU,http://api.geonames.org/search?name=%D0%90%D0%9D%D0%90%D0%95%D0%92%D0%9E&type=json&username=jaguillette&east=45.433333&north=56.716667&featureClass=P&west=37.433333&south=48.716667,geonames,Тамбовскаго Намѣстничества,Тамбовского Наместничества,тамбовск,not_in_text,11,"село Тамбовского Наместничества около посада Кадома здесь одна бывает ярмарка в году на которую приезжают купцы из ближних городовъс шелковыми ,  бумажными и другими медочными товарами",село
88,1,21,АРХАНГЕЛЬСКЪ,АРХАНГЕЛЬСК,Arkhangelsk,АРХАНГЕЛЬСК,Arkhangelskaya,Russia,64.5401,40.5433,581049,RU,http://api.geonames.org/search?name=%D0%90%D0%A0%D0%A5%D0%90%D0%9D%D0%93%D0%95%D0%9B%D0%AC%D0%A1%D0%9A&type=json&username=jaguillette&east=58.6121673584&north=70.1894276115&featureClass=P&west=27.4506621361&south=60.3600075373,geonames,Архангельскъ Намѣстничества,Архангельск Наместничества,архангельск,not_in_text,12,"главный город Наместничества сего имени В нем бывает каждой год ярмарка ,  которая начинается в Маие месяце с приходом из Россия барок а из за моря кораблей прямая же или валовая начинается всегда в Июне а оканчивается в первых числах Октября ;  на ней бывает торговля ме-жду иностранными и Российскими купцами Российскими и иностранными товарами ,  продолжающаяся во время мореплавания на которую ярмарку иностранные купцы всякие иностранные товары чрез море на кораблях из чужих краев к Архангельскому порту привозят а Российские в те места отпускают всякие привозимые чрез верховые города водою и сухим путем Российские Китайские Персидские Турецкие и прочие Азиатские и другие иностранные товары для народного употребления а не в отвоз в чужие край а именно же привозимые вина Французския Португальския Гишпанския и Немецкия лучшия и ординарные ром уксус водка венгерская еликсир ,  винной камень ,  сукна Голландския ,  Аглинския ,  Гамбурския Шлезския и прочия лучшия и ординарные лоскутья и покроми суконные ,  стамеды ,  штофы и прочия тому подобные шерстяные материи ;  штофы и прочия шелковые и полушелковые парчи и ленты ,  выбойки ,  полотна Голландския олово в блюдах и торелках и прочих медочах ,  прутовое и в слитках ,  свинец железо листовое ,  иглы ,  ножи ,  вилки ,  ножницы и прочие железные товары квасцы ртуть сера горючая ,  шелак шпиатер масло деревянное винные ягоды ,  изюм ,  коринка ,  смоквы чернослив ядры мигдальные ,  кофе ,  чай ,  перец ,  орешки чернильные ,  сандал сахар лимоны померанцы и прочие фрукты свежие и в вине гвоздика корица и прочия пряные зелья ;  канфара ладон росной и простой из гумми разных сортов посуда стеклянная ценинная и каменая ,  стеклы окончинные и бутылки ,  сыры ,  патока черная пшено сорочинское ,  светильня бумажная бобры выдры лисицы краски ,  консель брусковая киноварь оринак чулки шелковые и шерстяные ,  также и прочие отпускные ,  как - то хлеб ,  семя льняное сало говяжье и ворванная смола юфть железо полосное и гвозди железные ,  пенька лене ,  рогожии кульки рогожные ;  щетина ,  канаты и веревки пеньковые и пакальные ,  пряжа канатная воск гривы конския ,  кости ,  кожи моржевые ,  мыло ;  мягкая рухлядь ,  куницы ,  горнаcтаи ,  россомахи ,  белки ,  песцы зайчины ,  мехи бельи и заячьи ,  кожи медвежьи кошечьи и волчьи полотна гладкия и салфеточные широкия и узкия и брань уездной работы Фламския парусные и равендук холст ,  хрящ посуда деревянная свечи сальные языки говяжьи копченые губа лиственная ,  клей Сибирской кожи подошевные и ворванные сукна сермяжные и чирковые туфли чаи жулан и простой бадьян масло коровье льняное и конопляное мед сырец рога оленьи ,  мясо говяжье соленое ,  семга соленая ,  пряники медовые",главный городъ
92,1,24,АСТРАХАНЬ,АСТРАХАНЬ,Astrakhan,АСТРАХАНЬ,Astrakhan,Russia,46.34968,48.04076,580497,RU,http://api.geonames.org/search?name=%D0%90%D0%A1%D0%A2%D0%A0%D0%90%D0%A5%D0%90%D0%9D%D0%AC&type=json&username=jaguillette&east=55.07&north=52.05&featureClass=P&west=41.38&south=43.76,geonames,Кавказскаго Намѣстничества,Кавказского Наместничества,кавказск,not_in_text,14,город Кавказского Наместничества В сем городе бывает ярмарка каждолетно Российские купцы Армяне и Татары торгуют с Персианами Армянами Индейцами и прочими разными Европейскими и Азиатскими товарами,городъ
93,1,25,АТЕМАРЪ,АТЕМАР,Atemar,АТЕМАР,Mordoviya,Russia,54.18097,45.40909,580432,RU,http://api.geonames.org/search?name=%D0%90%D0%A2%D0%95%D0%9C%D0%90%D0%A0&type=json&username=jaguillette&east=46.7277&north=54.837&featureClass=P&west=41.8373&south=52.3247,geonames,Пензенскаго Намѣстничества,Пензенского Наместничества,пензенск,Саранскомъ уѣздѣ,14,село Пензенского Наместничества в Саранском уезде Здесь бывает ярмарка в последних числах Июля месяца привозят купцы разные мелочные шелковые товары,село
94,1,26,АТКАРСКЪ,АТКАРСК,Atkarsk,АТКАРСК,Saratov,Russia,51.87185,45.00775,580420,RU,http://api.geonames.org/search?name=%D0%90%D0%A2%D0%9A%D0%90%D0%A0%D0%A1%D0%9A&type=json&username=jaguillette&east=51.36&north=53.18&featureClass=P&west=40.3&south=48.45,geonames,Саратовскаго Намѣстничества,Саратовского Наместничества,саратовск,not_in_text,14,"город Саратовского Наместничества здесь в городе бывает еженедельной торг а в округ оного в некоторым селениях на речке Терсе и Болонде торж-к и где производятся продажи ,  также как и в других сей Губернии местах",городъ
95,1,27,АХТЫРКА,АХТЫРКА,Okhtyrka,АХТЫРКА,Sumy,Ukraine,50.31036,34.89879,713749,UA,http://api.geonames.org/search?name=%D0%90%D0%A5%D0%A2%D0%AB%D0%A0%D0%9A%D0%90&type=json&username=jaguillette&east=38.2875&north=51.5689&featureClass=P&west=33.5563&south=48.4869,geonames,Харьковскаго Намѣстничества,Харьковского Наместничества,харьковск,not_in_text,15,"город Харьковского Наместничества в нем бывает четыре ярмарки первая о всеедной неделе вторая Маия 9 третия Июля четвертая Октября 28 дня купцы приезжают из раз ных городов привозят парчи ,  шелковые материи и серебро в деле торгуют также скотом ,  лошадьми и прочим",городъ
108,1,31,БАРЫШЕВКА,БАРЫШЕВКА,Baryshivka,БАРЫШЕВКА,Kiev,Ukraine,50.36098,31.32173,712787,UA,http://api.geonames.org/search?name=%D0%91%D0%90%D0%A0%D0%AB%D0%A8%D0%95%D0%92%D0%9A%D0%90&type=json&username=jaguillette&east=34.35625&north=51.49413&featureClass=P&west=29.72503&south=49.08008,geonames,Кіевскаго Намѣстничества,Киевского Наместничества,киевск,Переяславскомъ уѣздѣ,15,"местечко Киевского Наместничества в Переяславском уезде В оном бывают в году три ярмарки первая Генваря 1 вторая Маия 9 третия Сентября 11 чисел на которых купцы торгуют разными мелочными товарами и привозимою из Донских станиц мелкою рыбою а жители продают рогатой скот лошадей хлеб смолу ,  горячее вино и Крымскую соль",мѣстечко
115,1,34,БАТУРИНЪ,БАТУРИН,Baturyn,БАТУРИН,Chernihiv,Ukraine,51.34567,32.87794,712745,UA,http://api.geonames.org/search?name=%D0%91%D0%90%D0%A2%D0%A3%D0%A0%D0%98%D0%9D&type=json&username=jaguillette&east=37.266667&north=55.983333&featureClass=P&west=29.266666999999998&south=47.983333,geonames,Новогородскаго - Сѣверскаго Намѣстничества,Новогородского - Северского Наместничества,новогородского - северск,Нѣжинскомъ уѣздѣ,16,местечко Новогородского - Северского Наместничества в Нежинском уезде Здесь бывает в году четыре ярмарки,мѣстечко
120,1,38,БЕРЕЗНИКИ,БЕРЕЗНИКИ,Bereznyaki,БЕРЕЗНИКИ,Saratov,Russia,51.74309,46.6978,577181,RU,http://api.geonames.org/search?name=%D0%91%D0%95%D0%A0%D0%95%D0%97%D0%9D%D0%98%D0%9A%D0%98&type=json&username=jaguillette&east=51.36&north=53.18&featureClass=P&west=40.3&south=48.45,geonames,Саратовскомъ Намѣстничества,Саратовском Наместничества,саратовск,Саратовскомъ уѣздѣ,16,село в Саратовском Наместничестве и уезде Здесь бывает ярмарка в последних числах Июля привозят на оную купцы разные мелочные шелковые товары,село
126,1,43,БИЛЯРСКЪ,БИЛЯРСК,Bilyarsk,БИЛЯРСК,Tatarstan,Russia,54.98358,50.38671,576342,RU,http://api.geonames.org/search?name=%D0%91%D0%98%D0%9B%D0%AF%D0%A0%D0%A1%D0%9A&type=json&username=jaguillette&east=53.114444&north=59.790833&featureClass=P&west=45.114444&south=51.790833,geonames,Казанскаго Намѣстничества,Казанского Наместничества,казанск,not_in_text,17,пригород Казанского Наместничества Каждую неделю в один назначенной день бывает здесь базар куда съезжаются жители всех около лежащих мест привозят на торжище все свои домашния рукоделия коими они избыточествуют Для купцов на торг сей приезжающих сделано несколько деревянных лавок в которых продают они все нужное для земледельцев,пригородъ
127,1,44,БИРЖА,БИРЖА,Birži,БИРЖА,Jēkabpils Rajons,Latvia,56.4063,25.77221,460941,LV,http://api.geonames.org/search?name=%D0%91%D0%98%D0%A0%D0%96%D0%90&type=json&username=jaguillette&east=32.8&north=59.483333&featureClass=P&west=24.8&south=51.483333,geonames,Полотскаго Намѣстничества,Полотского Наместничества,полотск,Динабургскомъ уѣздѣ,17,"местечко Полотского Наместничества в Динабургском уезде В сем месте бывает в году одна ярмарка торгуют Рижского дворца крестьяне разными мелочными товарами ,  вином и пивом",мѣстечко
130,1,46,БОБРОВИЦА,БОБРОВИЦА,Bobrovytsya,БОБРОВИЦА,Chernihiv,Ukraine,50.74693,31.3948,711999,UA,http://api.geonames.org/search?name=%D0%91%D0%9E%D0%91%D0%A0%D0%9E%D0%92%D0%98%D0%A6%D0%90&type=json&username=jaguillette&east=34.35625&north=51.49413&featureClass=P&west=29.72503&south=49.08008,geonames,Кіевскаго Намѣстничества,Киевского Наместничества,киевск,Кіевскаго уѣздѣ,18,местечко Киевского Наместничества и уезду В оном местечке бывает в году две ярмарки,мѣстечко
139,1,52,БОГОДУХОВЪ,БОГОДУХОВ,Bohodukhiv,БОГОДУХОВ,Kharkiv,Ukraine,50.16466,35.52765,711894,UA,http://api.geonames.org/search?name=%D0%91%D0%9E%D0%93%D0%9E%D0%94%D0%A3%D0%A5%D0%9E%D0%92&type=json&username=jaguillette&east=38.2875&north=51.5689&featureClass=P&west=33.5563&south=48.4869,geonames,Харьковскаго Намѣстничества,Харьковского Наместничества,харьковск,not_in_text,19,"город Харьковского Наместничества В оном бывает в году шесть ярмарок первая на Сырной неделе ,  вторая в пост на похвальной неделе третия на Вознесение ,  четвертая Июля 20 пятая Августа 29 шестая Ноября Купцы приезжают на оные из разных Российских городов привозят шелковые товары ,  парчи ,  позументы золотые и серебро в деле ;  торгуют также скотом лошадьми и прочим",городъ
140,1,53,БОГОРОДИЦКЪ,БОГОРОДИЦК,Bogoroditsk,БОГОРОДИЦК,Tula,Russia,53.77166,38.12408,575591,RU,http://api.geonames.org/search?name=%D0%91%D0%9E%D0%93%D0%9E%D0%A0%D0%9E%D0%94%D0%98%D0%A6%D0%9A&type=json&username=jaguillette&east=39.6827&north=55.0867&featureClass=P&west=35.5421&south=52.8329,geonames,Тульскаго Намѣстничества,Тульского Наместничества,тульск,not_in_text,19,"город Тульского Наместничества В сем городе бывает ярмарка Июля 7 и 8 дня на которую из городов Тулы ,  Епифани Кропивны ,  Дедилова Ефремова и Донкова привозят мелочные красные товары ,  а оных городов из уездов крестьяне колесы и лыки",городъ
144,1,56,БОГОРОДСКЪ,БОГОРОДСК,Bogorodsk,БОГОРОДСК,Moskovskaya,Russia,55.85,38.45,575561,RU,http://api.geonames.org/search?name=%D0%91%D0%9E%D0%93%D0%9E%D0%A0%D0%9E%D0%94%D0%A1%D0%9A&type=json&username=jaguillette&east=40.3419&north=56.981&featureClass=P&west=34.3446&south=54.2132,geonames,Московской Губерніи,Московской Губернии,московск,not_in_text,19,город Московской Губернии В нем бывает две в году ярмарки первая Маия 9 вторая Декабря 6 на которые той округи крестьяне привозят разные съестные припасы а купцы мелочные товары,городъ
149,1,61,БОРЗНА,БОРЗНА,Borzna,БОРЗНА,Chernihiv,Ukraine,51.25464,32.4269,711536,UA,http://api.geonames.org/search?name=%D0%91%D0%9E%D0%A0%D0%97%D0%9D%D0%90&type=json&username=jaguillette&east=35.3&north=55.5&featureClass=P&west=27.3&south=47.5,geonames,Черниговскаго Намѣстничества,Черниговского Наместничества,черниговск,not_in_text,20,город Черниговского Наместничества В оном городе бывает в году три ярмарки,городъ
156,1,65,БОРИСОГЛѢБСКОЙ,БОРИСОГЛЕБСКОЙ,Borisoglebskiy,БОРИСОГЛЕБСКИЙ,Jaroslavl,Russia,57.2586,39.1508,572520,RU,http://api.geonames.org/search?name=%D0%91%D0%9E%D0%A0%D0%98%D0%A1%D0%9E%D0%93%D0%9B%D0%95%D0%91%D0%A1%D0%9A%D0%98%D0%99&type=json&username=jaguillette&east=43.85&north=61.616667&featureClass=P&west=35.85&south=53.616667,geonames,Ярославскаго Намѣстничества,Ярославского Наместничества,ярославск,Петровскомъ уѣздѣ,20,"монастырь Ярославского Наместничества в Петровском уезде При нем Маия 2 числа бывает годовая ярмарка ,  на которой приезжие из разных окольных городов купцы торгуют суровскими товарами",монастырь
157,1,66,БОРИСПОЛЬ,БОРИСПОЛЬ,Boryspil,БОРИСПОЛЬ,Kiev,Ukraine,50.35269,30.95501,711660,UA,http://api.geonames.org/search?name=%D0%91%D0%9E%D0%A0%D0%98%D0%A1%D0%9F%D0%9E%D0%9B%D0%AC&type=json&username=jaguillette&east=34.35625&north=51.49413&featureClass=P&west=29.72503&south=49.08008,geonames,Кіевскаго Намѣстничества,Киевского Наместничества,киевск,Переяславскомъ уѣздѣ,20,местечко Киевского Наместничества в Переяславском уезде В немъбывают в году три ярмарки на коих приезжие из окольных тамошних мест торгуют разным хлебом мелочным товаром рыбою солью скотом и проч,мѣстечко
158,1,67,БОРОВЕНКИ,БОРОВЕНКИ,Boroven'ki,БОРОВЕНКИ,Luhansk,Ukraine,49.04796,38.56367,711613,UA,http://api.geonames.org/search?name=%D0%91%D0%9E%D0%A0%D0%9E%D0%92%D0%95%D0%9D%D0%9A%D0%98&type=json&username=jaguillette&east=39.14&north=49.99&featureClass=P&west=29.6&south=46.07,geonames,Екатеринославскаго Намѣстничества,Екатеринославского Наместничества,екатеринославск,not_in_text,21,местечко Екатеринославского Наместничества В нем бывают в году три ярмарки,мѣстечко
164,1,69,БОРОВСКЪ,БОРОВСК,Borovsk,БОРОВСК,Kaluga,Russia,55.20639,36.48611,572070,RU,http://api.geonames.org/search?name=%D0%91%D0%9E%D0%A0%D0%9E%D0%92%D0%A1%D0%9A&type=json&username=jaguillette&east=40.266667&north=58.533333&featureClass=P&west=32.266667&south=50.533333,geonames,Калужскаго Намѣстничества,Калужского Наместничества,калужск,not_in_text,21,город Калужского Наместничества Бывают в году здесь две ярмарки :  первая в десятую пятницу после Светлого   привозят .  шелковые и прочие товары а по большей части крестьяне съезжаются с холстами и прочими крестьянскими товарами Воскресения вторая в день Рождества Богородицы 8 числа Сентября на оные приезжают купцы из Тулы Калуги Серпухова и прочих городов ,городъ
172,1,72,БРОННИЦЫ,БРОННИЦЫ,Bronnitsy,БРОННИЦЫ,Moskovskaya,Russia,55.42112,38.26188,571557,RU,http://api.geonames.org/search?name=%D0%91%D0%A0%D0%9E%D0%9D%D0%9D%D0%98%D0%A6%D0%AB&type=json&username=jaguillette&east=40.3419&north=56.981&featureClass=P&west=34.3446&south=54.2132,geonames,Московской Губерніи,Московской Губернии,московск,not_in_text,22,город Московской Губернии В нем кроме еженедельных по понедельникам и пятницам торгов назначена Сентября 6 годовая ярмарка,городъ
174,1,74,БРЯНСКЪ,БРЯНСК,Bryansk,БРЯНСК,Brjansk,Russia,53.25209,34.37167,571476,RU,http://api.geonames.org/search?name=%D0%91%D0%A0%D0%AF%D0%9D%D0%A1%D0%9A&type=json&username=jaguillette&east=40.066667&north=56.966667&featureClass=P&west=32.066667&south=48.966667,geonames,Орловскаго Намѣстничества,Орловского Наместничества,орловск,not_in_text,22,город Орловского Наместничества В сем городе бывает в году ярмарка в Июне месяце в десятую пятницу по Пасхе да близ города Свинская начинающаяся с Сентября и продолжающаяся по Октябрь,городъ
182,1,78,БУЧАЛКИ,БУЧАЛКИ,Buchalki,БУЧАЛКИ,Tula,Russia,53.7559,38.77664,571367,RU,http://api.geonames.org/search?name=%D0%91%D0%A3%D0%A7%D0%90%D0%9B%D0%9A%D0%98&type=json&username=jaguillette&east=39.6827&north=55.0867&featureClass=P&west=35.5421&south=52.8329,geonames,Тульскаго Намѣстничества,Тульского Наместничества,тульск,Епифанскомъ уѣздѣ,22,село Тульского Наместничества в Епифанском уезде В оном бывает ярмарка Июня 26 купцы для торгов приезжают из окрестных городов с различными товарами в не большем количестве,село
187,1,81,БѢЖЕЦКЪ,БЕЖЕЦК,Bezhetsk,БЕЖЕЦК,Tverskaya,Russia,57.78506,36.69651,576566,RU,http://api.geonames.org/search?name=%D0%91%D0%95%D0%96%D0%95%D0%A6%D0%9A&type=json&username=jaguillette&east=180&north=78.0&featureClass=P&west=24.8&south=38.6,geonames,not_in_text,not_иn_text,нот_ин_теxт,not_in_text,23,"город Тверского Наместиичества В нем бывает ярмарка ,  начинающаяся Июня сь 30 и продолжающаяся до 5 Июля приезжают купцы из смежных городов привозят товары шелковые и прочие москотильные мелочные и железные Здесь же бывают в понедельник и четверток торжки В уезде оного находятся ярмаркижь в селах у Спаса на Холму Кесове горе Молодове и Поречье в которых и еженедельные торги бывают на Холму во вторник в Молодове в среду ,  а в Кесове и Поречье в пятницу В селах же Поводневе и Шипине годовые ярмарки бывают на 14 число Сентября а в селе Кесове горе на 24 число Июня ,  на которые от уездных обывателей привозится всякой хлеб и прочие сырейные и съестные товары а из прочих городов от обывателей уездных мелочные товары кроме что в Кесову гору никуда не ездят",городъ
188,1,82,БѢЛАЯ КОЛПЬ,БЕЛАЯ КОЛПЬ,Belaya Kolp',БЕЛАЯ КОЛПЬ,Moskovskaya,Russia,56.09183,35.66459,578150,RU,http://api.geonames.org/search?name=%D0%91%D0%95%D0%9B%D0%90%D0%AF+%D0%9A%D0%9E%D0%9B%D0%9F%D0%AC&type=json&username=jaguillette&east=40.3419&north=56.981&featureClass=P&west=34.3446&south=54.2132,geonames,Московской Губерніи,Московской Губернии,московск,Волоколамскомъ уѣздѣ,23,село Московской Губернии в Волоколамском уезде В сем селе бывает одна в году ярмарка Августа 19 дня торгуют один день разными крестьянскими товарами,село
204,1,86,БѢЛОЗЕРСКЪ,БЕЛОЗЕРСК,Belozersk,БЕЛОЗЕРСК,Vologda,Russia,60.0288,37.8084,577711,RU,http://api.geonames.org/search?name=%D0%91%D0%95%D0%9B%D0%9E%D0%97%D0%95%D0%A0%D0%A1%D0%9A&type=json&username=jaguillette&east=39.89&north=61.31&featureClass=P&west=28.65&south=57.1,geonames,Новогородскаго Намѣстничества,Новогородского Наместничества,новогородск,not_in_text,24,"город Новогородского Наместничества В нем в зимнее время бывают каждую неделю по понедельникам съезды ,  на которых торгует крестьянство разными их домовными издельями ,  также привозят мя сено и хлеб",городъ
210,1,90,БѢЛОПОЛЬЕ,БЕЛОПОЛЬЕ,Bilopillya,БЕЛОПОЛЬЕ,Sumy,Ukraine,51.15016,34.31287,712559,UA,http://api.geonames.org/search?name=%D0%91%D0%95%D0%9B%D0%9E%D0%9F%D0%9E%D0%9B%D0%AC%D0%95&type=json&username=jaguillette&east=38.2875&north=51.5689&featureClass=P&west=33.5563&south=48.4869,geonames,Харьковскаго Намѣстничества,Харьковского Наместничества,харьковск,not_in_text,24,"город Харьковского Наместничества В оном бывают ярмарки первая Генваря 6 вторая Июня 24 третия Сентября 14 дня торгуют на оных разным мелочным товаром лошадьми скотом ,  горячим вином и проч",городъ
220,1,95,ВАЛУЙКИ,ВАЛУЙКИ,Valuyki,ВАЛУЙКИ,Belgorod,Russia,50.2035,38.1067,477192,RU,http://api.geonames.org/search?name=%D0%92%D0%90%D0%9B%D0%A3%D0%99%D0%9A%D0%98&type=json&username=jaguillette&east=43.0242&north=52.7866&featureClass=P&west=37.234&south=48.1597,geonames,Воронежскаго Намѣстничества,Воронежского Наместничества,воронеж,not_in_text,25,"город Воронежского Наместничества В оном бывает в году ярмарка называемая Петровская да в уезДе в слободах бывают ярмарки ,  в Уразовой семь ,  в Николаевке четыре ,  в Погромце пять ,  в Венделевке три ,  в Белокуриной две в Деркуле три",городъ
221,1,96,ВАРВА,ВАРВА,Varva,ВАРВА,Chernihiv,Ukraine,50.49503,32.71968,690469,UA,http://api.geonames.org/search?name=%D0%92%D0%90%D0%A0%D0%92%D0%90&type=json&username=jaguillette&east=35.3&north=55.5&featureClass=P&west=27.3&south=47.5,geonames,Черниговскаго Намѣстничества,Черниговского Наместничества,черниговск,Прилуцкомъ уѣздѣ,25,"местечко Черниговского Наместничества в Прилуцком уезде В оном бывает в году три ярмарки :     первая Маия 9 вторая Июня 29 третия Ноября 1 На оных торгуют окольные жители своими произрастениями как - то хлебом ,  разным скотом ,  съестными припасами ,  сеном дегтем и прочими мелочьми здесь такжебывает и еженедельной торг в среду",мѣстечко
223,1,98,ВАШКА,ВАШКА,Melospol’ye,ВАШКА,Arkhangelskaya,Russia,64.8827,45.7464,527624,RU,http://api.geonames.org/search?name=%D0%92%D0%90%D0%A8%D0%9A%D0%90&type=json&username=jaguillette&east=58.6121673584&north=70.1894276115&featureClass=P&west=27.4506621361&south=60.3600075373,geonames,Архангельскаго Намѣстничества,Архангельского Наместничества,архангельск,Мезенскомъ уѣздѣ,26,деревня Архангельского Наместничества в Мезенском уезде Здесь бывает небольшая годовая ярмарка в Генваре месяце называемая Мезенская на которую с Волокопинежской ярмарки некоторая чаешь мелочных товаров переходит,деревня
224,1,99,ВЕЙДЕЛЕВКА,ВЕЙДЕЛЕВКА,Veydelevka,ВЕЙДЕЛЕВКА,Belgorod,Russia,50.1521,38.4492,473856,RU,http://api.geonames.org/search?name=%D0%92%D0%95%D0%99%D0%94%D0%95%D0%9B%D0%95%D0%92%D0%9A%D0%90&type=json&username=jaguillette&east=43.0242&north=52.7866&featureClass=P&west=37.234&south=48.1597,geonames,Воронежскаго Намѣстничества,Воронежского Наместничества,воронеж,Валуекъ,26,слобода Воронежского Наместничества в уезде города Валуек В оной бывает в году три ярмарки,слобода
225,1,100,ВЕЛИЖЪ,ВЕЛИЖ,Velizh,ВЕЛИЖ,Smolensk,Russia,55.60564,31.19673,475955,RU,http://api.geonames.org/search?name=%D0%92%D0%95%D0%9B%D0%98%D0%96&type=json&username=jaguillette&east=32.8&north=59.483333&featureClass=P&west=24.8&south=51.483333,geonames,Полотскаго Намѣстничества,Полотского Наместничества,полотск,not_in_text,26,"город Полотского Наместничества В сем городе бывает в году две ярмарки :  первая 2о Июля ,  вторая на первой неделе великого поста",городъ
240,1,102,ВЕНДЕНЪ,ВЕНДЕН,Cēsis,ВЕНДЕН,Cēsu Rajons,Latvia,57.31188,25.27456,460570,LV,http://api.geonames.org/search?name=%D0%92%D0%95%D0%9D%D0%94%D0%95%D0%9D&type=json&username=jaguillette&east=28.106944&north=60.9475&featureClass=P&west=20.106944&south=52.9475,geonames,Рижскаго Намѣстничества,Рижского Наместничества,рижск,not_in_text,26,"город Рижского Наместничества Здесь бывают в году две ярмарки одна в Иванов ,  а другая в Михайлов день но оные в себе важного ничего не заключают",городъ
256,1,109,ВЕСІЕГОНСКЪ,ВЕСИЕГОНСК,Ves'yegonsk,ВЕСИЕГОНСК,Tverskaya,Russia,58.66398,37.2604,473943,RU,http://api.geonames.org/search?name=%D0%92%D0%95%D0%A1%D0%98%D0%95%D0%93%D0%9E%D0%9D%D0%A1%D0%9A&type=json&username=jaguillette&east=39.921928&north=60.857828&featureClass=P&west=31.921928&south=52.857828,geonames,Тверскаго Намѣстничества,Тверского Наместничества,тверск,not_in_text,27,"город Тверского Наместничества Бывает здесь одна ярмарка на праздник Богоявления Господня товары привозятся в разных званиях съестные и москотильные также пушные и железные и посуда медная оловян-ная и деревянная ,  кожаные обуви чулки гарусные и шерстяные",городъ
263,1,114,ВОЛМАРЪ,ВОЛМАР,Valmiera,ВОЛМАР,Valmieras Rajons,Latvia,57.54108,25.42751,453754,LV,http://api.geonames.org/search?name=%D0%92%D0%9E%D0%9B%D0%9C%D0%90%D0%A0&type=json&username=jaguillette&east=28.106944&north=60.9475&featureClass=P&west=20.106944&south=52.9475,geonames,Рижскаго Намѣстничества,Рижского Наместничества,рижск,not_in_text,28,"город Рижского Наместничества В нем бывает ярмарка в день Святые Анны ,  продолжающаяся дни с два на которую и иностранные купцы приезжают с товарами не в большем количестве",городъ
275,1,122,ВОРОНЕЖЪ,ВОРОНЕЖ,Voronezh,ВОРОНЕЖ,Voronezj,Russia,51.67204,39.1843,472045,RU,http://api.geonames.org/search?name=%D0%92%D0%9E%D0%A0%D0%9E%D0%9D%D0%95%D0%96&type=json&username=jaguillette&east=43.0242&north=52.7866&featureClass=P&west=37.234&south=48.1597,geonames,Воронежъ Намѣстничества,Воронеж Наместничества,воронеж,not_in_text,30,"главный город Наместничества сего имени В нем кроме еженедельных по понедельникам ,  середам и пятницам торгов ,  бывают в году две ярмарки первая в городе о десятой пятнице ,  а последняя при слободе Чижовке в 29 день Августа",главный городъ
277,1,124,ВОРОНКОВЪ,ВОРОНКОВ,Voronkov,ВОРОНКОВ,Kiev,Ukraine,50.22235,30.89967,689017,UA,http://api.geonames.org/search?name=%D0%92%D0%9E%D0%A0%D0%9E%D0%9D%D0%9A%D0%9E%D0%92&type=json&username=jaguillette&east=34.35625&north=51.49413&featureClass=P&west=29.72503&south=49.08008,geonames,Кіевскаго Намѣстничества,Киевского Наместничества,киевск,Переяславскомъ уѣздѣ,30,местечко Киевского Наместничества в Переяславском уезде Здесь бывает в год одна ярмарка в день Рождества Богородицы торгуют на оных из окольных мест обыватели хлебом съестными припасами горячим вином деревянною посудою и прочими мелочьми,мѣстечко
290,1,127,ВРЕВЪ,ВРЕВ,Vrev,ВРЕВ,Pskov,Russia,57.20557,28.84938,471122,RU,http://api.geonames.org/search?name=%D0%92%D0%A0%D0%95%D0%92&type=json&username=jaguillette&east=32.1900482178&north=59.0651312501&featureClass=P&west=24.1218047142&south=55.1937102573,geonames,Псковскаго Намѣстничества,Псковского Наместничества,псковск,not_in_text,30,"пригород Псковского Наместничества Здесь бывает ярмарка в день Николая Чудотворца ,  на которую приезжают из разных мест с мелочным товаром",пригородъ
293,1,129,ВЫБОРГЪ,ВЫБОРГ,Vyborg,ВЫБОРГ,Leningrad,Russia,60.70763,28.75283,470546,RU,http://api.geonames.org/search?name=%D0%92%D0%AB%D0%91%D0%9E%D0%A0%D0%93&type=json&username=jaguillette&east=32.744167000000004&north=64.70916700000001&featureClass=P&west=24.744167&south=56.709167,geonames,Выборгъ Намѣстничества,Выборг Наместничества,выборг,not_in_text,30,"главный город Наместничества сего имени В оном бывает в каждое лето ярмарка как в городе приморском отсюда за море отпускают доски смолу ,  железо ,  а получают соль табак ,  вина и прочее Сверх сего бывает в году еще две ярмарки первая Августа 24 вторая Сентября 21 на которыякрестьяне привозят по большей части рогатой скот лошадей и съестные припасы",главный городъ
302,1,132,ВЫТЕГРА,ВЫТЕГРА,Vytegra,ВЫТЕГРА,Vologda,Russia,61.00636,36.44811,469960,RU,http://api.geonames.org/search?name=%D0%92%D0%AB%D0%A2%D0%95%D0%93%D0%A0%D0%90&type=json&username=jaguillette&east=38.35&north=65.783333&featureClass=P&west=30.35&south=57.783333,geonames,Олонецкаго Намѣстничества,Олонецкого Наместничества,олонецк,not_in_text,31,город Олонецкого Наместничества Здесь бывают в году четыре ярмарки :  первая Февраля 2 вторая Августа 16 третия Октября 1 четвертая 9 Маия Сии ярмарки учреждены бывшим Господином НовогороДским Губернатором Сиверсом,городъ
325,1,139,ВЯЗНИКИ,ВЯЗНИКИ,Vyazniki,ВЯЗНИКИ,Vladimir,Russia,56.24057,42.15563,470666,RU,http://api.geonames.org/search?name=%D0%92%D0%AF%D0%97%D0%9D%D0%98%D0%9A%D0%98&type=json&username=jaguillette&east=44.416667&north=60.133333&featureClass=P&west=36.416667&south=52.133333,geonames,Володимерскаго Намѣстничества,Володимерского Наместничества,владимерск,not_in_text,32,город Володимерского Наместничества Здесь бывает ярмарка в праздник казанския Пресвятые Богородицы Июля 3 дня,городъ
343,1,144,ГАДЯЧЬ,ГАДЯЧЬ,Hadyach,ГАДЯЧЬ,Poltava,Ukraine,50.37112,33.99099,709054,UA,http://api.geonames.org/search?name=%D0%93%D0%90%D0%94%D0%AF%D0%A7%D0%AC&type=json&username=jaguillette&east=35.3&north=55.5&featureClass=P&west=27.3&south=47.5,geonames,Черниговскаго Намѣстничества,Черниговского Наместничества,черниговск,not_in_text,32,"город Черниговского Наместничества В оном бывает в году четыре ярмарки первая Генваря 6 в день Св Богоявления вторая Апреля 23 в день Св Великомученика Георгия третия Июня 29 в день Св Апостолов Петра и Павла четвертая Октября 14 в день Преподобные Параскевы На оных ярмарках и в торговые еженедельные дни торгуют хлебом медом воском табаком ,  салом волною ,  горячим вином ,  лошадьми рогатым скотом овцами и прочею мелочью",городъ
346,1,147,ГДОВЪ,ГДОВ,Gdov,ГДОВ,Pskov,Russia,58.74424,27.81977,561679,RU,http://api.geonames.org/search?name=%D0%93%D0%94%D0%9E%D0%92&type=json&username=jaguillette&east=32.1900482178&north=59.0651312501&featureClass=P&west=24.1218047142&south=55.1937102573,geonames,Псковскаго Намѣстничества,Псковского Наместничества,псковск,not_in_text,33,город Псковского Наместничества Здесь бывает в году одна ярмарка торгуют лавочным мелочным товаром,городъ
351,1,152,ГЛИНСКЪ,ГЛИНСК,Glinsk,ГЛИНСК,Kirovohrad,Ukraine,48.95619,32.89946,708765,UA,http://api.geonames.org/search?name=%D0%93%D0%9B%D0%98%D0%9D%D0%A1%D0%9A&type=json&username=jaguillette&east=39.14&north=49.99&featureClass=P&west=29.6&south=46.07,geonames,Екатеринославскаго Намѣстничества,Екатеринославского Наместничества,екатеринославск,not_in_text,33,слобода Екатеринославского Наместничества В оной бывает в году три ярмарки,слобода
361,1,155,ГЛУШИЦКОЙ,ГЛУШИЦКОЙ,Glushitskiy,ГЛУШИЦКИЙ,Samara,Russia,52.16167,50.42343,561002,RU,http://api.geonames.org/search?name=%D0%93%D0%9B%D0%A3%D0%A8%D0%98%D0%A6%D0%9A%D0%98%D0%99&type=json&username=jaguillette&east=180&north=78.0&featureClass=P&west=24.8&south=38.6,geonames,not_in_text,not_иn_text,нот_ин_теxт,not_in_text,34,монастырь в стороне Кубенского озера Здесь бывает одна в году ярмарка купцы приезжают для покупки холстов привозя с собою разные мелочные товары,монастырь
392,1,158,ГОГОЛЕВЪ,ГОГОЛЕВ,Gogoliv,ГОГОЛЕВ,Kiev,Ukraine,50.51864,31.02241,708638,UA,http://api.geonames.org/search?name=%D0%93%D0%9E%D0%93%D0%9E%D0%9B%D0%95%D0%92&type=json&username=jaguillette&east=34.35625&north=51.49413&featureClass=P&west=29.72503&south=49.08008,geonames,Кіевскаго Намѣстничества,Киевского Наместничества,киевск,Кіевскаго уѣздѣ,34,"местечко Киевского Наместничества и уезду Здесь бывает в году гари ярмарки на оные приезжают купцы из окольных городов ,  торгуют хлебом ,  разным мелочным товаром рыбою ,  солью ,  скотом и прочим",мѣстечко
393,1,159,ГОЛТВА,ГОЛТВА,Goltva,ГОЛТВА,Poltava,Ukraine,49.4202,33.85422,708551,UA,http://api.geonames.org/search?name=%D0%93%D0%9E%D0%9B%D0%A2%D0%92%D0%90&type=json&username=jaguillette&east=34.35625&north=51.49413&featureClass=P&west=29.72503&south=49.08008,geonames,Кіевскаго Намѣстничества,Киевского Наместничества,киевск,not_in_text,34,"город того же Наместничества В оном бывает в год четыре ярмарки первая Генваря 6 другая Июля 29 третия Августа 6 четвертая Ноября 8 торгуют на оных приезжие из уезду жители разными мелочными товарами там родящимися какъ-то хлебом горячим вином разным скотом дегтем овчинами ,  кожами и прочим иногда приезжают и Великороссийские купцы с красным товаром",городъ
399,1,162,ГОРБАТОВЪ,ГОРБАТОВ,Gorbatov,ГОРБАТОВ,Nizjnij Novgorod,Russia,56.1311,43.06363,560285,RU,http://api.geonames.org/search?name=%D0%93%D0%9E%D0%A0%D0%91%D0%90%D0%A2%D0%9E%D0%92&type=json&username=jaguillette&east=48.00205&north=60.32867&featureClass=P&west=40.00205&south=52.32867,geonames,Нижегородскаго Намѣстничества,Нижегородского Наместничества,нижегородск,not_in_text,35,"город Нижегородского Наместничества В нем каждонедельно бывает по середам торг ,  на которой привозят крестьяне хлеб и пеньку",городъ
459,1,170,ГОРОХОВЕЦЪ,ГОРОХОВЕЦ,Gorokhovets,ГОРОХОВЕЦ,Vladimir,Russia,56.20152,42.69351,559459,RU,http://api.geonames.org/search?name=%D0%93%D0%9E%D0%A0%D0%9E%D0%A5%D0%9E%D0%92%D0%95%D0%A6&type=json&username=jaguillette&east=44.416667&north=60.133333&featureClass=P&west=36.416667&south=52.133333,geonames,Владимерскаго Намѣстничества,Владимерского Наместничества,владимерск,not_in_text,36,город Владимерского Наместничества Здесь ярмарок нет а бывает одна расстоянием от оного в двадцати четырех верстах за рекою Клязьмою при Флорищевской пустыне прежде пра здника успения Пресвятые Богородицы дней за пять на которую привозят холст и прочие мелочные Российские товары,городъ
460,1,171,ГОРОШИНЪ,ГОРОШИН,Goroshino,ГОРОШИН,Poltava,Ukraine,49.6548,32.73911,708282,UA,http://api.geonames.org/search?name=%D0%93%D0%9E%D0%A0%D0%9E%D0%A8%D0%98%D0%9D&type=json&username=jaguillette&east=34.35625&north=51.49413&featureClass=P&west=29.72503&south=49.08008,geonames,Кіевскаго Намѣстничества,Киевского Наместничества,киевск,Лубенскомъ уѣздѣ,36,"местечко Киевского Наместничества в Лубенском уезде Здесь бывает в год три ярмарки :  первая Генваря 1 дня ,  вторая о проводах Светлой седмицы ,  третия Сентябри 14 дня",мѣстечко
462,1,173,ГРЕМЯЧЕВЪ,ГРЕМЯЧЕВ,Gremyachev,ГРЕМЯЧЕВ,Tula,Russia,54.13149,38.6607,558886,RU,http://api.geonames.org/search?name=%D0%93%D0%A0%D0%95%D0%9C%D0%AF%D0%A7%D0%95%D0%92&type=json&username=jaguillette&east=39.6827&north=55.0867&featureClass=P&west=35.5421&south=52.8329,geonames,Тульскаго Намѣстничества,Тульского Наместничества,тульск,Бѣлевскомъ уѣздѣ,36,слобода Тульского Наместничества в Белевском уезде В оной бывает две годовые ярмарки :  первая в день праздника Преполовения вторая в первый день Петрова поста на оные приезжают купцы из ближних городов с разными мелочными для крестьянства товарами,слобода
468,1,175,ГРИТЧИНО,ГРИТЧИНО,Gritchino,ГРИТЧИНО,Tula,Russia,54.60417,38.10556,558505,RU,http://api.geonames.org/search?name=%D0%93%D0%A0%D0%98%D0%A2%D0%A7%D0%98%D0%9D%D0%9E&type=json&username=jaguillette&east=41.616667&north=58.2&featureClass=P&west=33.616667&south=50.2,geonames,Тульскагу Намѣстничества,Тульскагу Наместничества,тульскаг,Каширскомъ уѣздѣ,36,"село Тульскагу Наместничества в Каширском уезде Здесь бывает ярмарка в день Сошествия Святого Духа ;  а на тое ярмарку товары в продажу привозятся из Каширы а по близости изъТулы Серпухова Венепа и Зарайска по малому числу москотильной мелочной и прочие съестные припасы ,  а паче от обывателей уездных в продаже бывает пенька мед воск и прочее деревянное изделье",село
474,1,177,ГРЯЗНОЕ,ГРЯЗНОЕ,Gryaznoye,ГРЯЗНОЕ,Rjazan,Russia,54.0418,39.1179,558270,RU,http://api.geonames.org/search?name=%D0%93%D0%A0%D0%AF%D0%97%D0%9D%D0%9E%D0%95&type=json&username=jaguillette&east=39.6827&north=55.0867&featureClass=P&west=35.5421&south=52.8329,geonames,Тульскаго Намѣстничества,Тульского Наместничества,тульск,Алексинскомъ уѣздѣ,37,"КОЛЮПАНОВКА тожь село Тульского Наместничества в Алексинском уезде В оном бываешь ярмарка Июля 8 Здесь торгуют купцы товарами ,  до .  крестьян принадлежащими",село
475,1,178,ГРЯЗОВЕЦЪ,ГРЯЗОВЕЦ,Gryazovets,ГРЯЗОВЕЦ,Vologda,Russia,58.88,40.2525,558236,RU,http://api.geonames.org/search?name=%D0%93%D0%A0%D0%AF%D0%97%D0%9E%D0%92%D0%95%D0%A6&type=json&username=jaguillette&east=57.25&north=64.08&featureClass=P&west=37.83&south=57.25,geonames,Вологодскаго Намѣстничества,Вологодского Наместничества,вологодск,not_in_text,37,"город Вологодского Наместничества В нем собираются окольные поселяне для мелочного торгу всякой понедельникь ,  а всякой день торгуют съестными припасами для проезжающих сверх сего обыватели оного как мущины так и женщины упражняются в вязании чулков и варег для продажи в розницу и на подряд",городъ
477,1,180,ДАГДА,ДАГДА,Dagda,ДАГДА,Dagda,Latvia,56.09512,27.53723,460474,LV,http://api.geonames.org/search?name=%D0%94%D0%90%D0%93%D0%94%D0%90&type=json&username=jaguillette&east=32.8&north=59.483333&featureClass=P&west=24.8&south=51.483333,geonames,Полотскаго Намѣстничества,Полотского Наместничества,полотск,Динабургскомъ уѣздѣ,37,"местечко Полотского Наместничества в Динабургском уезде В сем месте бывают в году триярмарки ;  торгуют Рижского Дворца крестьяне разными мелсчными товарами ,  вином и пивом",мѣстечко
480,1,183,ДВУРѢЧНАЯ,ДВУРЕЧНАЯ,Dvorichna,ДВУРЕЧНАЯ,Kharkiv,Ukraine,49.85019,37.68262,709399,UA,http://api.geonames.org/search?name=%D0%94%D0%92%D0%A3%D0%A0%D0%95%D0%A7%D0%9D%D0%90%D0%AF&type=json&username=jaguillette&east=38.2875&north=51.5689&featureClass=P&west=33.5563&south=48.4869,geonames,Харьковскаго Намѣстничества,Харьковского Наместничества,харьковск,Изюмскомъ уѣздѣ,38,слобода Харьковского Наместничества в Изюмском уезде В оной бывает в году пять ярмарок :  первая Генваря 1 на день,слобода
481,1,184,ДЕЙМАНОВКА,ДЕЙМАНОВКА,Deymanovka,ДЕЙМАНОВКА,Poltava,Ukraine,50.214,32.62939,710056,UA,http://api.geonames.org/search?name=%D0%94%D0%95%D0%99%D0%9C%D0%90%D0%9D%D0%9E%D0%92%D0%9A%D0%90&type=json&username=jaguillette&east=35.3&north=55.5&featureClass=P&west=27.3&south=47.5,geonames,Черниговскаго Намѣстничества,Черниговского Наместничества,черниговск,Прилуцкомъ уѣздѣ,38,"село Черниговского Наместничества в Прилуцком уезде Бывает здесь в году две ярмарки одна о десятой пятнице а другая 2 Июля в день Положения честные ризы Пресвятые Богородицы ,  на коих торгуют окольные жители деревенскими произрастениями как то хлебом ,  разным скотом съестными припасами деревянною посудою и прочею крестьянскою мелочью",село
491,1,188,ДЕРПТЪ,ДЕРПТ,Tartu,ДЕРПТ,Tartu,Estonia,58.38062,26.72509,588335,EE,http://api.geonames.org/search?name=%D0%94%D0%95%D0%A0%D0%9F%D0%A2&type=json&username=jaguillette&east=28.106944&north=60.9475&featureClass=P&west=20.106944&south=52.9475,geonames,Рижскаго Намѣстничества,Рижского Наместничества,рижск,not_in_text,39,"город Рижского Наместничества В оном бывают в году четыре ярмарки :  первая на другой день Богоявления ,  на которую приезжают множество купцов из Риги и Ревеля с шёлковыми и прочими товарами ,  и торгуют три недели ;  при том съезжаются из уезда много и Дворянства вторая продолжается только три дни а начинается 29 Июня то есть в день Св Апостолов Петра и Павла на оную привозят соленую и сушеную рыбу с Чудского озера Российские рыбаки ;  также иногда и из ближних Российских городов привозят купцы всякие железные товары и горшки глиняные третия бывает 8 Сентября ;  на оную съезжаются крестьяне с коровьим маслом сеном к хлебом четвертая бывает 19 Сентября на оной торгуют скотиною ,  лошадьми и всяким хлебом",городъ
493,1,190,ДМИТРОВЪ,ДМИТРОВ,Dmitrov,ДМИТРОВ,Moskovskaya,Russia,56.34485,37.52041,565955,RU,http://api.geonames.org/search?name=%D0%94%D0%9C%D0%98%D0%A2%D0%A0%D0%9E%D0%92&type=json&username=jaguillette&east=40.3419&north=56.981&featureClass=P&west=34.3446&south=54.2132,geonames,Московской Губерніи,Московской Губернии,московск,not_in_text,39,"город Московской Губернии В оном бывает в году одна ярмарка которая начинается с 15 Сентября ,  и продолжается неделю ;  с товарами приезжают из разных ближиих городов ,  а именно из Москвы кз Переславля Залесного ,  из Ярославля из Катина и из смежных мест Товары оные состоят в щепетье шапках сапогах и прочей всякой мелочи также торговых дней в неделе бывает два понедельник и четвер ток",городъ
504,1,193,ДОБРАЯ,ДОБРАЯ,Dobraya Polyana,ДОБРАЯ,Orjol,Russia,52.73333,37.7,565876,RU,http://api.geonames.org/search?name=%D0%94%D0%9E%D0%91%D0%A0%D0%90%D0%AF&type=json&username=jaguillette&east=43.0242&north=52.7866&featureClass=P&west=37.234&south=48.1597,geonames,Воронежскаго Намѣстничества,Воронежского Наместничества,воронеж,not_in_text,40,слобода Воронежского Наместничества В сей слободе в году бывают три небольшия ярмарки первая 9 Маия вторая 26 Июня третия б Декабря и продолжаются не более как по одному или по два Дни Купцы на оные привозят мелочные товары,слобода
549,1,216,ЕЛНА,ЕЛНА,Yel'nya,ЕЛНА,Smolensk,Russia,54.57864,33.18373,467753,RU,http://api.geonames.org/search?name=%D0%95%D0%9B%D0%9D%D0%90&type=json&username=jaguillette&east=36.045278&north=58.782778&featureClass=P&west=28.045278000000003&south=50.782778,geonames,Смоленскаго Намѣстничества,Смоленского Наместничества,смоленск,not_in_text,43,"город Смоленского Наместничества Здесь бывает в году две ярмарки :  первая на первой неделе великого поста в пятницу ,  вторая Июля 20 в день Пророка Илии ;  купцы приезжают из близ лежащих городов с разными товарами",городъ
551,1,218,ЕПИФАНЬ,ЕПИФАНЬ,Yepifan',ЕПИФАНЬ,Tula,Russia,53.82526,38.55181,467464,RU,http://api.geonames.org/search?name=%D0%95%D0%9F%D0%98%D0%A4%D0%90%D0%9D%D0%AC&type=json&username=jaguillette&east=39.6827&north=55.0867&featureClass=P&west=35.5421&south=52.8329,geonames,Тульскаго Намѣстничества,Тульского Наместничества,тульск,not_in_text,43,город Тульского Наместничества В оном бывает ярмарка Маия 9 то есть в день Чудотворца Николая Купцы приезжают из окрестных городов с разными не в знатном числе товарами,городъ
556,1,223,ЕФРЕМОВЪ,ЕФРЕМОВ,Yefremov,ЕФРЕМОВ,Tula,Russia,53.14806,38.09924,468390,RU,http://api.geonames.org/search?name=%D0%95%D0%A4%D0%A0%D0%95%D0%9C%D0%9E%D0%92&type=json&username=jaguillette&east=39.6827&north=55.0867&featureClass=P&west=35.5421&south=52.8329,geonames,Тульскаго Намѣстничества,Тульского Наместничества,тульск,not_in_text,44,"город Тульского Наместничества В оном бывает в году четыре ярмарки :  первая в Июне называемая десятая пятница вторая Августа 6 в день Преображения Господня третия Сентября 15 в день Великомученика Никиты ,  четвертая Октября 1 в день Покрова Богородицы Купцы съезжаются из окрестных городов с разными товарами но по большей части с мелочными",городъ
557,1,224,ЖИГАНСКЪ,ЖИГАНСК,Zhigansk,ЖИГАНСК,Sakha,Russia,66.76601,123.37418,2012530,RU,http://api.geonames.org/search?name=%D0%96%D0%98%D0%93%D0%90%D0%9D%D0%A1%D0%9A&type=json&username=jaguillette&east=180&north=90&featureClass=P&west=91.4&south=46.5,geonames,Иркутскаго Намѣстничества,Иркутского Наместничества,иркутск,not_in_text,44,"город Иркутского Наместничества В оном бывают ярмарки в Августе ,  Сентябре Октябре и Ноябре месяцах",городъ
558,1,225,ЖИЗДРА,ЖИЗДРА,Zhizdra,ЖИЗДРА,Kaluga,Russia,53.74596,34.73951,462914,RU,http://api.geonames.org/search?name=%D0%96%D0%98%D0%97%D0%94%D0%A0%D0%90&type=json&username=jaguillette&east=40.266667&north=58.533333&featureClass=P&west=32.266667&south=50.533333,geonames,Калужскаго Намѣстничества,Калужского Наместничества,калужск,not_in_text,44,город Калужского Наместничества В нем бывает 25 Сентября годовая ярмарка на которую приезжают из окольных городов купцы с шелковыми бумажными и москотильными товарами,городъ
562,1,228,ЗАДУШНОЕ,ЗАДУШНОЕ,Zadushnoye,ЗАДУШНОЕ,Orjol,Russia,52.98556,36.98756,465695,RU,http://api.geonames.org/search?name=%D0%97%D0%90%D0%94%D0%A3%D0%A8%D0%9D%D0%9E%D0%95&type=json&username=jaguillette&east=39.6827&north=55.0867&featureClass=P&west=35.5421&south=52.8329,geonames,Тульскаго Намѣстничества,Тульского Наместничества,тульск,Новосиля,45,село Тульского Наместничества в уезде города Новосиля В оном селе бывает ярмарка в день Сошествия Святого Духа купцы торгуют разными мелочными товарами,село
563,1,229,ЗАМОШЬЕ,ЗАМОШЬЕ,Zamosh'ye,ЗАМОШЬЕ,Vologda,Russia,60.0693,39.5481,465060,RU,http://api.geonames.org/search?name=%D0%97%D0%90%D0%9C%D0%9E%D0%A8%D0%AC%D0%95&type=json&username=jaguillette&east=57.25&north=64.08&featureClass=P&west=37.83&south=57.25,geonames,Вологодскаго Намѣстничества,Вологодского Наместничества,вологодск,not_in_text,45,село Вологодского Наместничества Здесь всенедельно по Воскресным дням бывают торжки,село
564,1,230,ЗАРАЙСКЪ,ЗАРАЙСК,Zaraysk,ЗАРАЙСК,Moskovskaya,Russia,54.7605,38.87841,464687,RU,http://api.geonames.org/search?name=%D0%97%D0%90%D0%A0%D0%90%D0%99%D0%A1%D0%9A&type=json&username=jaguillette&east=41.6952&north=55.9254&featureClass=P&west=38.154&south=53.0517,geonames,Рязанскаго Намѣстничества,Рязанского Наместничества,рязанск,not_in_text,45,"город Рязанского Наместничества В сем городе бывает годовых ярмарок три Маия 9 ,  во время праздника Пятидесятницы да Июля 28 чисел Некоторые уездные обыватели приезжают с разным хлебом и деревенскими рукоделиями с продажными лошадьми и рогатою скотиною ;  а из Тулы Венева и Каширы приезжают купцы с косами Коломенские же с хомутами ,  брусьями пенечными бечевами и прочим",городъ
567,1,232,ЗАШИВЕРСКЪ,ЗАШИВЕРСК,Zashiversk,ЗАШИВЕРСК,Sakha,Russia,67.45,142.61667,2119377,RU,http://api.geonames.org/search?name=%D0%97%D0%90%D0%A8%D0%98%D0%92%D0%95%D0%A0%D0%A1%D0%9A&type=json&username=jaguillette&east=180&north=90&featureClass=P&west=91.4&south=46.5,geonames,Иркутскаго Намѣстничества,Иркутского Наместничества,иркутск,not_in_text,45,город того же Наместничества Здесь бывают ярмарки в Декабре и Генваре месяцах,городъ
568,1,233,ЗВЕНИГОРОДЪ,ЗВЕНИГОРОД,Zvenigorod,ЗВЕНИГОРОД,Moskovskaya,Russia,55.73402,36.85918,461920,RU,http://api.geonames.org/search?name=%D0%97%D0%92%D0%95%D0%9D%D0%98%D0%93%D0%9E%D0%A0%D0%9E%D0%94&type=json&username=jaguillette&east=40.3419&north=56.981&featureClass=P&west=34.3446&south=54.2132,geonames,Московской Губерніи,Московской Губернии,московск,not_in_text,45,"город Московской Губернии Бывает ярмарка при Ставропигиальном Савине Сторожевском монастыре ,  от Звенигорода в двух верстах летним временем о десятой пятнице привозными из разных месте мелкими шелковыми товарамии рухлядью а от крестьянства съестным харчем",городъ
569,1,234,ЗЕМЛЯНСКЪ,ЗЕМЛЯНСК,Zemlyansk,ЗЕМЛЯНСК,Voronezj,Russia,51.9041,38.7334,463690,RU,http://api.geonames.org/search?name=%D0%97%D0%95%D0%9C%D0%9B%D0%AF%D0%9D%D0%A1%D0%9A&type=json&username=jaguillette&east=43.0242&north=52.7866&featureClass=P&west=37.234&south=48.1597,geonames,Воронежскаго Намѣстничества,Воронежского Наместничества,воронеж,not_in_text,46,город Воронежского Наместничества В уезде сего города бывают ярмарки в году в трех селах на оные приезжают разных городов Российские купцы с мелким товаром,городъ
572,1,237,ЗМѢТНЕВЪ,ЗМЕТНЕВ,Zmetnev,ЗМЕТНЕВ,Chernihiv,Ukraine,51.5804,32.72819,686929,UA,http://api.geonames.org/search?name=%D0%97%D0%9C%D0%95%D0%A2%D0%9D%D0%95%D0%92&type=json&username=jaguillette&east=37.266667&north=55.983333&featureClass=P&west=29.266666999999998&south=47.983333,geonames,Новогородскаго - Сѣверскаго Намѣстничества,Новогородского - Северского Наместничества,новогородского - северск,Сосницкомъ уѣздѣ,46,"село Новогородского - Северского Наместничества в Сосницком уезде Обыватели оного имеют изрядной промысл бобрами ,  выдрами и рыбною в Десне ловлею",село
573,1,238,ЗОЛОТОНОША,ЗОЛОТОНОША,Zolotonosha,ЗОЛОТОНОША,Cherkasy,Ukraine,49.66832,32.04047,686875,UA,http://api.geonames.org/search?name=%D0%97%D0%9E%D0%9B%D0%9E%D0%A2%D0%9E%D0%9D%D0%9E%D0%A8%D0%90&type=json&username=jaguillette&east=34.35625&north=51.49413&featureClass=P&west=29.72503&south=49.08008,geonames,Кіевскаго Намѣстничества,Киевского Наместничества,киевск,not_in_text,46,"город Киевского Наместничества В нем бывает в году четыре ярмарки первая в Ѳомину неделю ,  вторая в день Сошествия Свитого Духа третия в день Рождества Богородицы ,  четвертая Декабря 6 Купцы приезжают на оные из близ лежащих городов с красными нрамными и прочими товарами ,  стеклянною и деревянною посудою и мелкою из Донских станиц рыбою жители продают рогатой скот лошадей ,  хлеб ,  смолу горя-чее вино и прочее привозят также сюда для лродажи жителям Крымскую соль",городъ
576,1,240,ЗУБЦОВЪ,ЗУБЦОВ,Zubtsov,ЗУБЦОВ,Tverskaya,Russia,56.17534,34.58935,462008,RU,http://api.geonames.org/search?name=%D0%97%D0%A3%D0%91%D0%A6%D0%9E%D0%92&type=json&username=jaguillette&east=39.921928&north=60.857828&featureClass=P&west=31.921928&south=52.857828,geonames,Тверскаго Намѣстничества,Тверского Наместничества,тверск,not_in_text,47,"город Тверского Наместничества В сем городе бывают годовые ярмарки :  первая в десятую пятницу по Пасхе ,  вторая Июля 20 в день Пророка Илии третия Августа 6 в день Преображения ,  четвертая Августажь 15 в день успения ,  пятая 6 Декабря шестая Маия 9 в день Чудотворца Николая седьмая Генваря 7 в день Крестителя Иоанна осьмая на Сырной неделе в среду торгуют окрестных городов купцы - шелковыми ,  бумажными и прочими мелочными товарами а большею частию съестными припасами",городъ
735,1,254,ИЗЮМЪ,ИЗЮМ,Izyum,ИЗЮМ,Kharkiv,Ukraine,49.20875,37.24848,707292,UA,http://api.geonames.org/search?name=%D0%98%D0%97%D0%AE%D0%9C&type=json&username=jaguillette&east=38.2875&north=51.5689&featureClass=P&west=33.5563&south=48.4869,geonames,Харьковскаго Намѣстничества,Харьковского Наместничества,харьковск,not_in_text,49,"город Харьковского Наместничества В сем городе бывает в году четыре ярмарки первая в Маие месяце в день Преполовения вторая Июня 24 в день Рождества Иоанна Предтечи третия Сентября 14 в день Воздвижения честного Креста четвертая Октября 2б в день Великомученика Димитрия ;  на оные купцы приезжают из разных городов с шелковыми ,  бумажными ,  шерстяными и прочими товарами",городъ
748,1,260,ИСА,ИСА,Isa,ИСА,,Kazakhstan,48.6,48.3,609787,KZ,http://api.geonames.org/search?name=%D0%98%D0%A1%D0%90&type=json&username=jaguillette&east=51.36&north=53.18&featureClass=P&west=40.3&south=48.45,geonames,Саратовскомъ Намѣстничества,Саратовском Наместничества,саратовск,not_in_text,50,село в Саратовском Наместничестве и уезды В оном сверх еженедельного торгу бывает ярмарка Августа 1 дня купцы на оную товары привозят шелковые и прочие мелочные,село
760,1,269,КАЛИБЕРДА,КАЛИБЕРДА,Keleberda,КАЛИБЕРДА,Poltava,Ukraine,48.96564,33.70805,706542,UA,http://api.geonames.org/search?name=%D0%9A%D0%90%D0%9B%D0%98%D0%91%D0%95%D0%A0%D0%94%D0%90&type=json&username=jaguillette&east=39.14&north=49.99&featureClass=P&west=29.6&south=46.07,geonames,Екатеринославскаго Намѣстничества,Екатеринославского Наместничества,екатеринославск,not_in_text,51,или КЕЛЕБЕРДА местечко Екатеринославского Наместничества В оном бывают в году три ярмарки,мѣстечко
761,1,270,КАЛИНКИНО,КАЛИНКИНО,Kalinkino,КАЛИНКИНО,Moskovskaya,Russia,56.71667,37.73333,554163,RU,http://api.geonames.org/search?name=%D0%9A%D0%90%D0%9B%D0%98%D0%9D%D0%9A%D0%98%D0%9D%D0%9E&type=json&username=jaguillette&east=45.433333&north=56.716667&featureClass=P&west=37.433333&south=48.716667,geonames,Тамбовскаго Намѣстничества,Тамбовского Наместничества,тамбовск,not_in_text,51,село Тамбовского Наместничества около слободы Доброй Бывает здесь в году ярмарка Июля 20 на которую приезжают купцы с разными мелочными товарами,село
786,1,273,КАМЫШНЯ,КАМЫШНЯ,Kamyshnya,КАМЫШНЯ,Poltava,Ukraine,50.18359,33.68269,706915,UA,http://api.geonames.org/search?name=%D0%9A%D0%90%D0%9C%D0%AB%D0%A8%D0%9D%D0%AF&type=json&username=jaguillette&east=34.35625&north=51.49413&featureClass=P&west=29.72503&south=49.08008,geonames,Кіевскаго Намѣстничества,Киевского Наместничества,киевск,Миргородскомъ уѣздѣ,52,"или КОМЫШНЯ ,  местечко Киевского Настничества в Миргородском уезде В оном бывает в году три ярмарки первая в неделю Ваий ,  вторая в десятую после Светлого Воскресения пятницу ,  третия 26 Октября ,  в день Св Димитрия На оных торгуют рогатым скотом и лошадьми а на еженедельных в понедельник и пятницу торгах торгуют приезжие из окольных мест хлебом и съестными припасами",мѣстечко
809,1,281,КАШИНЪ,КАШИН,Kashin,КАШИН,Tverskaya,Russia,57.35917,37.60806,551986,RU,http://api.geonames.org/search?name=%D0%9A%D0%90%D0%A8%D0%98%D0%9D&type=json&username=jaguillette&east=39.921928&north=60.857828&featureClass=P&west=31.921928&south=52.857828,geonames,Тверскаго Намѣстничества,Тверского Наместничества,тверск,not_in_text,53,"город Тверского Наместничества Здесь бывают две ярмарки первая в великой пост на второй неделе в воскресенье которая довольно бывает велика по причине съезжающагося на оную Дворянства и уездных обывателей ;  вторая после Святой недели в десятую пятницу Товары привозят на оные из уезду холсты льняные разные да из города Ярославля ,  Переславля Залеского и Углича купцы приезжают с мелочными всякими небогатыми товарами",городъ
812,1,283,КЕРЕНСКЪ,КЕРЕНСК,Vadinsk,КЕРЕНСК,Penza,Russia,53.69157,43.05744,477418,RU,http://api.geonames.org/search?name=%D0%9A%D0%95%D0%A0%D0%95%D0%9D%D0%A1%D0%9A&type=json&username=jaguillette&east=46.7277&north=54.837&featureClass=P&west=41.8373&south=52.3247,geonames,Пензенскаго Намѣстничества,Пензенского Наместничества,пензенск,not_in_text,53,"город Пензенского Наместничества В оном бывают две ярмарки в году первая в Июне а другая в Июле месяцах и продолжаются ,  первая день ,  а другая два сверх каждонедельных торгов Купцы на оные прие-зжают Кадомонские ,  Касимовские и Арсамазские с разными мелочными товарами",городъ
814,1,285,КЕСОВА ГОРА,КЕСОВА ГОРА,Kesova Gora,КЕСОВА ГОРА,Tverskaya,Russia,57.58361,37.29222,550949,RU,http://api.geonames.org/search?name=%D0%9A%D0%95%D0%A1%D0%9E%D0%92%D0%90+%D0%93%D0%9E%D0%A0%D0%90&type=json&username=jaguillette&east=39.921928&north=60.857828&featureClass=P&west=31.921928&south=52.857828,geonames,Тверскаго Намѣстничества,Тверского Наместничества,тверск,Тверскаго уѣздѣ,54,село того же Наместничества и уезду Здесь бывает на 24 число Июня ярмарка на которую от уездных обывателей привозится всякой хлеб и прочие сырейные и съестные товары   а из прочих городов обыватели приезжают сюда с мелочными товарами,село
816,1,287,КИМРЫ,КИМРЫ,Kimry,КИМРЫ,Tverskaya,Russia,56.86667,37.35,548652,RU,http://api.geonames.org/search?name=%D0%9A%D0%98%D0%9C%D0%A0%D0%AB&type=json&username=jaguillette&east=44.933333&north=61.766667&featureClass=P&west=36.933333&south=53.766667,geonames,Костромскаго Намѣстничества,Костромского Наместничества,кострома,Кашинскомъ уѣздѣ,54,"село того же Наместничества в Кашинском уезде Здесь бывает по вся недели торг в понедельник ;  товары привозят из уезду холсты льняные разные ,  да из городов Ярославля ,  Переславля Залесного и Углича мелочные всякие небогатые товары",село
817,1,288,КИНЕШМА,КИНЕШМА,Kineshma,КИНЕШМА,Ivanovo,Russia,57.43914,42.12894,548605,RU,http://api.geonames.org/search?name=%D0%9A%D0%98%D0%9D%D0%95%D0%A8%D0%9C%D0%90&type=json&username=jaguillette&east=44.933333&north=61.766667&featureClass=P&west=36.933333&south=53.766667,geonames,Костромскаго Намѣстничества,Костромского Наместничества,кострома,not_in_text,54,"город того же Наместничества Здесь бывает годовая ярмарка на Воздвижение честного Креста Сентября с 14 по 25 число на оную ярмарку приезжают купцы из Москвы Ярославля Костромы ,  Нижнего Новагорода и привозят на продажу сукна разные шелковые материи серебреную и оловянную посуду и всякие мелочные товары также рыбу и овощ",городъ
818,1,289,КИРЕНСКЪ,КИРЕНСК,Kirensk,КИРЕНСК,Irkutsk,Russia,57.78528,108.11194,2022083,RU,http://api.geonames.org/search?name=%D0%9A%D0%98%D0%A0%D0%95%D0%9D%D0%A1%D0%9A&type=json&username=jaguillette&east=180&north=90&featureClass=P&west=91.4&south=46.5,geonames,Иркутскаго Намѣстничества,Иркутского Наместничества,иркутск,not_in_text,54,город Иркутского Наместничества Здесь бывала ежегодно летним временем ярмарка на которую множество купцов для торгу съезжалось но за упадком здешних жителей оставлена,городъ
823,1,293,КИСТЕРЪ,КИСТЕР,Kistër,КИСТЕР,Brjansk,Russia,52.40773,33.10627,548076,RU,http://api.geonames.org/search?name=%D0%9A%D0%98%D0%A1%D0%A2%D0%95%D0%A0&type=json&username=jaguillette&east=37.266667&north=55.983333&featureClass=P&west=29.266666999999998&south=47.983333,geonames,Новогородскаго - Сѣверскаго Намѣстничества,Новогородского - Северского Наместничества,новогородского - северск,Стародубовскомъ уѣздѣ,55,"село Новогородского - Северского Наместничества в Стародубовском уезде В оном бывают каждонедельные торжки на которые съезжаются окольные жители ,  и торгуют мелочными товарами",село
839,1,304,КОВРОВЪ,КОВРОВ,Kovrov,КОВРОВ,Vladimir,Russia,56.35722,41.31917,543460,RU,http://api.geonames.org/search?name=%D0%9A%D0%9E%D0%92%D0%A0%D0%9E%D0%92&type=json&username=jaguillette&east=44.416667&north=60.133333&featureClass=P&west=36.416667&south=52.133333,geonames,Владимерскаго Намѣстничества,Владимерского Наместничества,владимерск,not_in_text,56,город Владимерского Наместничества Здесь бывает годовая ярмарка 25 Декабря Приезжают на оную купцы из разных городов с мелочными товарами,городъ
854,1,308,КОЗЕЛЕЦЪ,КОЗЕЛЕЦ,Kozelets,КОЗЕЛЕЦ,Chernihiv,Ukraine,50.91334,31.1214,704573,UA,http://api.geonames.org/search?name=%D0%9A%D0%9E%D0%97%D0%95%D0%9B%D0%95%D0%A6&type=json&username=jaguillette&east=34.35625&north=51.49413&featureClass=P&west=29.72503&south=49.08008,geonames,Кіевскаго Намѣстничества,Киевского Наместничества,киевск,not_in_text,56,"город Киевского Наместничества В оном бывает в году сверх ежененельных съездов пять ярмарок ,  на которые съезжается купечество из ближних Малороссийских городов с лавочными мелочными товарамииз Нежина и местечка Барышевки ;  привозят сукна ,  такожь торгуют горячим вином ,  дегтем рыбою солью разным хлебом и скотом ;  а на недельные съезды приезжает крестьянство с хлебом и прочими крестьянскими товарами",городъ
855,1,309,КОЗЕЛЬСКЪ,КОЗЕЛЬСК,Kozel'sk,КОЗЕЛЬСК,Kaluga,Russia,54.03746,35.77159,543348,RU,http://api.geonames.org/search?name=%D0%9A%D0%9E%D0%97%D0%95%D0%9B%D0%AC%D0%A1%D0%9A&type=json&username=jaguillette&east=40.266667&north=58.533333&featureClass=P&west=32.266667&south=50.533333,geonames,Калужскаго Намѣстничества,Калужского Наместничества,калужск,not_in_text,57,"город Калужского Наместничества Въоиом бывает ярмарка в десятую пятницу по Пасхе Сюда приезжают иногородные купцы с разными товарами шелковыми и бумажными также крестьяне продают свои продукты ,  пеньну смольчуг и поташ ,  масло ,  парусную пряжу а прочие торги бывают еженедельно в понедельник",городъ
873,1,314,КОЛОМНА,КОЛОМНА,Kolomna,КОЛОМНА,Moskovskaya,Russia,55.07944,38.77833,546230,RU,http://api.geonames.org/search?name=%D0%9A%D0%9E%D0%9B%D0%9E%D0%9C%D0%9D%D0%90&type=json&username=jaguillette&east=40.3419&north=56.981&featureClass=P&west=34.3446&south=54.2132,geonames,Московской Губерніи,Московской Губернии,московск,not_in_text,57,город Московской Губернии В нем еженедельно по понедельникам и четвергам для торгу собирается из здешнего и других уездов крестьянство с хлебом щепетильным товаром глиняною и деревянною посудою и разными издельями,городъ
894,1,326,КОРОТОЯКЪ,КОРОТОЯК,Korotoyak,КОРОТОЯК,Voronezj,Russia,50.98665,39.17677,544576,RU,http://api.geonames.org/search?name=%D0%9A%D0%9E%D0%A0%D0%9E%D0%A2%D0%9E%D0%AF%D0%9A&type=json&username=jaguillette&east=43.0242&north=52.7866&featureClass=P&west=37.234&south=48.1597,geonames,Воронежскаго Намѣстничества,Воронежского Наместничества,воронеж,not_in_text,59,город Воронежского Наместничества В сем городе бывает в году одна ярмарка Июля 8 числа в день Казанския Богородицы привозят на оную малое чи-сло шелковых и бумажных товаров а более крестьянское изделье,городъ
895,1,327,КОРСУНЬ,КОРСУНЬ,Sukhoy Karsun',КОРСУНЬ,Ulyanovsk,Russia,54.1829,46.62978,486487,RU,http://api.geonames.org/search?name=%D0%9A%D0%9E%D0%A0%D0%A1%D0%A3%D0%9D%D0%AC&type=json&username=jaguillette&east=52.366667&north=58.316667&featureClass=P&west=44.366667&south=50.316667,geonames,Синбирскаго Намѣстничества,Синбирского Наместничества,синбирск,not_in_text,60,"город Синбирского Наместничества Здесь бывает годовая ярмарка называемая Троицкая начинается со вторника последней недели мясоеда и продолжается до понедельника первой недели Петрова поста Приезжают на оную из разных Росссийских городов купцы и Армяне торгуют привозными разными шелковыми бумажными и прочими товарами ,  и пригоняют разных чинов люди и крестьяне знатное число лошадей Калмыцких и Руских и от изделья деревенского крестьянского тамошних Корсунских и прочих обывателей",городъ
896,1,328,КОСТРОМА,КОСТРОМА,Kostroma,КОСТРОМА,Kostroma,Russia,57.76647,40.92686,543878,RU,http://api.geonames.org/search?name=%D0%9A%D0%9E%D0%A1%D0%A2%D0%A0%D0%9E%D0%9C%D0%90&type=json&username=jaguillette&east=44.933333&north=61.766667&featureClass=P&west=36.933333&south=53.766667,geonames,Кострома Намѣстничества,Кострома Наместничества,кострома,not_in_text,60,"главный город Наместничества сего имени Здесь бывают повсягодно в девятую и в десятую недели по Пасхе ярмарки и в каждой неделе торговых два дни в середу и пяток приезжает на оные по боль-шей части крестьянство ;  привозят из окрестных мест холст ,  пряжу ,  хлеб и прочие крестьянские товары",главный городъ
899,1,330,КОТЕЛЬВА,КОТЕЛЬВА,Kotel'va,КОТЕЛЬВА,Poltava,Ukraine,50.06864,34.75862,704705,UA,http://api.geonames.org/search?name=%D0%9A%D0%9E%D0%A2%D0%95%D0%9B%D0%AC%D0%92%D0%90&type=json&username=jaguillette&east=38.2875&north=51.5689&featureClass=P&west=33.5563&south=48.4869,geonames,Харьковскаго Намѣстничества,Харьковского Наместничества,харьковск,Ахтырки,60,"слобода Харьковского Наместничества в уезде города Ахтырки Здесь бывают четыре ярмарки :  первая Генваря 1 вторая Марша 25 третия о Тройцыне дне четвертая Сентября 8 Купцы приезжают из разных Российских городов ,  привозят парчи шелковые товары позументы ,  сетки ,  серебро в посуде и прочее торгуют также скотом и лошадьми",слобода
900,1,331,КОТЕЛЬНИЧЬ,КОТЕЛЬНИЧЬ,Kotel'nich,КОТЕЛЬНИЧЬ,Kirov,Russia,58.3089,48.348,543737,RU,http://api.geonames.org/search?name=%D0%9A%D0%9E%D0%A2%D0%95%D0%9B%D0%AC%D0%9D%D0%98%D0%A7%D0%AC&type=json&username=jaguillette&east=53.65&north=62.6&featureClass=P&west=45.65&south=54.6,geonames,Вятскаго Намѣстничества,Вятского Наместничества,вятск,not_in_text,60,город Вятского Наместничества В сем городе бывает одна в году ярмарка,городъ
901,1,332,КОЧЕЛАЕВО,КОЧЕЛАЕВО,Kochelayevo,КОЧЕЛАЕВО,Mordoviya,Russia,54.01948,44.04707,546926,RU,http://api.geonames.org/search?name=%D0%9A%D0%9E%D0%A7%D0%95%D0%9B%D0%90%D0%95%D0%92%D0%9E&type=json&username=jaguillette&east=46.7277&north=54.837&featureClass=P&west=41.8373&south=52.3247,geonames,Пензенскаго Намѣстничества,Пензенского Наместничества,пензенск,Наровчатовскомъ уѣздѣ,60,"село Пензенского Наместничества в Наровчатовском уезде Здесь бывает в году одна ярмарка в Июне месяце в десятую пятницу в разных числах ,  но по большей части на оной бывают крестьяне",село
903,1,334,КРАПИВНА,КРАПИВНА,Krapivna,КРАПИВНА,Tula,Russia,53.94234,37.15744,542942,RU,http://api.geonames.org/search?name=%D0%9A%D0%A0%D0%90%D0%9F%D0%98%D0%92%D0%9D%D0%90&type=json&username=jaguillette&east=39.6827&north=55.0867&featureClass=P&west=35.5421&south=52.8329,geonames,Тульскаго Намѣстничества,Тульского Наместничества,тульск,not_in_text,61,"или КРОПИВНА ,  город того же Наместничества В самом городе бывают две годовые ярмарки первая в день Сошествия Святого Духа вторая Июля 1 дня а в уезде оного одна обыкновенных торгов в городе в каждой неделе по два",городъ
905,1,336,КРАСНОБОРСКЪ,КРАСНОБОРСК,Krasnoborsk,КРАСНОБОРСК,Arkhangelskaya,Russia,61.55978,45.93396,542423,RU,http://api.geonames.org/search?name=%D0%9A%D0%A0%D0%90%D0%A1%D0%9D%D0%9E%D0%91%D0%9E%D0%A0%D0%A1%D0%9A&type=json&username=jaguillette&east=57.25&north=64.08&featureClass=P&west=37.83&south=57.25,geonames,Вологодскаго Намѣстничества,Вологодского Наместничества,вологодск,not_in_text,61,город Вологодского Наместничества В сем городе бывает небольшая ярмарка   приезжая п купцы из разных Российских городов с мълочными товарами,городъ
1090,1,340,КРАСНОЙ КОЛЯДИНЪ,КРАСНОЙ КОЛЯДИН,Krasnyy Kolyadin,КРАСНИЙ КОЛЯДИН,Chernihiv,Ukraine,50.94677,33.03553,704212,UA,http://api.geonames.org/search?name=%D0%9A%D0%A0%D0%90%D0%A1%D0%9D%D0%98%D0%99+%D0%9A%D0%9E%D0%9B%D0%AF%D0%94%D0%98%D0%9D&type=json&username=jaguillette&east=35.3&north=55.5&featureClass=P&west=27.3&south=47.5,geonames,Черниговскаго Намѣстничества,Черниговского Наместничества,черниговск,Прилуцкомъ уѣздѣ,61,"местечко Черниговского Наместничества в Прилуцком уезде В оном бывает в году три ярмарки первая Сентября 14 в день Воздвижения честного Креста вторая в день Сошествия Святого Духа ,  третия Декабря 6 в день Святителя Николая На оных торгуют окольные жители своими произрастениями ,  как -то хлебом разным скотом съестными припасами ,  деревянною посудою и прочею мелочью",мѣстечко
1093,1,342,КРАСНОКУТСКЪ,КРАСНОКУТСК,Krasnokutsk,КРАСНОКУТСК,Kharkiv,Ukraine,50.06602,35.16275,704376,UA,http://api.geonames.org/search?name=%D0%9A%D0%A0%D0%90%D0%A1%D0%9D%D0%9E%D0%9A%D0%A3%D0%A2%D0%A1%D0%9A&type=json&username=jaguillette&east=38.2875&north=51.5689&featureClass=P&west=33.5563&south=48.4869,geonames,Харьковскаго Намѣстничества,Харьковского Наместничества,харьковск,not_in_text,62,"город Харьковского Наместничества Здесь бывает в году четыре ярмарки первая в пост о Крестопоклонной неделе ,  вторая Апреля 23 третия Июня 29 четвертая Ноября 21 приезжают на оные купцы из разных Российских городов привозят шелковые и прочие товары ,  позументы серебро в посуде и прочее торгуют тут же скотом и лошадьми",городъ
1102,1,344,КРАСНОПОЛЬЕ,КРАСНОПОЛЬЕ,Krasnopillya,КРАСНОПОЛЬЕ,Sumy,Ukraine,50.77458,35.25965,704343,UA,http://api.geonames.org/search?name=%D0%9A%D0%A0%D0%90%D0%A1%D0%9D%D0%9E%D0%9F%D0%9E%D0%9B%D0%AC%D0%95&type=json&username=jaguillette&east=38.2875&north=51.5689&featureClass=P&west=33.5563&south=48.4869,geonames,Харьковскаго Намѣстничества,Харьковского Наместничества,харьковск,Мирополья,62,"слобода Харьковского Наместничества в уезде города Мирополья Здесь бывают ярмарки ,  первая Маия 9 вторая Августа 6 третия Ноября 8 ;  приезжают на оные купцы из близ лежащих городов с мелочными товарами ,  а покупают скот лошадей и прочее",слобода
1103,1,345,КРАСНОСЛОБОДСКЪ,КРАСНОСЛОБОДСК,Krasnoslobodsk,КРАСНОСЛОБОДСК,Mordoviya,Russia,54.4253,43.78963,542212,RU,http://api.geonames.org/search?name=%D0%9A%D0%A0%D0%90%D0%A1%D0%9D%D0%9E%D0%A1%D0%9B%D0%9E%D0%91%D0%9E%D0%94%D0%A1%D0%9A&type=json&username=jaguillette&east=46.7277&north=54.837&featureClass=P&west=41.8373&south=52.3247,geonames,Пензенскаго Намѣстничества,Пензенского Наместничества,пензенск,not_in_text,62,"город Пензенского Наместничества В оном бывает одна в году ярмарка на осьмой неделе по Пасхе в пяток Купцы приезжают из ближних городов с шелковыми бумажными ,  москотильными и прочими разными в небольшем числе товарами ;  большеюжь частию приезжают крестьяне с своими припасами",городъ
1120,1,354,КРОМЫ,КРОМЫ,Kromy,КРОМЫ,Orjol,Russia,52.68762,35.76665,540776,RU,http://api.geonames.org/search?name=%D0%9A%D0%A0%D0%9E%D0%9C%D0%AB&type=json&username=jaguillette&east=40.066667&north=56.966667&featureClass=P&west=32.066667&south=48.966667,geonames,Орловскаго Намѣстничества,Орловского Наместничества,орловск,not_in_text,63,город Орловского Наместничества Здесь бывают в году две ярмарки после Святые Пасхи на десятой и одинадцатой неделе и торговля состоит привозимыми ив городов купечеством разными шелковыми и другими мелкими товарами   годевые и уездные жители торгу ют своими собственными тутошнего места произрастения ми и произведенными рукоде лием вещьми малым числом пенькою и холстом,городъ
1121,1,355,КРЫЛОВЪ,КРЫЛОВ,Svitlovods'k,КРЫЛОВ,Kirovohrad,Ukraine,49.04894,33.24106,692087,UA,http://api.geonames.org/search?name=%D0%9A%D0%A0%D0%AB%D0%9B%D0%9E%D0%92&type=json&username=jaguillette&east=39.14&north=49.99&featureClass=P&west=29.6&south=46.07,geonames,Екатеринославскаго Намѣстничества,Екатеринославского Наместничества,екатеринославск,not_in_text,63,слобода Екатеринославского НаместничестваВ оной бывает в году девять ярмарок,слобода
1124,1,358,КУБЕНСКОЕ,КУБЕНСКОЕ,Kubenskoye,КУБЕНСКОЕ,Vologda,Russia,59.43387,39.66913,540035,RU,http://api.geonames.org/search?name=%D0%9A%D0%A3%D0%91%D0%95%D0%9D%D0%A1%D0%9A%D0%9E%D0%95&type=json&username=jaguillette&east=57.25&north=64.08&featureClass=P&west=37.83&south=57.25,geonames,Вологодскаго Намѣстничества,Вологодского Наместничества,вологодск,Вологодскаго уѣздѣ,64,село Вологодского Наместничества и уезду Здесь бывает торг еженедель ной по че цвергам,село
1126,1,360,КУЗНЕЦКЪ,КУЗНЕЦК,Kuznetsk,КУЗНЕЦК,Penza,Russia,53.11675,46.60037,537737,RU,http://api.geonames.org/search?name=%D0%9A%D0%A3%D0%97%D0%9D%D0%95%D0%A6%D0%9A&type=json&username=jaguillette&east=51.36&north=53.18&featureClass=P&west=40.3&south=48.45,geonames,Саратовскаго Намѣстничества,Саратовского Наместничества,саратовск,not_in_text,64,город Саратовского Наместничества Здесь сверх еженедельного торгу бывает ярмарочной съезд в десятую пятницу по Пасхе,городъ
1132,1,364,КУРЕНЬКИ,КУРЕНЬКИ,Kuren'ka,КУРЕНЬКИ,Poltava,Ukraine,50.21186,32.74462,703624,UA,http://api.geonames.org/search?name=%D0%9A%D0%A3%D0%A0%D0%95%D0%9D%D0%AC%D0%9A%D0%98&type=json&username=jaguillette&east=34.35625&north=51.49413&featureClass=P&west=29.72503&south=49.08008,geonames,Кіевскаго Намѣстничества,Киевского Наместничества,киевск,Лубенскомъ уѣздѣ,64,местечко Киевского Наместничества в Лубенском уезде Здесь быва-ет в год три ярмарки первая Февраля 2 другая Июня 29 третия Октября 26 чисел,мѣстечко
1138,1,368,ЛАДОГА НОВАЯ,ЛАДОГА НОВАЯ,Novaya Ladoga,ЛАДОГА НОВАЯ,Leningrad,Russia,60.10246,32.30191,519630,RU,http://api.geonames.org/search?name=%D0%9B%D0%90%D0%94%D0%9E%D0%93%D0%90+%D0%9D%D0%9E%D0%92%D0%90%D0%AF&type=json&username=jaguillette&east=180&north=78.0&featureClass=P&west=24.8&south=38.6,geonames,not_in_text,not_иn_text,нот_ин_теxт,not_in_text,65,город С Петербургской Губернии Здесь бывает единожды в год 15 Августа ярмарка продолжающаяся неделю где торгуют разными Российскими и заморскими товарами такожь съестными крестьянскими припасами для сего самого построен там гостиной двор окружностью на сте осьмидесяти саженях в котором лавок считается шестьдесят девять,городъ
1139,1,369,ЛАЗОВИЦА,ЛАЗОВИЦА,Lazovitsa,ЛАЗОВИЦА,Mahilyowskaya Voblastsʼ,Belarus,53.5617,32.0163,625894,BY,http://api.geonames.org/search?name=%D0%9B%D0%90%D0%97%D0%9E%D0%92%D0%98%D0%A6%D0%90&type=json&username=jaguillette&east=32.863&north=55.194&featureClass=P&west=29.5408&south=51.9042,geonames,Могилевскаго Намѣстничества,Могилевского Наместничества,могилевск,Климовицкомъ уѣздѣ,65,местечко Могилевского Наместничества в Климовицком уезде В оном бывает одна ярмарка в году,мѣстечко
1140,1,370,ЛАИШЕВЪ,ЛАИШЕВ,Laishevo,ЛАИШЕВ,Tatarstan,Russia,55.40464,49.55037,537158,RU,http://api.geonames.org/search?name=%D0%9B%D0%90%D0%98%D0%A8%D0%95%D0%92&type=json&username=jaguillette&east=53.114444&north=59.790833&featureClass=P&west=45.114444&south=51.790833,geonames,Казанскаго Намѣстничества,Казанского Наместничества,казанск,not_in_text,65,город Казанского Наместничества Въоном бывает ярмарка Маия с 6 Июня по 1 число для приезжающих на барочных караванах работных людей,городъ
1142,1,372,ЛАЛЬСКЪ,ЛАЛЬСК,Lal'sk,ЛАЛЬСК,Kirov,Russia,60.74146,47.58617,537094,RU,http://api.geonames.org/search?name=%D0%9B%D0%90%D0%9B%D0%AC%D0%A1%D0%9A&type=json&username=jaguillette&east=57.25&north=64.08&featureClass=P&west=37.83&south=57.25,geonames,Вологодскаго Намѣстничества,Вологодского Наместничества,вологодск,not_in_text,66,"город Вологодского Наместничества Здесь бывает в год четыре ярмарки :  первая Декабря 6 вторая Генваря 18 ,  третия Марта 25 четвертая Июня в первых числах ;  на оные привозят устюжские купцы разные мелочные товары а крестьянство сукна сермяжные холсты овчины ,  шубы и прочие всякие мелочные и съестные товары",городъ
1153,1,378,ЛИВНЫ,ЛИВНЫ,Livny,ЛИВНЫ,Orjol,Russia,52.42534,37.60689,534701,RU,http://api.geonames.org/search?name=%D0%9B%D0%98%D0%92%D0%9D%D0%AB&type=json&username=jaguillette&east=40.066667&north=56.966667&featureClass=P&west=32.066667&south=48.966667,geonames,Орловскаго Намѣстничества,Орловского Наместничества,орловск,not_in_text,67,город Орловского Наместничества Здесь бывает в год одна ярмарка после Пасхи на десятой неделе в пятницу приезжают на оную купцы из окрестных городов с шелковыми и про чими мелочными товарами также собираются и крестьяне с своими издельями,городъ
1165,1,380,ЛИПЕЦКЪ,ЛИПЕЦК,Lipetsk,ЛИПЕЦК,Lipetsk,Russia,52.60311,39.57076,535121,RU,http://api.geonames.org/search?name=%D0%9B%D0%98%D0%9F%D0%95%D0%A6%D0%9A&type=json&username=jaguillette&east=45.433333&north=56.716667&featureClass=P&west=37.433333&south=48.716667,geonames,Тамбовскаго Намѣстничества,Тамбовского Наместничества,тамбовск,not_in_text,67,город Тамбовского Наместничества В нем бывают в году три ярмарки :  первая Апреля 21 вторая Июня 23 третия Августа 15 чисел Приезжают на оные из ближних городов купцы и торгуют дня по два разными товарами,городъ
1173,1,384,ЛИХВИНЪ,ЛИХВИН,Chekalin,ЛИХВИН,Tula,Russia,54.09685,36.24499,569615,RU,http://api.geonames.org/search?name=%D0%9B%D0%98%D0%A5%D0%92%D0%98%D0%9D&type=json&username=jaguillette&east=40.266667&north=58.533333&featureClass=P&west=32.266667&south=50.533333,geonames,Калужскаго Намѣстничества,Калужского Наместничества,калужск,not_in_text,67,город Калужского Наместничества В оном бывает одна годовая ярмарка,городъ
1176,1,387,ЛОХВИЦА,ЛОХВИЦА,Lokhvytsya,ЛОХВИЦА,Poltava,Ukraine,50.36776,33.26024,702874,UA,http://api.geonames.org/search?name=%D0%9B%D0%9E%D0%A5%D0%92%D0%98%D0%A6%D0%90&type=json&username=jaguillette&east=35.3&north=55.5&featureClass=P&west=27.3&south=47.5,geonames,Черниговскаго Намѣстничества,Черниговского Наместничества,черниговск,not_in_text,68,"город Черниговского Наместничества Здесь бывает в году четыре ярмарки :  первая в день Преполовения ,  вторая в день Великомученика Прокопия третия в день Великомученика Евстафия четвертая на всеедной неделе приезжают на оные купцы из Российских и Малороссийских городов с красным товаром с кожами железом и прочим ЛУБНЫ город Киевского Наместничества В нем бывает в году четыре ярмарки первая на маслянице другая в Тройцын день третия в день Преображения ,  четвертая в День Покрова Богородицы купцы приезжают на оные из Великороссийских и Малороссийских городов с шелковыми ,  бумажными ,  шерстяными и прочими товарами внутреннего приуготовления ;  торгуют также скотом лошадьми горячим вином ,  кожами и прочим",городъ
1195,1,391,ЛУХЪ,ЛУХ,Lukh,ЛУХ,Ivanovo,Russia,57.01242,42.25838,533555,RU,http://api.geonames.org/search?name=%D0%9B%D0%A3%D0%A5&type=json&username=jaguillette&east=44.933333&north=61.766667&featureClass=P&west=36.933333&south=53.766667,geonames,Костромскаго Намѣстничества,Костромского Наместничества,кострома,not_in_text,69,город Костромского Наместничества В уезде оного при отчине Николаевского монастыря Тихоновой пустыне имеется ярмарка Июня 16 дня на которую привозит разных городов купечество шелковые и прочие товары,городъ
1204,1,395,ЛЮБЕЧЬ,ЛЮБЕЧЬ,Lyubech,ЛЮБЕЧЬ,Chernihiv,Ukraine,51.7026,30.65692,702477,UA,http://api.geonames.org/search?name=%D0%9B%D0%AE%D0%91%D0%95%D0%A7%D0%AC&type=json&username=jaguillette&east=35.3&north=55.5&featureClass=P&west=27.3&south=47.5,geonames,Черниговскаго Намѣстничества,Черниговского Наместничества,черниговск,not_in_text,69,"местечко Черниговского Наместничества В оном бывает в год две ярмарки :  первая Декабря 6 в день Святителя Николая вторая в день Вознесения Господня Торги ва оных и в ежедневные съезды отправляются привозными из окольных мест мелкими крамными вещами ,  хлебом глиняною посудою ,  кожами ,  колесами к другими крестьянскими товарами",мѣстечко
1205,1,396,ЛЮБИМЪ,ЛЮБИМ,Lyubim,ЛЮБИМ,Jaroslavl,Russia,58.3625,40.68433,532600,RU,http://api.geonames.org/search?name=%D0%9B%D0%AE%D0%91%D0%98%D0%9C&type=json&username=jaguillette&east=43.85&north=61.616667&featureClass=P&west=35.85&south=53.616667,geonames,Ярославскаго Намѣстничества,Ярославского Наместничества,ярославск,not_in_text,69,город Ярославского Наместничества В нем бывает в год две ярмарки первая в Тройцын день вторая Декабря 6 продолжав щияся только по одному дню На оные съезжаются из ближних городов купцы с шел-ювыми и прочими суровскими поварами   а из окрестных селений крестьяне с холстами а прочими издельями,городъ
1206,1,397,ЛЮТЕНКА,ЛЮТЕНКА,Lyuten'ka,ЛЮТЕНКА,Poltava,Ukraine,50.21084,34.0367,702381,UA,http://api.geonames.org/search?name=%D0%9B%D0%AE%D0%A2%D0%95%D0%9D%D0%9A%D0%90&type=json&username=jaguillette&east=35.3&north=55.5&featureClass=P&west=27.3&south=47.5,geonames,Черниговскаго Намѣстничества,Черниговского Наместничества,черниговск,Гадяцкомъ уѣздѣ,70,"местечко Черниговского Наместничества в Гадяцком уезде В оном бывает  в год три ярмарки первая в день Преполовения ,  вторая Июля 20 в день Св пророка Илии третия 1 Ноября в день Космы и Дамиана На оных околичные жители торгуют  хлебом разным скотом и съестными припасами как - то рыбою и солью",мѣстечко
1219,1,402,МАКАРЬЕВЪ,МАКАРЬЕВ,Makar'yev,МАКАРЬЕВ,Kostroma,Russia,57.88501,43.8049,532138,RU,http://api.geonames.org/search?name=%D0%9C%D0%90%D0%9A%D0%90%D0%A0%D0%AC%D0%95%D0%92&type=json&username=jaguillette&east=48.00205&north=60.32867&featureClass=P&west=40.00205&south=52.32867,geonames,Нижегородскаго Намѣстничества,Нижегородского Наместничества,нижегородск,not_in_text,70,"город Нижегородского Наместничества В нем бывает при тамошнем монастыре повсягодно славная ярмарка ,  начинающаяся со дня С Апостолов Петра и Павла и продолжающаяся три и четыре недели На оную съезжается великое множество купцов из всех стран Россия и Сибири ,  также с Герсидских ,  Турецких и Польских границ",городъ
