,0,1,2,3,4,5,6,7,8,9
0,1,not_found,not_found,not_found,not_found,not_found,not_found,not_found,http://api.geonames.org/search?north=90&west=-180&type=json&featureClass=P&name=%D0%B0%D0%BB%D0%B0%D1%82%D1%8B%D1%80%D1%8C%D1%81%D0%BA&east=180&south=-90&username=jaguillette,geonames
1,1,Aleksin,Tula,Russia,54.50503,37.0674,582750,RU,http://api.geonames.org/search?north=90&west=-180&type=json&featureClass=P&name=%D0%B0%D0%BB%D0%B5%D0%BA%D1%81%D0%B8%D0%BD&east=180&south=-90&username=jaguillette,geonames
2,1,Aleksino-Shatur,Moskovskaya,Russia,55.45557,39.52337,582715,RU,http://api.geonames.org/search?north=90&west=-180&type=json&featureClass=P&name=%D0%B0%D0%BB%D0%B5%D0%BA%D1%81%D0%B8%D0%BD&east=180&south=-90&username=jaguillette,geonames
3,1,Gąsówka Oleksin,Podlasie,Poland,52.95362,22.87128,772308,PL,http://api.geonames.org/search?north=90&west=-180&type=json&featureClass=P&name=%D0%B0%D0%BB%D0%B5%D0%BA%D1%81%D0%B8%D0%BD&east=180&south=-90&username=jaguillette,geonames
4,1,Malyy Oleksyn,Rivne,Ukraine,50.66068,26.21315,8441520,UA,http://api.geonames.org/search?north=90&west=-180&type=json&featureClass=P&name=%D0%B0%D0%BB%D0%B5%D0%BA%D1%81%D0%B8%D0%BD&east=180&south=-90&username=jaguillette,geonames
5,1,Velykyy Oleksyn,Rivne,Ukraine,50.66667,26.23333,690044,UA,http://api.geonames.org/search?north=90&west=-180&type=json&featureClass=P&name=%D0%B0%D0%BB%D0%B5%D0%BA%D1%81%D0%B8%D0%BD&east=180&south=-90&username=jaguillette,geonames
6,1,not_found,not_found,not_found,not_found,not_found,not_found,not_found,http://api.geonames.org/search?north=90&west=-180&type=json&featureClass=P&name=%D0%B0%D0%BB%D0%B5%D0%BA%D1%81%D0%B8%D0%BD%D1%81%D0%BA&east=180&south=-90&username=jaguillette,geonames
7,1,not_found,not_found,not_found,not_found,not_found,not_found,not_found,http://api.geonames.org/search?north=90&west=-180&type=json&featureClass=P&name=%D0%B0%D1%80%D0%B7%D0%B0%D0%BC%D0%B0%D1%81%D0%BA&east=180&south=-90&username=jaguillette,geonames
8,1,not_found,not_found,not_found,not_found,not_found,not_found,not_found,http://api.geonames.org/search?north=90&west=-180&type=json&featureClass=P&name=%D0%B0%D1%80%D1%81%D0%B0%D0%BC%D0%B0%D0%B7%D1%81%D0%BA&east=180&south=-90&username=jaguillette,geonames
9,1,not_found,not_found,not_found,not_found,not_found,not_found,not_found,http://api.geonames.org/search?north=90&west=-180&type=json&featureClass=P&name=%D0%B0%D1%80%D1%81%D0%B0%D0%BC%D0%B0%D0%B7%D1%81%D0%BA%D0%BE%D0%BC&east=180&south=-90&username=jaguillette,geonames
10,1,not_found,not_found,not_found,not_found,not_found,not_found,not_found,http://api.geonames.org/search?north=90&west=-180&type=json&featureClass=P&name=%D0%B0%D1%85%D1%82%D1%8B%D1%80%D0%BA&east=180&south=-90&username=jaguillette,geonames
11,1,not_found,not_found,not_found,not_found,not_found,not_found,not_found,http://api.geonames.org/search?north=90&west=-180&type=json&featureClass=P&name=%D0%B0%D1%85%D1%82%D1%8B%D1%80%D1%81%D0%BA&east=180&south=-90&username=jaguillette,geonames
12,1,not_found,not_found,not_found,not_found,not_found,not_found,not_found,http://api.geonames.org/search?north=90&west=-180&type=json&featureClass=P&name=%D0%B1%D0%B0%D0%B1%D0%B8%D0%BD%D0%BE%D0%B2%D0%B5%D1%86%D0%BA&east=180&south=-90&username=jaguillette,geonames
13,1,Bezhetsk,Tverskaya,Russia,57.78506,36.69651,576566,RU,http://api.geonames.org/search?north=90&west=-180&type=json&featureClass=P&name=%D0%B1%D0%B5%D0%B6%D0%B5%D1%86%D0%BA&east=180&south=-90&username=jaguillette,geonames
14,1,Bezhetsk,Tverskaya,Russia,57.78506,36.69651,576566,RU,http://api.geonames.org/search?north=90&west=-180&type=json&featureClass=P&name=%D0%B1%D0%B5%D0%B6%D0%B5%D1%86%D0%BA&east=180&south=-90&username=jaguillette,geonames
15,1,not_found,not_found,not_found,not_found,not_found,not_found,not_found,http://api.geonames.org/search?north=90&west=-180&type=json&featureClass=P&name=%D0%B1%D0%B5%D0%BB%D0%B5%D0%B2%D1%81%D0%BA&east=180&south=-90&username=jaguillette,geonames
16,1,Belitsk,Gomel,Belarus,52.9395,30.4122,630295,BY,http://api.geonames.org/search?north=90&west=-180&type=json&featureClass=P&name=%D0%B1%D0%B5%D0%BB%D0%B8%D1%86%D0%BA&east=180&south=-90&username=jaguillette,geonames
17,1,not_found,not_found,not_found,not_found,not_found,not_found,not_found,http://api.geonames.org/search?north=90&west=-180&type=json&featureClass=P&name=%D0%B1%D0%B5%D0%BB%D0%BE%D0%B3%D0%BE%D1%80%D0%BE%D0%B4%D1%81%D0%BA&east=180&south=-90&username=jaguillette,geonames
18,1,not_found,not_found,not_found,not_found,not_found,not_found,not_found,http://api.geonames.org/search?north=90&west=-180&type=json&featureClass=P&name=%D0%B1%D0%B5%D0%BB%D0%BE%D0%B3%D0%BE%D1%80%D0%BE%D0%B4%D1%81%D0%BA&east=180&south=-90&username=jaguillette,geonames
19,1,Belozersk,Vologda,Russia,60.0288,37.8084,577711,RU,http://api.geonames.org/search?north=90&west=-180&type=json&featureClass=P&name=%D0%B1%D0%B5%D0%BB%D0%BE%D0%B7%D0%B5%D1%80%D1%81%D0%BA&east=180&south=-90&username=jaguillette,geonames
20,1,Beloozersk,Respublika Buryatiya,Russia,50.6505,105.7124,2026888,RU,http://api.geonames.org/search?north=90&west=-180&type=json&featureClass=P&name=%D0%B1%D0%B5%D0%BB%D0%BE%D0%B7%D0%B5%D1%80%D1%81%D0%BA&east=180&south=-90&username=jaguillette,geonames
21,1,not_found,not_found,not_found,not_found,not_found,not_found,not_found,http://api.geonames.org/search?north=90&west=-180&type=json&featureClass=P&name=%D0%B2%D0%B0%D0%BB%D1%83%D0%B5%D0%BA&east=180&south=-90&username=jaguillette,geonames
22,1,not_found,not_found,not_found,not_found,not_found,not_found,not_found,http://api.geonames.org/search?north=90&west=-180&type=json&featureClass=P&name=%D0%B2%D0%B5%D0%BB%D0%B8%D0%BA%D0%BE%D0%BB%D1%83%D1%86%D0%BA&east=180&south=-90&username=jaguillette,geonames
23,1,not_found,not_found,not_found,not_found,not_found,not_found,not_found,http://api.geonames.org/search?north=90&west=-180&type=json&featureClass=P&name=%D0%B2%D0%B5%D0%BD%D0%B5%D0%B2%D1%81%D0%BA&east=180&south=-90&username=jaguillette,geonames
24,1,not_found,not_found,not_found,not_found,not_found,not_found,not_found,http://api.geonames.org/search?north=90&west=-180&type=json&featureClass=P&name=%D0%B2%D0%B5%D1%80%D0%B5%D0%B9%D1%81%D0%BA&east=180&south=-90&username=jaguillette,geonames
25,1,not_found,not_found,not_found,not_found,not_found,not_found,not_found,http://api.geonames.org/search?north=90&west=-180&type=json&featureClass=P&name=%D0%B2%D0%B5%D1%80%D1%85%D0%BD%D0%B5%D1%83%D0%B4%D0%B8%D0%B2%D1%81%D0%BA&east=180&south=-90&username=jaguillette,geonames
26,1,not_found,not_found,not_found,not_found,not_found,not_found,not_found,http://api.geonames.org/search?north=90&west=-180&type=json&featureClass=P&name=%D0%B2%D0%BE%D0%BB%D0%BE%D0%B3%D0%BE%D0%B4%D1%81%D0%BA&east=180&south=-90&username=jaguillette,geonames
27,1,not_found,not_found,not_found,not_found,not_found,not_found,not_found,http://api.geonames.org/search?north=90&west=-180&type=json&featureClass=P&name=%D0%B2%D0%BE%D0%BB%D0%BE%D0%B3%D0%BE%D0%B4%D1%81%D0%BA&east=180&south=-90&username=jaguillette,geonames
28,1,Volokolamsk,Moskovskaya,Russia,56.03361,35.96944,472433,RU,http://api.geonames.org/search?north=90&west=-180&type=json&featureClass=P&name=%D0%B2%D0%BE%D0%BB%D0%BE%D0%BA%D0%BE%D0%BB%D0%B0%D0%BC%D1%81%D0%BA&east=180&south=-90&username=jaguillette,geonames
29,1,Privokzal'nyy,Moskovskaya,Russia,56.00011,35.92156,505111,RU,http://api.geonames.org/search?north=90&west=-180&type=json&featureClass=P&name=%D0%B2%D0%BE%D0%BB%D0%BE%D0%BA%D0%BE%D0%BB%D0%B0%D0%BC%D1%81%D0%BA&east=180&south=-90&username=jaguillette,geonames
30,1,not_found,not_found,not_found,not_found,not_found,not_found,not_found,http://api.geonames.org/search?north=90&west=-180&type=json&featureClass=P&name=%D0%B2%D1%8B%D0%B1%D0%BE%D1%80%D0%B3%D1%81%D0%BA&east=180&south=-90&username=jaguillette,geonames
31,1,not_found,not_found,not_found,not_found,not_found,not_found,not_found,http://api.geonames.org/search?north=90&west=-180&type=json&featureClass=P&name=%D0%B3%D0%B0%D0%B4%D1%8F%D1%86%D0%BA&east=180&south=-90&username=jaguillette,geonames
32,1,not_found,not_found,not_found,not_found,not_found,not_found,not_found,http://api.geonames.org/search?north=90&west=-180&type=json&featureClass=P&name=%D0%B3%D0%BE%D1%80%D0%BE%D1%85%D0%BE%D0%B2%D0%B5%D1%86%D0%BA&east=180&south=-90&username=jaguillette,geonames
33,1,not_found,not_found,not_found,not_found,not_found,not_found,not_found,http://api.geonames.org/search?north=90&west=-180&type=json&featureClass=P&name=%D0%B3%D0%BE%D1%80%D0%BE%D1%85%D0%BE%D0%B2%D1%81%D0%BA&east=180&south=-90&username=jaguillette,geonames
34,1,not_found,not_found,not_found,not_found,not_found,not_found,not_found,http://api.geonames.org/search?north=90&west=-180&type=json&featureClass=P&name=%D0%B4%D0%B8%D0%BD%D0%B0%D0%B1%D1%83%D1%80%D0%B3&east=180&south=-90&username=jaguillette,geonames
35,1,not_found,not_found,not_found,not_found,not_found,not_found,not_found,http://api.geonames.org/search?north=90&west=-180&type=json&featureClass=P&name=%D0%B4%D0%B8%D0%BD%D0%B0%D0%B1%D1%83%D1%80%D0%B3%D1%81%D0%BA&east=180&south=-90&username=jaguillette,geonames
36,1,Dmitrovsk-Orlovskiy,Orjol,Russia,52.505,35.1464,565908,RU,http://api.geonames.org/search?north=90&west=-180&type=json&featureClass=P&name=%D0%B4%D0%BC%D0%B8%D1%82%D1%80%D0%BE%D0%B2%D1%81%D0%BA&east=180&south=-90&username=jaguillette,geonames
37,1,not_found,not_found,not_found,not_found,not_found,not_found,not_found,http://api.geonames.org/search?north=90&west=-180&type=json&featureClass=P&name=%D0%B4%D0%BE%D0%BD%D0%BA%D0%BE%D0%B2%D1%81%D0%BA&east=180&south=-90&username=jaguillette,geonames
38,1,not_found,not_found,not_found,not_found,not_found,not_found,not_found,http://api.geonames.org/search?north=90&west=-180&type=json&featureClass=P&name=%D0%B5%D0%BA%D0%B0%D1%82%D0%B5%D1%80%D0%B8%D0%BD%D0%BE%D1%81%D0%BB%D0%B0%D0%B2%D1%81%D0%BA&east=180&south=-90&username=jaguillette,geonames
39,1,not_found,not_found,not_found,not_found,not_found,not_found,not_found,http://api.geonames.org/search?north=90&west=-180&type=json&featureClass=P&name=%D0%B5%D0%BB%D0%B5%D1%86%D0%BA&east=180&south=-90&username=jaguillette,geonames
40,1,not_found,not_found,not_found,not_found,not_found,not_found,not_found,http://api.geonames.org/search?north=90&west=-180&type=json&featureClass=P&name=%D0%B5%D0%BF%D0%B8%D1%84%D0%B0%D0%BD%D1%81%D0%BA&east=180&south=-90&username=jaguillette,geonames
41,1,Zaraysk,Moskovskaya,Russia,54.7605,38.87841,464687,RU,http://api.geonames.org/search?north=90&west=-180&type=json&featureClass=P&name=%D0%B7%D0%B0%D1%80%D0%B0%D0%B9%D1%81%D0%BA&east=180&south=-90&username=jaguillette,geonames
42,1,not_found,not_found,not_found,not_found,not_found,not_found,not_found,http://api.geonames.org/search?north=90&west=-180&type=json&featureClass=P&name=%D0%B7%D0%B2%D0%B5%D0%BD%D0%B8%D0%B3%D0%BE%D1%80%D0%BE%D0%B4%D1%81%D0%BA&east=180&south=-90&username=jaguillette,geonames
43,1,Zubtsov,Tverskaya,Russia,56.17534,34.58935,462008,RU,http://api.geonames.org/search?north=90&west=-180&type=json&featureClass=P&name=%D0%B7%D1%83%D0%B1%D1%86%D0%BE%D0%B2&east=180&south=-90&username=jaguillette,geonames
44,1,Izyum,Kharkiv,Ukraine,49.20875,37.24848,707292,UA,http://api.geonames.org/search?north=90&west=-180&type=json&featureClass=P&name=%D0%B8%D0%B7%D1%8E%D0%BC&east=180&south=-90&username=jaguillette,geonames
45,1,not_found,not_found,not_found,not_found,not_found,not_found,not_found,http://api.geonames.org/search?north=90&west=-180&type=json&featureClass=P&name=%D0%B8%D0%B7%D1%8E%D0%BC%D0%BE%D0%B2%D1%81%D0%BA&east=180&south=-90&username=jaguillette,geonames
46,1,not_found,not_found,not_found,not_found,not_found,not_found,not_found,http://api.geonames.org/search?north=90&west=-180&type=json&featureClass=P&name=%D0%B8%D0%B7%D1%8E%D0%BC%D1%81%D0%BA&east=180&south=-90&username=jaguillette,geonames
47,1,not_found,not_found,not_found,not_found,not_found,not_found,not_found,http://api.geonames.org/search?north=90&west=-180&type=json&featureClass=P&name=%D0%BA%D0%B0%D1%81%D0%B8%D0%BC%D0%BE%D0%B2%D1%81%D0%BA&east=180&south=-90&username=jaguillette,geonames
48,1,not_found,not_found,not_found,not_found,not_found,not_found,not_found,http://api.geonames.org/search?north=90&west=-180&type=json&featureClass=P&name=%D0%BA%D0%B0%D1%88%D0%B8%D0%BD%D1%81%D0%BA&east=180&south=-90&username=jaguillette,geonames
49,1,Kamin’-Kashyrs’kyy,Volyn,Ukraine,51.62412,24.95864,707025,UA,http://api.geonames.org/search?north=90&west=-180&type=json&featureClass=P&name=%D0%BA%D0%B0%D1%88%D0%B8%D1%80%D1%81%D0%BA&east=180&south=-90&username=jaguillette,geonames
50,1,Vadinsk,Penza,Russia,53.69157,43.05744,477418,RU,http://api.geonames.org/search?north=90&west=-180&type=json&featureClass=P&name=%D0%BA%D0%B5%D1%80%D0%B5%D0%BD%D1%81%D0%BA&east=180&south=-90&username=jaguillette,geonames
51,1,not_found,not_found,not_found,not_found,not_found,not_found,not_found,http://api.geonames.org/search?north=90&west=-180&type=json&featureClass=P&name=%D0%BA%D0%B8%D0%BD%D0%B5%D1%88%D0%BC&east=180&south=-90&username=jaguillette,geonames
52,1,Kirensk,Irkutsk,Russia,57.78528,108.11194,2022083,RU,http://api.geonames.org/search?north=90&west=-180&type=json&featureClass=P&name=%D0%BA%D0%B8%D1%80%D0%B5%D0%BD%D1%81%D0%BA&east=180&south=-90&username=jaguillette,geonames
53,1,Kraskino,Primorskiy,Russia,42.71071,130.78126,2021644,RU,http://api.geonames.org/search?north=90&west=-180&type=json&featureClass=P&name=%D0%BA%D0%B8%D0%B5%D0%B2%D1%81%D0%BA&east=180&south=-90&username=jaguillette,geonames
54,1,not_found,not_found,not_found,not_found,not_found,not_found,not_found,http://api.geonames.org/search?north=90&west=-180&type=json&featureClass=P&name=%D0%BA%D0%BB%D0%B8%D0%BC%D0%BE%D0%B2%D0%B8%D1%86%D0%BA&east=180&south=-90&username=jaguillette,geonames
55,1,Kozel'sk,Kaluga,Russia,54.03746,35.77159,543348,RU,http://api.geonames.org/search?north=90&west=-180&type=json&featureClass=P&name=%D0%BA%D0%BE%D0%B7%D0%B5%D0%BB%D1%8C%D1%81%D0%BA&east=180&south=-90&username=jaguillette,geonames
56,1,Nikolayevka,Dnipropetrovsk,Ukraine,47.64108,33.21977,700156,UA,http://api.geonames.org/search?north=90&west=-180&type=json&featureClass=P&name=%D0%BA%D0%BE%D0%B7%D0%B5%D0%BB%D1%8C%D1%81%D0%BA&east=180&south=-90&username=jaguillette,geonames
57,1,Kozlov,Volgograd,Russia,49.7074,42.6563,543182,RU,http://api.geonames.org/search?north=90&west=-180&type=json&featureClass=P&name=%D0%BA%D0%BE%D0%B7%D0%BB%D0%BE%D0%B2&east=180&south=-90&username=jaguillette,geonames
58,1,Kozlov,Voronezj,Russia,49.78111,40.30778,808977,RU,http://api.geonames.org/search?north=90&west=-180&type=json&featureClass=P&name=%D0%BA%D0%BE%D0%B7%D0%BB%D0%BE%D0%B2&east=180&south=-90&username=jaguillette,geonames
59,1,Kozlov,Krasnodarskiy,Russia,45.24639,40.53472,802840,RU,http://api.geonames.org/search?north=90&west=-180&type=json&featureClass=P&name=%D0%BA%D0%BE%D0%B7%D0%BB%D0%BE%D0%B2&east=180&south=-90&username=jaguillette,geonames
60,1,Kozlov,Stavropol'skiy,Russia,45.2194,41.688,543061,RU,http://api.geonames.org/search?north=90&west=-180&type=json&featureClass=P&name=%D0%BA%D0%BE%D0%B7%D0%BB%D0%BE%D0%B2&east=180&south=-90&username=jaguillette,geonames
61,1,Kozlov,Chechnya,Russia,43.72506,45.55625,802419,RU,http://api.geonames.org/search?north=90&west=-180&type=json&featureClass=P&name=%D0%BA%D0%BE%D0%B7%D0%BB%D0%BE%D0%B2&east=180&south=-90&username=jaguillette,geonames
62,1,Kozlov,Volgograd,Russia,49.75812,44.08336,7042180,RU,http://api.geonames.org/search?north=90&west=-180&type=json&featureClass=P&name=%D0%BA%D0%BE%D0%B7%D0%BB%D0%BE%D0%B2&east=180&south=-90&username=jaguillette,geonames
63,1,Kozlov,Volgograd,Russia,49.6287,43.9466,7752131,RU,http://api.geonames.org/search?north=90&west=-180&type=json&featureClass=P&name=%D0%BA%D0%BE%D0%B7%D0%BB%D0%BE%D0%B2&east=180&south=-90&username=jaguillette,geonames
64,1,Kozlov Bereg,Pskov,Russia,58.94917,27.72544,543175,RU,http://api.geonames.org/search?north=90&west=-180&type=json&featureClass=P&name=%D0%BA%D0%BE%D0%B7%D0%BB%D0%BE%D0%B2&east=180&south=-90&username=jaguillette,geonames
65,1,Kozlov,Ternopil,Ukraine,49.55572,25.34422,704540,UA,http://api.geonames.org/search?north=90&west=-180&type=json&featureClass=P&name=%D0%BA%D0%BE%D0%B7%D0%BB%D0%BE%D0%B2&east=180&south=-90&username=jaguillette,geonames
66,1,Kozlov,Karlovarský,Czech Republic,50.28994,13.13484,3073011,CZ,http://api.geonames.org/search?north=90&west=-180&type=json&featureClass=P&name=%D0%BA%D0%BE%D0%B7%D0%BB%D0%BE%D0%B2&east=180&south=-90&username=jaguillette,geonames
67,1,Kozlov,Olomoucký,Czech Republic,49.60394,17.53559,3073015,CZ,http://api.geonames.org/search?north=90&west=-180&type=json&featureClass=P&name=%D0%BA%D0%BE%D0%B7%D0%BB%D0%BE%D0%B2&east=180&south=-90&username=jaguillette,geonames
68,1,Kozlov,Lviv,Ukraine,49.95884,24.5295,704538,UA,http://api.geonames.org/search?north=90&west=-180&type=json&featureClass=P&name=%D0%BA%D0%BE%D0%B7%D0%BB%D0%BE%D0%B2&east=180&south=-90&username=jaguillette,geonames
69,1,Kozlov Bereg,Minskaja Voblasts’,Belarus,53.8246,29.2934,626707,BY,http://api.geonames.org/search?north=90&west=-180&type=json&featureClass=P&name=%D0%BA%D0%BE%D0%B7%D0%BB%D0%BE%D0%B2&east=180&south=-90&username=jaguillette,geonames
70,1,Kozlov,Vysočina,Czech Republic,49.41304,15.70046,3073017,CZ,http://api.geonames.org/search?north=90&west=-180&type=json&featureClass=P&name=%D0%BA%D0%BE%D0%B7%D0%BB%D0%BE%D0%B2&east=180&south=-90&username=jaguillette,geonames
71,1,Kozlov,Vysočina,Czech Republic,49.37914,16.07867,3073018,CZ,http://api.geonames.org/search?north=90&west=-180&type=json&featureClass=P&name=%D0%BA%D0%BE%D0%B7%D0%BB%D0%BE%D0%B2&east=180&south=-90&username=jaguillette,geonames
72,1,Kozlov,Karlovarský,Czech Republic,50.1074,13.02698,3073012,CZ,http://api.geonames.org/search?north=90&west=-180&type=json&featureClass=P&name=%D0%BA%D0%BE%D0%B7%D0%BB%D0%BE%D0%B2&east=180&south=-90&username=jaguillette,geonames
73,1,Kozlov,Pardubický,Czech Republic,49.88271,16.41171,3073013,CZ,http://api.geonames.org/search?north=90&west=-180&type=json&featureClass=P&name=%D0%BA%D0%BE%D0%B7%D0%BB%D0%BE%D0%B2&east=180&south=-90&username=jaguillette,geonames
74,1,Kozlov,Vysočina,Czech Republic,49.73456,15.29297,3073014,CZ,http://api.geonames.org/search?north=90&west=-180&type=json&featureClass=P&name=%D0%BA%D0%BE%D0%B7%D0%BB%D0%BE%D0%B2&east=180&south=-90&username=jaguillette,geonames
75,1,Kozlov,Vysočina,Czech Republic,49.505,16.3156,3073016,CZ,http://api.geonames.org/search?north=90&west=-180&type=json&featureClass=P&name=%D0%BA%D0%BE%D0%B7%D0%BB%D0%BE%D0%B2&east=180&south=-90&username=jaguillette,geonames
76,1,Kozlov,Jihočeský,Czech Republic,49.29748,13.74845,3073019,CZ,http://api.geonames.org/search?north=90&west=-180&type=json&featureClass=P&name=%D0%BA%D0%BE%D0%B7%D0%BB%D0%BE%D0%B2&east=180&south=-90&username=jaguillette,geonames
77,1,Kozlov,Kharkiv,Ukraine,50.22806,36.58667,806584,UA,http://api.geonames.org/search?north=90&west=-180&type=json&featureClass=P&name=%D0%BA%D0%BE%D0%B7%D0%BB%D0%BE%D0%B2&east=180&south=-90&username=jaguillette,geonames
78,1,Kozlov,Kiev,Ukraine,50.21695,31.57174,704537,UA,http://api.geonames.org/search?north=90&west=-180&type=json&featureClass=P&name=%D0%BA%D0%BE%D0%B7%D0%BB%D0%BE%D0%B2&east=180&south=-90&username=jaguillette,geonames
79,1,Yevpatoria,Crimea,Ukraine,45.20091,33.36655,688105,UA,http://api.geonames.org/search?north=90&west=-180&type=json&featureClass=P&name=%D0%BA%D0%BE%D0%B7%D0%BB%D0%BE%D0%B2&east=180&south=-90&username=jaguillette,geonames
80,1,Kozliv,Volyn,Ukraine,50.71626,24.66647,704531,UA,http://api.geonames.org/search?north=90&west=-180&type=json&featureClass=P&name=%D0%BA%D0%BE%D0%B7%D0%BB%D0%BE%D0%B2&east=180&south=-90&username=jaguillette,geonames
81,1,Michurinsk,Tambov,Russia,52.8978,40.4907,527191,RU,http://api.geonames.org/search?north=90&west=-180&type=json&featureClass=P&name=%D0%BA%D0%BE%D0%B7%D0%BB%D0%BE%D0%B2&east=180&south=-90&username=jaguillette,geonames
82,1,Kozlove,Luhansk,Ukraine,49.86278,39.16583,704539,UA,http://api.geonames.org/search?north=90&west=-180&type=json&featureClass=P&name=%D0%BA%D0%BE%D0%B7%D0%BB%D0%BE%D0%B2&east=180&south=-90&username=jaguillette,geonames
83,1,Kozlov Log,Kostroma,Russia,59.25,46.25,543120,RU,http://api.geonames.org/search?north=90&west=-180&type=json&featureClass=P&name=%D0%BA%D0%BE%D0%B7%D0%BB%D0%BE%D0%B2&east=180&south=-90&username=jaguillette,geonames
84,1,Kozlovo,Tverskaya,Russia,57.57389,35.47583,543090,RU,http://api.geonames.org/search?north=90&west=-180&type=json&featureClass=P&name=%D0%BA%D0%BE%D0%B7%D0%BB%D0%BE%D0%B2&east=180&south=-90&username=jaguillette,geonames
85,1,not_found,not_found,not_found,not_found,not_found,not_found,not_found,http://api.geonames.org/search?north=90&west=-180&type=json&featureClass=P&name=%D0%BA%D0%BE%D0%B7%D0%BB%D0%BE%D0%B2%D1%81%D0%BA&east=180&south=-90&username=jaguillette,geonames
86,1,not_found,not_found,not_found,not_found,not_found,not_found,not_found,http://api.geonames.org/search?north=90&west=-180&type=json&featureClass=P&name=%D0%BA%D0%BE%D0%BB%D0%BE%D0%BC%D0%B5%D0%BD%D1%81%D0%BA&east=180&south=-90&username=jaguillette,geonames
87,1,not_found,not_found,not_found,not_found,not_found,not_found,not_found,http://api.geonames.org/search?north=90&west=-180&type=json&featureClass=P&name=%D0%BA%D0%BE%D0%BB%D0%BE%D0%BC%D0%BD&east=180&south=-90&username=jaguillette,geonames
88,1,Qom,Qom,Iran,34.6401,50.8764,119208,IR,http://api.geonames.org/search?north=90&west=-180&type=json&featureClass=P&name=%D0%BA%D0%BE%D0%BC&east=180&south=-90&username=jaguillette,geonames
89,1,Kom Ombo,Aswān,Egypt,24.47669,32.94626,353802,EG,http://api.geonames.org/search?north=90&west=-180&type=json&featureClass=P&name=%D0%BA%D0%BE%D0%BC&east=180&south=-90&username=jaguillette,geonames
90,1,Kom,Komi Republic,Russia,60.26582,51.17368,545962,RU,http://api.geonames.org/search?north=90&west=-180&type=json&featureClass=P&name=%D0%BA%D0%BE%D0%BC&east=180&south=-90&username=jaguillette,geonames
91,1,Kampong Saom,Preah Sihanouk,Cambodia,10.60932,103.52958,1831142,KH,http://api.geonames.org/search?north=90&west=-180&type=json&featureClass=P&name=%D0%BA%D0%BE%D0%BC&east=180&south=-90&username=jaguillette,geonames
92,1,Shibīn al Kawm,Al Minūfīyah,Egypt,30.55258,31.00904,349158,EG,http://api.geonames.org/search?north=90&west=-180&type=json&featureClass=P&name=%D0%BA%D0%BE%D0%BC&east=180&south=-90&username=jaguillette,geonames
93,1,Kom,Muş,Turkey,39.03701,41.44972,321174,TR,http://api.geonames.org/search?north=90&west=-180&type=json&featureClass=P&name=%D0%BA%D0%BE%D0%BC&east=180&south=-90&username=jaguillette,geonames
94,1,Pochinok Kom,Komi Republic,Russia,60.2,51.3,508556,RU,http://api.geonames.org/search?north=90&west=-180&type=json&featureClass=P&name=%D0%BA%D0%BE%D0%BC&east=180&south=-90&username=jaguillette,geonames
95,1,Bản Kom,Nghệ An,Vietnam,19.39856,104.52513,1574309,VN,http://api.geonames.org/search?north=90&west=-180&type=json&featureClass=P&name=%D0%BA%D0%BE%D0%BC&east=180&south=-90&username=jaguillette,geonames
96,1,Kom,Van,Turkey,38.78333,43.43333,306702,TR,http://api.geonames.org/search?north=90&west=-180&type=json&featureClass=P&name=%D0%BA%D0%BE%D0%BC&east=180&south=-90&username=jaguillette,geonames
97,1,Kom,Mandoul,Chad,9.56893,17.30282,2430085,TD,http://api.geonames.org/search?north=90&west=-180&type=json&featureClass=P&name=%D0%BA%D0%BE%D0%BC&east=180&south=-90&username=jaguillette,geonames
98,1,Kom,Mopti,Mali,15.5074,-4.1045,2454901,ML,http://api.geonames.org/search?north=90&west=-180&type=json&featureClass=P&name=%D0%BA%D0%BE%D0%BC&east=180&south=-90&username=jaguillette,geonames
99,1,Kom,Mopti,Mali,14.183,-3.64929,2454902,ML,http://api.geonames.org/search?north=90&west=-180&type=json&featureClass=P&name=%D0%BA%D0%BE%D0%BC&east=180&south=-90&username=jaguillette,geonames
100,1,Kom,Bago,Myanmar [Burma],18.45,96.25,1318687,MM,http://api.geonames.org/search?north=90&west=-180&type=json&featureClass=P&name=%D0%BA%D0%BE%D0%BC&east=180&south=-90&username=jaguillette,geonames
101,1,Kom,Isiolo,Kenya,1.08333,38.03333,190661,KE,http://api.geonames.org/search?north=90&west=-180&type=json&featureClass=P&name=%D0%BA%D0%BE%D0%BC&east=180&south=-90&username=jaguillette,geonames
102,1,Kom,Zadarska,Croatia,44.08083,15.68944,3215327,HR,http://api.geonames.org/search?north=90&west=-180&type=json&featureClass=P&name=%D0%BA%D0%BE%D0%BC&east=180&south=-90&username=jaguillette,geonames
103,1,Phumĭ Chuŏr Kom,Pursat,Cambodia,12.91447,103.84707,1828700,KH,http://api.geonames.org/search?north=90&west=-180&type=json&featureClass=P&name=%D0%BA%D0%BE%D0%BC&east=180&south=-90&username=jaguillette,geonames
104,1,Kawm Ḩamādah,Al Buḩayrah,Egypt,30.76096,30.69733,353828,EG,http://api.geonames.org/search?north=90&west=-180&type=json&featureClass=P&name=%D0%BA%D0%BE%D0%BC&east=180&south=-90&username=jaguillette,geonames
105,1,Ban Kom,Nan,Thailand,18.67686,100.95511,1618967,TH,http://api.geonames.org/search?north=90&west=-180&type=json&featureClass=P&name=%D0%BA%D0%BE%D0%BC&east=180&south=-90&username=jaguillette,geonames
106,1,Kom,,Serbia,43.42917,19.39889,3342934,RS,http://api.geonames.org/search?north=90&west=-180&type=json&featureClass=P&name=%D0%BA%D0%BE%D0%BC&east=180&south=-90&username=jaguillette,geonames
107,1,Kom,Yucatán,Mexico,20.14919,-88.8912,9081681,MX,http://api.geonames.org/search?north=90&west=-180&type=json&featureClass=P&name=%D0%BA%D0%BE%D0%BC&east=180&south=-90&username=jaguillette,geonames
108,1,Kom,Yucatán,Mexico,20.90192,-88.5037,9083174,MX,http://api.geonames.org/search?north=90&west=-180&type=json&featureClass=P&name=%D0%BA%D0%BE%D0%BC&east=180&south=-90&username=jaguillette,geonames
109,1,Kom Kolā,Māzandarān,Iran,36.41226,52.36821,126710,IR,http://api.geonames.org/search?north=90&west=-180&type=json&featureClass=P&name=%D0%BA%D0%BE%D0%BC&east=180&south=-90&username=jaguillette,geonames
110,1,Kom Reẕvān,Hormozgān,Iran,27.05811,54.81028,7596943,IR,http://api.geonames.org/search?north=90&west=-180&type=json&featureClass=P&name=%D0%BA%D0%BE%D0%BC&east=180&south=-90&username=jaguillette,geonames
111,1,Kŏm-dong,Chungcheongnam-do,South Korea,36.7859,126.4954,6812091,KR,http://api.geonames.org/search?north=90&west=-180&type=json&featureClass=P&name=%D0%BA%D0%BE%D0%BC&east=180&south=-90&username=jaguillette,geonames
112,1,Kôm Turûga,Al Buḩayrah,Egypt,30.95944,30.15278,357257,EG,http://api.geonames.org/search?north=90&west=-180&type=json&featureClass=P&name=%D0%BA%D0%BE%D0%BC&east=180&south=-90&username=jaguillette,geonames
113,1,Hom,Xinjiang Uygur Zizhiqu,China,48.56472,87.42056,1529379,CN,http://api.geonames.org/search?north=90&west=-180&type=json&featureClass=P&name=%D0%BA%D0%BE%D0%BC&east=180&south=-90&username=jaguillette,geonames
114,1,Wān Lai-kom,Shan,Myanmar [Burma],21.37138,99.58896,1288518,MM,http://api.geonames.org/search?north=90&west=-180&type=json&featureClass=P&name=%D0%BA%D0%BE%D0%BC&east=180&south=-90&username=jaguillette,geonames
115,1,Kŏm-ch’on,Chungcheongbuk-do,South Korea,36.1949,127.6966,6886959,KR,http://api.geonames.org/search?north=90&west=-180&type=json&featureClass=P&name=%D0%BA%D0%BE%D0%BC&east=180&south=-90&username=jaguillette,geonames
116,1,Kumrū,Vardak,Afghanistan,34.66572,68.33254,1135706,AF,http://api.geonames.org/search?north=90&west=-180&type=json&featureClass=P&name=%D0%BA%D0%BE%D0%BC&east=180&south=-90&username=jaguillette,geonames
117,1,Kom-dong,Chagang-do,North Korea,40.92472,127.17417,6400160,KP,http://api.geonames.org/search?north=90&west=-180&type=json&featureClass=P&name=%D0%BA%D0%BE%D0%BC&east=180&south=-90&username=jaguillette,geonames
118,1,Ban Kom,Phayao,Thailand,19.51461,100.31614,1949850,TH,http://api.geonames.org/search?north=90&west=-180&type=json&featureClass=P&name=%D0%BA%D0%BE%D0%BC&east=180&south=-90&username=jaguillette,geonames
119,1,Kom-gol,Jeollabuk-do,South Korea,35.58602,127.52822,6896560,KR,http://api.geonames.org/search?north=90&west=-180&type=json&featureClass=P&name=%D0%BA%D0%BE%D0%BC&east=180&south=-90&username=jaguillette,geonames
120,1,Ban Kom,Lampang,Thailand,18.14189,99.63906,8268891,TH,http://api.geonames.org/search?north=90&west=-180&type=json&featureClass=P&name=%D0%BA%D0%BE%D0%BC&east=180&south=-90&username=jaguillette,geonames
121,1,Ocaklı,Van,Turkey,38.74514,43.42897,303716,TR,http://api.geonames.org/search?north=90&west=-180&type=json&featureClass=P&name=%D0%BA%D0%BE%D0%BC&east=180&south=-90&username=jaguillette,geonames
122,1,Komatsushimachō,Tokushima,Japan,34,134.58333,1858902,JP,http://api.geonames.org/search?north=90&west=-180&type=json&featureClass=P&name=%D0%BA%D0%BE%D0%BC&east=180&south=-90&username=jaguillette,geonames
123,1,Phumĭ Kom Phlaeub,Siem Reap,Cambodia,13.85201,103.7923,1827482,KH,http://api.geonames.org/search?north=90&west=-180&type=json&featureClass=P&name=%D0%BA%D0%BE%D0%BC&east=180&south=-90&username=jaguillette,geonames
124,1,Arkoma,Oklahoma,United States,35.35454,-94.4341,4529480,US,http://api.geonames.org/search?north=90&west=-180&type=json&featureClass=P&name=%D0%BA%D0%BE%D0%BC&east=180&south=-90&username=jaguillette,geonames
125,1,Kawm an Nūr,Ad Daqahlīyah,Egypt,30.72893,31.2954,353867,EG,http://api.geonames.org/search?north=90&west=-180&type=json&featureClass=P&name=%D0%BA%D0%BE%D0%BC&east=180&south=-90&username=jaguillette,geonames
126,1,Nam-kom,Shan,Myanmar [Burma],21.76103,97.60059,1306858,MM,http://api.geonames.org/search?north=90&west=-180&type=json&featureClass=P&name=%D0%BA%D0%BE%D0%BC&east=180&south=-90&username=jaguillette,geonames
127,1,Kat-kom,Shan,Myanmar [Burma],22.36848,97.73652,1320105,MM,http://api.geonames.org/search?north=90&west=-180&type=json&featureClass=P&name=%D0%BA%D0%BE%D0%BC&east=180&south=-90&username=jaguillette,geonames
128,1,Hpak-kom,Shan,Myanmar [Burma],22.43617,97.24053,1323786,MM,http://api.geonames.org/search?north=90&west=-180&type=json&featureClass=P&name=%D0%BA%D0%BE%D0%BC&east=180&south=-90&username=jaguillette,geonames
129,1,Naj‘ Kawm Bisāw,Red Sea,Egypt,27.31961,31.10502,351417,EG,http://api.geonames.org/search?north=90&west=-180&type=json&featureClass=P&name=%D0%BA%D0%BE%D0%BC&east=180&south=-90&username=jaguillette,geonames
130,1,Kawm Zumrān,Al Buḩayrah,Egypt,30.83361,30.57833,353798,EG,http://api.geonames.org/search?north=90&west=-180&type=json&featureClass=P&name=%D0%BA%D0%BE%D0%BC&east=180&south=-90&username=jaguillette,geonames
131,1,Kawm Dayr Shū,Asyūţ,Egypt,27.3,31.13333,353834,EG,http://api.geonames.org/search?north=90&west=-180&type=json&featureClass=P&name=%D0%BA%D0%BE%D0%BC&east=180&south=-90&username=jaguillette,geonames
132,1,Kawm as Samn,Al Qalyūbīyah,Egypt,30.21618,31.28602,353855,EG,http://api.geonames.org/search?north=90&west=-180&type=json&featureClass=P&name=%D0%BA%D0%BE%D0%BC&east=180&south=-90&username=jaguillette,geonames
133,1,Kawm an Najjār,Al Gharbīyah,Egypt,30.95662,30.88376,353869,EG,http://api.geonames.org/search?north=90&west=-180&type=json&featureClass=P&name=%D0%BA%D0%BE%D0%BC&east=180&south=-90&username=jaguillette,geonames
134,1,Kom’ya,Vologda,Russia,59.03333,40.3,545687,RU,http://api.geonames.org/search?north=90&west=-180&type=json&featureClass=P&name=%D0%BA%D0%BE%D0%BC&east=180&south=-90&username=jaguillette,geonames
135,1,Ban Kom,Lampang,Thailand,18.22922,99.42658,1156820,TH,http://api.geonames.org/search?north=90&west=-180&type=json&featureClass=P&name=%D0%BA%D0%BE%D0%BC&east=180&south=-90&username=jaguillette,geonames
136,1,Ban Pang Kom,Songkhla,Thailand,6.75504,100.3586,1604483,TH,http://api.geonames.org/search?north=90&west=-180&type=json&featureClass=P&name=%D0%BA%D0%BE%D0%BC&east=180&south=-90&username=jaguillette,geonames
137,1,Kawm,Western Darfur,Sudan,13.51667,22.83333,372695,SD,http://api.geonames.org/search?north=90&west=-180&type=json&featureClass=P&name=%D0%BA%D0%BE%D0%BC&east=180&south=-90&username=jaguillette,geonames
138,1,Phumĭ Krâpeu Kom,Battambang,Cambodia,13.35,103.28333,1827129,KH,http://api.geonames.org/search?north=90&west=-180&type=json&featureClass=P&name=%D0%BA%D0%BE%D0%BC&east=180&south=-90&username=jaguillette,geonames
139,1,Kŏm-dong,Jeollanam-do,South Korea,34.86667,126.4,1842675,KR,http://api.geonames.org/search?north=90&west=-180&type=json&featureClass=P&name=%D0%BA%D0%BE%D0%BC&east=180&south=-90&username=jaguillette,geonames
140,1,Komo,Southern Highlands,Papua New Guinea,-6.06365,142.85527,2093577,PG,http://api.geonames.org/search?north=90&west=-180&type=json&featureClass=P&name=%D0%BA%D0%BE%D0%BC&east=180&south=-90&username=jaguillette,geonames
141,1,Ban I Kom,Roi Et,Thailand,15.94714,103.89558,1885229,TH,http://api.geonames.org/search?north=90&west=-180&type=json&featureClass=P&name=%D0%BA%D0%BE%D0%BC&east=180&south=-90&username=jaguillette,geonames
142,1,Ban Lang Kom,Surin,Thailand,14.53439,103.42842,1601783,TH,http://api.geonames.org/search?north=90&west=-180&type=json&featureClass=P&name=%D0%BA%D0%BE%D0%BC&east=180&south=-90&username=jaguillette,geonames
143,1,Mít Kom,Gia Lai,Vietnam,13.98757,107.56614,8701462,VN,http://api.geonames.org/search?north=90&west=-180&type=json&featureClass=P&name=%D0%BA%D0%BE%D0%BC&east=180&south=-90&username=jaguillette,geonames
144,1,‘Arab Kawm al Birkah,Al Buḩayrah,Egypt,31.0883,30.08556,360222,EG,http://api.geonames.org/search?north=90&west=-180&type=json&featureClass=P&name=%D0%BA%D0%BE%D0%BC&east=180&south=-90&username=jaguillette,geonames
145,1,Komotini,East Macedonia and Thrace,Greece,41.11917,25.40535,735640,GR,http://api.geonames.org/search?north=90&west=-180&type=json&featureClass=P&name=%D0%BA%D0%BE%D0%BC&east=180&south=-90&username=jaguillette,geonames
146,1,Isfaḩt,Asyūţ,Egypt,26.93739,31.32777,353822,EG,http://api.geonames.org/search?north=90&west=-180&type=json&featureClass=P&name=%D0%BA%D0%BE%D0%BC&east=180&south=-90&username=jaguillette,geonames
147,1,Kawm Ishqâw,Sūhāj,Egypt,26.84333,31.4217,360296,EG,http://api.geonames.org/search?north=90&west=-180&type=json&featureClass=P&name=%D0%BA%D0%BE%D0%BC&east=180&south=-90&username=jaguillette,geonames
148,1,Al Kawm,Homs,Syria,35.19224,38.85746,173650,SY,http://api.geonames.org/search?north=90&west=-180&type=json&featureClass=P&name=%D0%BA%D0%BE%D0%BC&east=180&south=-90&username=jaguillette,geonames
149,1,‘Ezbet Kôm el-Nigîli,Al Buḩayrah,Egypt,30.89889,30.23028,357261,EG,http://api.geonames.org/search?north=90&west=-180&type=json&featureClass=P&name=%D0%BA%D0%BE%D0%BC&east=180&south=-90&username=jaguillette,geonames
150,1,Al Kawm aţ Ţawīl,Kafr ash Shaykh,Egypt,31.19995,31.0888,360942,EG,http://api.geonames.org/search?north=90&west=-180&type=json&featureClass=P&name=%D0%BA%D0%BE%D0%BC&east=180&south=-90&username=jaguillette,geonames
151,1,Kommetjie,Western Cape,South Africa,-34.14065,18.32571,3365272,ZA,http://api.geonames.org/search?north=90&west=-180&type=json&featureClass=P&name=%D0%BA%D0%BE%D0%BC&east=180&south=-90&username=jaguillette,geonames
152,1,Sijīn al Kawm,Al Gharbīyah,Egypt,30.9088,31.05599,347954,EG,http://api.geonames.org/search?north=90&west=-180&type=json&featureClass=P&name=%D0%BA%D0%BE%D0%BC&east=180&south=-90&username=jaguillette,geonames
153,1,Kawm Birah,Al Jīzah,Egypt,30.07918,31.13142,353840,EG,http://api.geonames.org/search?north=90&west=-180&type=json&featureClass=P&name=%D0%BA%D0%BE%D0%BC&east=180&south=-90&username=jaguillette,geonames
154,1,Al Kawm al Aḩmar,Qinā,Egypt,26.07559,32.14542,353895,EG,http://api.geonames.org/search?north=90&west=-180&type=json&featureClass=P&name=%D0%BA%D0%BE%D0%BC&east=180&south=-90&username=jaguillette,geonames
155,1,Al Kawm al Akhḑar,Al Jīzah,Egypt,29.98893,31.15892,360946,EG,http://api.geonames.org/search?north=90&west=-180&type=json&featureClass=P&name=%D0%BA%D0%BE%D0%BC&east=180&south=-90&username=jaguillette,geonames
156,1,Gommal,Chungcheongbuk-do,South Korea,37.0703,128.60975,6794629,KR,http://api.geonames.org/search?north=90&west=-180&type=json&featureClass=P&name=%D0%BA%D0%BE%D0%BC&east=180&south=-90&username=jaguillette,geonames
157,1,Ban Khua Kom,Nan,Thailand,18.3575,100.72061,1617726,TH,http://api.geonames.org/search?north=90&west=-180&type=json&featureClass=P&name=%D0%BA%D0%BE%D0%BC&east=180&south=-90&username=jaguillette,geonames
158,1,Ban Pang Kom,Nan,Thailand,19.42033,100.682,1599224,TH,http://api.geonames.org/search?north=90&west=-180&type=json&featureClass=P&name=%D0%BA%D0%BE%D0%BC&east=180&south=-90&username=jaguillette,geonames
159,1,Ban Kham Kom,Changwat Ubon Ratchathani,Thailand,15.14936,105.35408,1602870,TH,http://api.geonames.org/search?north=90&west=-180&type=json&featureClass=P&name=%D0%BA%D0%BE%D0%BC&east=180&south=-90&username=jaguillette,geonames
160,1,Ban Khuang Kom,Lampang,Thailand,18.77758,99.52472,1119487,TH,http://api.geonames.org/search?north=90&west=-180&type=json&featureClass=P&name=%D0%BA%D0%BE%D0%BC&east=180&south=-90&username=jaguillette,geonames
161,1,Ban Kom Ko,Nan,Thailand,18.35025,100.72339,8230342,TH,http://api.geonames.org/search?north=90&west=-180&type=json&featureClass=P&name=%D0%BA%D0%BE%D0%BC&east=180&south=-90&username=jaguillette,geonames
162,1,Ban Doi Kom,Lamphun,Thailand,18.31819,98.82303,8218779,TH,http://api.geonames.org/search?north=90&west=-180&type=json&featureClass=P&name=%D0%BA%D0%BE%D0%BC&east=180&south=-90&username=jaguillette,geonames
163,1,Ban Dong Kom,Nakhon Phanom,Thailand,17.15478,104.72028,8027804,TH,http://api.geonames.org/search?north=90&west=-180&type=json&featureClass=P&name=%D0%BA%D0%BE%D0%BC&east=180&south=-90&username=jaguillette,geonames
164,1,Ban Kut Kom,Sakon Nakhon,Thailand,17.32636,103.84486,7917653,TH,http://api.geonames.org/search?north=90&west=-180&type=json&featureClass=P&name=%D0%BA%D0%BE%D0%BC&east=180&south=-90&username=jaguillette,geonames
165,1,Ban Kom,Changwat Udon Thani,Thailand,17.66903,102.37956,7680171,TH,http://api.geonames.org/search?north=90&west=-180&type=json&featureClass=P&name=%D0%BA%D0%BE%D0%BC&east=180&south=-90&username=jaguillette,geonames
166,1,Ban Sam Kom,Phetchabun,Thailand,16.30917,101.01603,8567696,TH,http://api.geonames.org/search?north=90&west=-180&type=json&featureClass=P&name=%D0%BA%D0%BE%D0%BC&east=180&south=-90&username=jaguillette,geonames
167,1,Ban Pang Kom,Chiang Mai,Thailand,19.17608,98.79089,8536278,TH,http://api.geonames.org/search?north=90&west=-180&type=json&featureClass=P&name=%D0%BA%D0%BE%D0%BC&east=180&south=-90&username=jaguillette,geonames
168,1,Ban Kham Kom,Khon Kaen,Thailand,16.64914,103.00764,9002809,TH,http://api.geonames.org/search?north=90&west=-180&type=json&featureClass=P&name=%D0%BA%D0%BE%D0%BC&east=180&south=-90&username=jaguillette,geonames
169,1,Ban Huai Kom,Buriram,Thailand,14.9125,102.63428,9285629,TH,http://api.geonames.org/search?north=90&west=-180&type=json&featureClass=P&name=%D0%BA%D0%BE%D0%BC&east=180&south=-90&username=jaguillette,geonames
170,1,Sar Kom,Kermān,Iran,29.00944,57.66028,400646,IR,http://api.geonames.org/search?north=90&west=-180&type=json&featureClass=P&name=%D0%BA%D0%BE%D0%BC&east=180&south=-90&username=jaguillette,geonames
171,1,Kom Filata,Gombe,Nigeria,10.3793,11.05404,2334072,NG,http://api.geonames.org/search?north=90&west=-180&type=json&featureClass=P&name=%D0%BA%D0%BE%D0%BC&east=180&south=-90&username=jaguillette,geonames
172,1,Mayo Kom,,Nigeria,8.13333,12.05,2330513,NG,http://api.geonames.org/search?north=90&west=-180&type=json&featureClass=P&name=%D0%BA%D0%BE%D0%BC&east=180&south=-90&username=jaguillette,geonames
173,1,Kom Bangou,Tillabéri,Niger,13.69266,1.28462,2442227,NE,http://api.geonames.org/search?north=90&west=-180&type=json&featureClass=P&name=%D0%BA%D0%BE%D0%BC&east=180&south=-90&username=jaguillette,geonames
174,1,Kom-ch’on,Pyongyang,North Korea,38.80583,126.04694,1949929,KP,http://api.geonames.org/search?north=90&west=-180&type=json&featureClass=P&name=%D0%BA%D0%BE%D0%BC&east=180&south=-90&username=jaguillette,geonames
175,1,Nậm Kôm,Lào Cai,Vietnam,22.4,104.36667,1573407,VN,http://api.geonames.org/search?north=90&west=-180&type=json&featureClass=P&name=%D0%BA%D0%BE%D0%BC&east=180&south=-90&username=jaguillette,geonames
176,1,Kom Nader,Eastern Cape,South Africa,-33.0755,27.71512,988185,ZA,http://api.geonames.org/search?north=90&west=-180&type=json&featureClass=P&name=%D0%BA%D0%BE%D0%BC&east=180&south=-90&username=jaguillette,geonames
177,1,Kom Kug,Arizona,United States,31.61064,-111.67094,5301237,US,http://api.geonames.org/search?north=90&west=-180&type=json&featureClass=P&name=%D0%BA%D0%BE%D0%BC&east=180&south=-90&username=jaguillette,geonames
178,1,Kom Vo,Arizona,United States,31.9598,-112.34902,5301239,US,http://api.geonames.org/search?north=90&west=-180&type=json&featureClass=P&name=%D0%BA%D0%BE%D0%BC&east=180&south=-90&username=jaguillette,geonames
179,1,Komárom,Komárom-Esztergom,Hungary,47.74318,18.11913,3049519,HU,http://api.geonames.org/search?north=90&west=-180&type=json&featureClass=P&name=%D0%BA%D0%BE%D0%BC&east=180&south=-90&username=jaguillette,geonames
180,1,Chan-Kom,Yucatán,Mexico,20.56931,-88.51293,3531155,MX,http://api.geonames.org/search?north=90&west=-180&type=json&featureClass=P&name=%D0%BA%D0%BE%D0%BC&east=180&south=-90&username=jaguillette,geonames
181,1,Kolbermoor,Bavaria,Germany,47.84965,12.06696,2886446,DE,http://api.geonames.org/search?north=90&west=-180&type=json&featureClass=P&name=%D0%BA%D0%BE%D0%BC&east=180&south=-90&username=jaguillette,geonames
182,1,Mīt Abū al Kawm,Al Minūfīyah,Egypt,30.63627,30.91312,352252,EG,http://api.geonames.org/search?north=90&west=-180&type=json&featureClass=P&name=%D0%BA%D0%BE%D0%BC&east=180&south=-90&username=jaguillette,geonames
183,1,Kawm ash Shaykh ‘Ubayd,Al Minūfīyah,Egypt,30.66858,30.98039,353858,EG,http://api.geonames.org/search?north=90&west=-180&type=json&featureClass=P&name=%D0%BA%D0%BE%D0%BC&east=180&south=-90&username=jaguillette,geonames
184,1,‘Izbat Kawm an Nuşf,Al Buḩayrah,Egypt,31.17907,30.23434,355336,EG,http://api.geonames.org/search?north=90&west=-180&type=json&featureClass=P&name=%D0%BA%D0%BE%D0%BC&east=180&south=-90&username=jaguillette,geonames
185,1,‘Izbat Kawm al Qadaḩ,Al Buḩayrah,Egypt,30.9888,30.17536,357259,EG,http://api.geonames.org/search?north=90&west=-180&type=json&featureClass=P&name=%D0%BA%D0%BE%D0%BC&east=180&south=-90&username=jaguillette,geonames
186,1,Gommal,Chungcheongbuk-do,South Korea,36.96582,128.36492,1842667,KR,http://api.geonames.org/search?north=90&west=-180&type=json&featureClass=P&name=%D0%BA%D0%BE%D0%BC&east=180&south=-90&username=jaguillette,geonames
187,1,Comps-sur-Artuby,Provence-Alpes-Côte d'Azur,France,43.70967,6.50899,3024051,FR,http://api.geonames.org/search?north=90&west=-180&type=json&featureClass=P&name=%D0%BA%D0%BE%D0%BC&east=180&south=-90&username=jaguillette,geonames
188,1,not_found,not_found,not_found,not_found,not_found,not_found,not_found,http://api.geonames.org/search?north=90&west=-180&type=json&featureClass=P&name=%D0%BA%D0%BE%D1%80%D0%BE%D1%87%D0%B5%D0%BD%D1%81%D0%BA&east=180&south=-90&username=jaguillette,geonames
189,1,not_found,not_found,not_found,not_found,not_found,not_found,not_found,http://api.geonames.org/search?north=90&west=-180&type=json&featureClass=P&name=%D0%BA%D0%BE%D1%81%D1%82%D1%80%D0%BE%D0%BC%D1%81%D0%BA&east=180&south=-90&username=jaguillette,geonames
190,1,Krasnoslobodsk,Volgograd,Russia,48.70708,44.57702,542213,RU,http://api.geonames.org/search?north=90&west=-180&type=json&featureClass=P&name=%D0%BA%D1%80%D0%B0%D1%81%D0%BD%D0%BE%D1%81%D0%BB%D0%BE%D0%B1%D0%BE%D0%B4%D1%81%D0%BA&east=180&south=-90&username=jaguillette,geonames
191,1,Krasnoslobodsk,Mordoviya,Russia,54.4253,43.78963,542212,RU,http://api.geonames.org/search?north=90&west=-180&type=json&featureClass=P&name=%D0%BA%D1%80%D0%B0%D1%81%D0%BD%D0%BE%D1%81%D0%BB%D0%BE%D0%B1%D0%BE%D0%B4%D1%81%D0%BA&east=180&south=-90&username=jaguillette,geonames
192,1,Kursk,Kursk,Russia,51.73733,36.18735,538560,RU,http://api.geonames.org/search?north=90&west=-180&type=json&featureClass=P&name=%D0%BA%D1%83%D1%80%D1%81%D0%BA&east=180&south=-90&username=jaguillette,geonames
193,1,Kursk,Leningrad,Russia,59.31615,29.1349,538559,RU,http://api.geonames.org/search?north=90&west=-180&type=json&featureClass=P&name=%D0%BA%D1%83%D1%80%D1%81%D0%BA&east=180&south=-90&username=jaguillette,geonames
194,1,Kurskiy,Altai Krai,Russia,52.4439,78.9233,1501264,RU,http://api.geonames.org/search?north=90&west=-180&type=json&featureClass=P&name=%D0%BA%D1%83%D1%80%D1%81%D0%BA&east=180&south=-90&username=jaguillette,geonames
195,1,Kursk-Smolenka,Kemerovo,Russia,55.95778,88.09778,1501259,RU,http://api.geonames.org/search?north=90&west=-180&type=json&featureClass=P&name=%D0%BA%D1%83%D1%80%D1%81%D0%BA&east=180&south=-90&username=jaguillette,geonames
196,1,Kursk,Krasnoyarskiy,Russia,54.58139,91.49944,1501267,RU,http://api.geonames.org/search?north=90&west=-180&type=json&featureClass=P&name=%D0%BA%D1%83%D1%80%D1%81%D0%BA&east=180&south=-90&username=jaguillette,geonames
197,1,Kursko,Pskov,Russia,58.3475,29.32722,538545,RU,http://api.geonames.org/search?north=90&west=-180&type=json&featureClass=P&name=%D0%BA%D1%83%D1%80%D1%81%D0%BA&east=180&south=-90&username=jaguillette,geonames
198,1,Lebedyan',Lipetsk,Russia,53.01942,39.16639,536518,RU,http://api.geonames.org/search?north=90&west=-180&type=json&featureClass=P&name=%D0%BB%D0%B5%D0%B1%D0%B5%D0%B4%D1%8F%D0%BD&east=180&south=-90&username=jaguillette,geonames
199,1,Ivano-Lebedyan’,Tambov,Russia,52.1461,41.18443,555541,RU,http://api.geonames.org/search?north=90&west=-180&type=json&featureClass=P&name=%D0%BB%D0%B5%D0%B1%D0%B5%D0%B4%D1%8F%D0%BD&east=180&south=-90&username=jaguillette,geonames
200,1,not_found,not_found,not_found,not_found,not_found,not_found,not_found,http://api.geonames.org/search?north=90&west=-180&type=json&featureClass=P&name=%D0%BB%D0%B5%D0%B2%D1%81%D0%BA&east=180&south=-90&username=jaguillette,geonames
201,1,not_found,not_found,not_found,not_found,not_found,not_found,not_found,http://api.geonames.org/search?north=90&west=-180&type=json&featureClass=P&name=%D0%BB%D0%B8%D0%B2%D0%B5%D0%BD%D1%81%D0%BA&east=180&south=-90&username=jaguillette,geonames
202,1,Lubensk,Brjansk,Russia,52.6122,35.0062,533833,RU,http://api.geonames.org/search?north=90&west=-180&type=json&featureClass=P&name=%D0%BB%D1%83%D0%B1%D0%B5%D0%BD%D1%81%D0%BA&east=180&south=-90&username=jaguillette,geonames
203,1,not_found,not_found,not_found,not_found,not_found,not_found,not_found,http://api.geonames.org/search?north=90&west=-180&type=json&featureClass=P&name=%D0%BB%D1%8E%D0%B1%D0%B8%D0%BC%D1%81%D0%BA&east=180&south=-90&username=jaguillette,geonames
204,1,not_found,not_found,not_found,not_found,not_found,not_found,not_found,http://api.geonames.org/search?north=90&west=-180&type=json&featureClass=P&name=%D0%BC%D0%B5%D0%B7%D0%B5%D0%BD%D1%81%D0%BA&east=180&south=-90&username=jaguillette,geonames
205,1,not_found,not_found,not_found,not_found,not_found,not_found,not_found,http://api.geonames.org/search?north=90&west=-180&type=json&featureClass=P&name=%D0%BC%D0%B8%D1%80%D0%B3%D0%BE%D1%80%D0%BE%D0%B4%D1%81%D0%BA&east=180&south=-90&username=jaguillette,geonames
206,1,Miropol’,Dnipropetrovsk,Ukraine,47.95098,34.3429,701024,UA,http://api.geonames.org/search?north=90&west=-180&type=json&featureClass=P&name=%D0%BC%D0%B8%D1%80%D0%BE%D0%BF%D0%BE%D0%BB&east=180&south=-90&username=jaguillette,geonames
207,1,Myropil’,Zhytomyr,Ukraine,50.10802,27.70303,701023,UA,http://api.geonames.org/search?north=90&west=-180&type=json&featureClass=P&name=%D0%BC%D0%B8%D1%80%D0%BE%D0%BF%D0%BE%D0%BB&east=180&south=-90&username=jaguillette,geonames
208,1,Staryy Miropol’,Zhytomyr,Ukraine,50.1,27.71667,692708,UA,http://api.geonames.org/search?north=90&west=-180&type=json&featureClass=P&name=%D0%BC%D0%B8%D1%80%D0%BE%D0%BF%D0%BE%D0%BB&east=180&south=-90&username=jaguillette,geonames
209,1,Myropillya,Sumy,Ukraine,51.023,35.26233,701020,UA,http://api.geonames.org/search?north=90&west=-180&type=json&featureClass=P&name=%D0%BC%D0%B8%D1%80%D0%BE%D0%BF%D0%BE%D0%BB&east=180&south=-90&username=jaguillette,geonames
210,1,Miropol'skiy,Stavropol'skiy,Russia,44.13917,44.52389,796813,RU,http://api.geonames.org/search?north=90&west=-180&type=json&featureClass=P&name=%D0%BC%D0%B8%D1%80%D0%BE%D0%BF%D0%BE%D0%BB&east=180&south=-90&username=jaguillette,geonames
211,1,Miropol’skiy,Rostov,Russia,48.61,40.7625,526314,RU,http://api.geonames.org/search?north=90&west=-180&type=json&featureClass=P&name=%D0%BC%D0%B8%D1%80%D0%BE%D0%BF%D0%BE%D0%BB&east=180&south=-90&username=jaguillette,geonames
212,1,Miropol’ye,Smolensk,Russia,55.3894,32.9428,7076174,RU,http://api.geonames.org/search?north=90&west=-180&type=json&featureClass=P&name=%D0%BC%D0%B8%D1%80%D0%BE%D0%BF%D0%BE%D0%BB&east=180&south=-90&username=jaguillette,geonames
213,1,Myropillya,Kharkiv,Ukraine,49.56307,37.19654,701021,UA,http://api.geonames.org/search?north=90&west=-180&type=json&featureClass=P&name=%D0%BC%D0%B8%D1%80%D0%BE%D0%BF%D0%BE%D0%BB&east=180&south=-90&username=jaguillette,geonames
214,1,Myropil’s’ke,Sumy,Ukraine,50.94166,35.31392,8422482,UA,http://api.geonames.org/search?north=90&west=-180&type=json&featureClass=P&name=%D0%BC%D0%B8%D1%80%D0%BE%D0%BF%D0%BE%D0%BB&east=180&south=-90&username=jaguillette,geonames
215,1,Mozhaysk,Moskovskaya,Russia,55.50194,36.02722,524712,RU,http://api.geonames.org/search?north=90&west=-180&type=json&featureClass=P&name=%D0%BC%D0%BE%D0%B6%D0%B0%D0%B9%D1%81%D0%BA&east=180&south=-90&username=jaguillette,geonames
216,1,not_found,not_found,not_found,not_found,not_found,not_found,not_found,http://api.geonames.org/search?north=90&west=-180&type=json&featureClass=P&name=%D0%BC%D1%81%D1%82%D0%B8%D1%81%D0%BB%D0%B0%D0%B2%D1%81%D0%BA&east=180&south=-90&username=jaguillette,geonames
217,1,not_found,not_found,not_found,not_found,not_found,not_found,not_found,http://api.geonames.org/search?north=90&west=-180&type=json&featureClass=P&name=%D0%BD%D0%B0%D1%80%D0%BE%D0%B2%D1%87%D0%B0%D1%82%D0%BE%D0%B2%D1%81%D0%BA&east=180&south=-90&username=jaguillette,geonames
218,1,not_found,not_found,not_found,not_found,not_found,not_found,not_found,http://api.geonames.org/search?north=90&west=-180&type=json&featureClass=P&name=%D0%BD%D0%B8%D0%B6%D0%B5%D0%BB%D0%BE%D0%BC%D0%BE%D0%B2%D1%81%D0%BA&east=180&south=-90&username=jaguillette,geonames
219,1,not_found,not_found,not_found,not_found,not_found,not_found,not_found,http://api.geonames.org/search?north=90&west=-180&type=json&featureClass=P&name=%D0%BD%D0%BE%D0%B2%D0%B3%D0%BE%D1%80%D0%BE%D0%B4%D1%81%D0%BA&east=180&south=-90&username=jaguillette,geonames
220,1,not_found,not_found,not_found,not_found,not_found,not_found,not_found,http://api.geonames.org/search?north=90&west=-180&type=json&featureClass=P&name=%D0%BD%D0%BE%D0%B2%D0%BE%D0%B3%D0%BE%D1%80%D0%BE%D0%B4%D1%81%D0%BA&east=180&south=-90&username=jaguillette,geonames
221,1,not_found,not_found,not_found,not_found,not_found,not_found,not_found,http://api.geonames.org/search?north=90&west=-180&type=json&featureClass=P&name=%D0%BD%D0%BE%D0%B2%D0%BE%D0%B3%D0%BE%D1%80%D0%BE%D0%B4%D1%81%D0%BA+-+%D1%81%D0%B5%D0%B2%D0%B5%D1%80%D1%81%D0%BA&east=180&south=-90&username=jaguillette,geonames
222,1,Novosil',Orjol,Russia,52.97387,37.04048,517947,RU,http://api.geonames.org/search?north=90&west=-180&type=json&featureClass=P&name=%D0%BD%D0%BE%D0%B2%D0%BE%D1%81%D0%B8%D0%BB&east=180&south=-90&username=jaguillette,geonames
223,1,Novosil'skoye,Lipetsk,Russia,52.09085,38.61708,517943,RU,http://api.geonames.org/search?north=90&west=-180&type=json&featureClass=P&name=%D0%BD%D0%BE%D0%B2%D0%BE%D1%81%D0%B8%D0%BB&east=180&south=-90&username=jaguillette,geonames
224,1,Novosil'skoye,Voronezj,Russia,51.9378,38.5154,517944,RU,http://api.geonames.org/search?north=90&west=-180&type=json&featureClass=P&name=%D0%BD%D0%BE%D0%B2%D0%BE%D1%81%D0%B8%D0%BB&east=180&south=-90&username=jaguillette,geonames
225,1,Novosil’yevka,Orjol,Russia,52.47859,37.04715,517940,RU,http://api.geonames.org/search?north=90&west=-180&type=json&featureClass=P&name=%D0%BD%D0%BE%D0%B2%D0%BE%D1%81%D0%B8%D0%BB&east=180&south=-90&username=jaguillette,geonames
226,1,Novosil’tsevo,Mordoviya,Russia,54.05,44.33333,517941,RU,http://api.geonames.org/search?north=90&west=-180&type=json&featureClass=P&name=%D0%BD%D0%BE%D0%B2%D0%BE%D1%81%D0%B8%D0%BB&east=180&south=-90&username=jaguillette,geonames
227,1,Novosil’tsevo,Saratov,Russia,52.57913,46.64883,517942,RU,http://api.geonames.org/search?north=90&west=-180&type=json&featureClass=P&name=%D0%BD%D0%BE%D0%B2%D0%BE%D1%81%D0%B8%D0%BB&east=180&south=-90&username=jaguillette,geonames
228,1,Novosil’skoye,Belgorod,Russia,50.43306,38.04361,517945,RU,http://api.geonames.org/search?north=90&west=-180&type=json&featureClass=P&name=%D0%BD%D0%BE%D0%B2%D0%BE%D1%81%D0%B8%D0%BB&east=180&south=-90&username=jaguillette,geonames
229,1,Novosil’tseve,Crimea,Ukraine,45.58508,34.67057,699175,UA,http://api.geonames.org/search?north=90&west=-180&type=json&featureClass=P&name=%D0%BD%D0%BE%D0%B2%D0%BE%D1%81%D0%B8%D0%BB&east=180&south=-90&username=jaguillette,geonames
230,1,Novosil’s’ke,Zaporizhia,Ukraine,47.06049,36.47685,699247,UA,http://api.geonames.org/search?north=90&west=-180&type=json&featureClass=P&name=%D0%BD%D0%BE%D0%B2%D0%BE%D1%81%D0%B8%D0%BB&east=180&south=-90&username=jaguillette,geonames
231,1,Novosil’s’ke,Crimea,Ukraine,45.50357,32.7225,832388,UA,http://api.geonames.org/search?north=90&west=-180&type=json&featureClass=P&name=%D0%BD%D0%BE%D0%B2%D0%BE%D1%81%D0%B8%D0%BB&east=180&south=-90&username=jaguillette,geonames
232,1,Novosil’s’ke,Sumy,Ukraine,50.65494,34.23529,806602,UA,http://api.geonames.org/search?north=90&west=-180&type=json&featureClass=P&name=%D0%BD%D0%BE%D0%B2%D0%BE%D1%81%D0%B8%D0%BB&east=180&south=-90&username=jaguillette,geonames
233,1,Novosil’tsi,Crimea,Ukraine,45.48024,34.42892,7019123,UA,http://api.geonames.org/search?north=90&west=-180&type=json&featureClass=P&name=%D0%BD%D0%BE%D0%B2%D0%BE%D1%81%D0%B8%D0%BB&east=180&south=-90&username=jaguillette,geonames
234,1,Novosel'tsevo,Tomsk,Russia,58.63556,81.69083,1496765,RU,http://api.geonames.org/search?north=90&west=-180&type=json&featureClass=P&name=%D0%BD%D0%BE%D0%B2%D0%BE%D1%81%D0%B8%D0%BB&east=180&south=-90&username=jaguillette,geonames
235,1,Nizhyn,Chernihiv,Ukraine,51.04801,31.88688,699942,UA,http://api.geonames.org/search?north=90&west=-180&type=json&featureClass=P&name=%D0%BD%D0%B5%D0%B6%D0%B8%D0%BD&east=180&south=-90&username=jaguillette,geonames
236,1,Nizhin,Minsk,Belarus,52.6389,28.1669,624640,BY,http://api.geonames.org/search?north=90&west=-180&type=json&featureClass=P&name=%D0%BD%D0%B5%D0%B6%D0%B8%D0%BD&east=180&south=-90&username=jaguillette,geonames
237,1,not_found,not_found,not_found,not_found,not_found,not_found,not_found,http://api.geonames.org/search?north=90&west=-180&type=json&featureClass=P&name=%D0%BD%D0%B5%D0%B6%D0%B8%D0%BD%D1%81%D0%BA&east=180&south=-90&username=jaguillette,geonames
238,1,not_found,not_found,not_found,not_found,not_found,not_found,not_found,http://api.geonames.org/search?north=90&west=-180&type=json&featureClass=P&name=%D0%BD%D0%B5%D0%B6%D0%B8%D0%BD%D1%81%D0%BA&east=180&south=-90&username=jaguillette,geonames
239,1,not_found,not_found,not_found,not_found,not_found,not_found,not_found,http://api.geonames.org/search?north=90&west=-180&type=json&featureClass=P&name=%D0%BE%D1%80%D1%88%D0%B0%D0%BD%D1%81%D0%BA&east=180&south=-90&username=jaguillette,geonames
240,1,Ostrov,Leningrad,Russia,59.26611,30.04083,514147,RU,http://api.geonames.org/search?north=90&west=-180&type=json&featureClass=P&name=%D0%BE%D1%81%D1%82%D1%80%D0%BE%D0%B2&east=180&south=-90&username=jaguillette,geonames
241,1,Ostrov,Arkhangelskaya,Russia,64.2472,42.84552,514130,RU,http://api.geonames.org/search?north=90&west=-180&type=json&featureClass=P&name=%D0%BE%D1%81%D1%82%D1%80%D0%BE%D0%B2&east=180&south=-90&username=jaguillette,geonames
242,1,Ostrov,Vologda,Russia,61.13696,36.53771,514136,RU,http://api.geonames.org/search?north=90&west=-180&type=json&featureClass=P&name=%D0%BE%D1%81%D1%82%D1%80%D0%BE%D0%B2&east=180&south=-90&username=jaguillette,geonames
243,1,Ostrov,Vologda,Russia,60.553,37.8824,514137,RU,http://api.geonames.org/search?north=90&west=-180&type=json&featureClass=P&name=%D0%BE%D1%81%D1%82%D1%80%D0%BE%D0%B2&east=180&south=-90&username=jaguillette,geonames
244,1,Ostrov,Vologda,Russia,58.85854,37.54879,514156,RU,http://api.geonames.org/search?north=90&west=-180&type=json&featureClass=P&name=%D0%BE%D1%81%D1%82%D1%80%D0%BE%D0%B2&east=180&south=-90&username=jaguillette,geonames
245,1,Ostrov,Vologda,Russia,58.68027,37.82081,514160,RU,http://api.geonames.org/search?north=90&west=-180&type=json&featureClass=P&name=%D0%BE%D1%81%D1%82%D1%80%D0%BE%D0%B2&east=180&south=-90&username=jaguillette,geonames
246,1,Ostrov,Pskov,Russia,58.47806,28.64667,514163,RU,http://api.geonames.org/search?north=90&west=-180&type=json&featureClass=P&name=%D0%BE%D1%81%D1%82%D1%80%D0%BE%D0%B2&east=180&south=-90&username=jaguillette,geonames
247,1,Ostrov,Kaluga,Russia,53.82146,34.77756,514055,RU,http://api.geonames.org/search?north=90&west=-180&type=json&featureClass=P&name=%D0%BE%D1%81%D1%82%D1%80%D0%BE%D0%B2&east=180&south=-90&username=jaguillette,geonames
248,1,Ostrov,Kareliya,Russia,63.03436,31.79449,514132,RU,http://api.geonames.org/search?north=90&west=-180&type=json&featureClass=P&name=%D0%BE%D1%81%D1%82%D1%80%D0%BE%D0%B2&east=180&south=-90&username=jaguillette,geonames
249,1,Ostrov,Arkhangelskaya,Russia,62.6,40.11667,514133,RU,http://api.geonames.org/search?north=90&west=-180&type=json&featureClass=P&name=%D0%BE%D1%81%D1%82%D1%80%D0%BE%D0%B2&east=180&south=-90&username=jaguillette,geonames
250,1,Ostrov,Leningrad,Russia,60.14392,32.63604,514138,RU,http://api.geonames.org/search?north=90&west=-180&type=json&featureClass=P&name=%D0%BE%D1%81%D1%82%D1%80%D0%BE%D0%B2&east=180&south=-90&username=jaguillette,geonames
251,1,Ostrov,Leningrad,Russia,60.04456,31.82681,514139,RU,http://api.geonames.org/search?north=90&west=-180&type=json&featureClass=P&name=%D0%BE%D1%81%D1%82%D1%80%D0%BE%D0%B2&east=180&south=-90&username=jaguillette,geonames
252,1,Ostrov,Leningrad,Russia,59.96667,34.86667,514140,RU,http://api.geonames.org/search?north=90&west=-180&type=json&featureClass=P&name=%D0%BE%D1%81%D1%82%D1%80%D0%BE%D0%B2&east=180&south=-90&username=jaguillette,geonames
253,1,Ostrov,Vologda,Russia,59.95,35.91667,514141,RU,http://api.geonames.org/search?north=90&west=-180&type=json&featureClass=P&name=%D0%BE%D1%81%D1%82%D1%80%D0%BE%D0%B2&east=180&south=-90&username=jaguillette,geonames
254,1,Ostrov,Leningrad,Russia,59.8525,34.89833,514142,RU,http://api.geonames.org/search?north=90&west=-180&type=json&featureClass=P&name=%D0%BE%D1%81%D1%82%D1%80%D0%BE%D0%B2&east=180&south=-90&username=jaguillette,geonames
255,1,Ostrov,Perm,Russia,59.2393,54.3145,514148,RU,http://api.geonames.org/search?north=90&west=-180&type=json&featureClass=P&name=%D0%BE%D1%81%D1%82%D1%80%D0%BE%D0%B2&east=180&south=-90&username=jaguillette,geonames
256,1,Ostrov,Vologda,Russia,59.13865,38.46651,514151,RU,http://api.geonames.org/search?north=90&west=-180&type=json&featureClass=P&name=%D0%BE%D1%81%D1%82%D1%80%D0%BE%D0%B2&east=180&south=-90&username=jaguillette,geonames
257,1,Ostrov,Novgorod,Russia,59.05639,33.38667,514152,RU,http://api.geonames.org/search?north=90&west=-180&type=json&featureClass=P&name=%D0%BE%D1%81%D1%82%D1%80%D0%BE%D0%B2&east=180&south=-90&username=jaguillette,geonames
258,1,Ostrov,Novgorod,Russia,58.93333,31.51667,514155,RU,http://api.geonames.org/search?north=90&west=-180&type=json&featureClass=P&name=%D0%BE%D1%81%D1%82%D1%80%D0%BE%D0%B2&east=180&south=-90&username=jaguillette,geonames
259,1,Ostrov,Novgorod,Russia,58.8,34.71667,514157,RU,http://api.geonames.org/search?north=90&west=-180&type=json&featureClass=P&name=%D0%BE%D1%81%D1%82%D1%80%D0%BE%D0%B2&east=180&south=-90&username=jaguillette,geonames
260,1,Ostrov,Novgorod,Russia,58.72478,35.55232,514159,RU,http://api.geonames.org/search?north=90&west=-180&type=json&featureClass=P&name=%D0%BE%D1%81%D1%82%D1%80%D0%BE%D0%B2&east=180&south=-90&username=jaguillette,geonames
261,1,Ostrov,Novgorod,Russia,58.65068,30.57636,514161,RU,http://api.geonames.org/search?north=90&west=-180&type=json&featureClass=P&name=%D0%BE%D1%81%D1%82%D1%80%D0%BE%D0%B2&east=180&south=-90&username=jaguillette,geonames
262,1,Ostrov,Novgorod,Russia,58.48486,30.53118,514162,RU,http://api.geonames.org/search?north=90&west=-180&type=json&featureClass=P&name=%D0%BE%D1%81%D1%82%D1%80%D0%BE%D0%B2&east=180&south=-90&username=jaguillette,geonames
263,1,Ostrov,Novgorod,Russia,58.26185,34.61973,514164,RU,http://api.geonames.org/search?north=90&west=-180&type=json&featureClass=P&name=%D0%BE%D1%81%D1%82%D1%80%D0%BE%D0%B2&east=180&south=-90&username=jaguillette,geonames
264,1,Ostrov,Perm,Russia,58.18333,56.5,514167,RU,http://api.geonames.org/search?north=90&west=-180&type=json&featureClass=P&name=%D0%BE%D1%81%D1%82%D1%80%D0%BE%D0%B2&east=180&south=-90&username=jaguillette,geonames
265,1,Ostrov,Tverskaya,Russia,57.86667,34.3,514168,RU,http://api.geonames.org/search?north=90&west=-180&type=json&featureClass=P&name=%D0%BE%D1%81%D1%82%D1%80%D0%BE%D0%B2&east=180&south=-90&username=jaguillette,geonames
266,1,Ostrov,Tverskaya,Russia,57.74089,34.37523,514169,RU,http://api.geonames.org/search?north=90&west=-180&type=json&featureClass=P&name=%D0%BE%D1%81%D1%82%D1%80%D0%BE%D0%B2&east=180&south=-90&username=jaguillette,geonames
267,1,Ostrov,Ivanovo,Russia,57.41463,41.50809,514170,RU,http://api.geonames.org/search?north=90&west=-180&type=json&featureClass=P&name=%D0%BE%D1%81%D1%82%D1%80%D0%BE%D0%B2&east=180&south=-90&username=jaguillette,geonames
268,1,Ostrov,Novgorod,Russia,57.21314,30.93999,514173,RU,http://api.geonames.org/search?north=90&west=-180&type=json&featureClass=P&name=%D0%BE%D1%81%D1%82%D1%80%D0%BE%D0%B2&east=180&south=-90&username=jaguillette,geonames
269,1,Ostrov,Tverskaya,Russia,56.9,37.43333,514175,RU,http://api.geonames.org/search?north=90&west=-180&type=json&featureClass=P&name=%D0%BE%D1%81%D1%82%D1%80%D0%BE%D0%B2&east=180&south=-90&username=jaguillette,geonames
270,1,Ostrov,Moskovskaya,Russia,55.58684,37.84494,514178,RU,http://api.geonames.org/search?north=90&west=-180&type=json&featureClass=P&name=%D0%BE%D1%81%D1%82%D1%80%D0%BE%D0%B2&east=180&south=-90&username=jaguillette,geonames
271,1,Ostrov,Orjol,Russia,52.30056,37.1806,514181,RU,http://api.geonames.org/search?north=90&west=-180&type=json&featureClass=P&name=%D0%BE%D1%81%D1%82%D1%80%D0%BE%D0%B2&east=180&south=-90&username=jaguillette,geonames
272,1,Ostrov,Kirov,Russia,58.20148,49.9421,6265648,RU,http://api.geonames.org/search?north=90&west=-180&type=json&featureClass=P&name=%D0%BE%D1%81%D1%82%D1%80%D0%BE%D0%B2&east=180&south=-90&username=jaguillette,geonames
273,1,Ostrov,Pskov,Russia,58.28737,27.56124,856204,RU,http://api.geonames.org/search?north=90&west=-180&type=json&featureClass=P&name=%D0%BE%D1%81%D1%82%D1%80%D0%BE%D0%B2&east=180&south=-90&username=jaguillette,geonames
274,1,Ostrov,Leningrad,Russia,59.86185,32.89911,857495,RU,http://api.geonames.org/search?north=90&west=-180&type=json&featureClass=P&name=%D0%BE%D1%81%D1%82%D1%80%D0%BE%D0%B2&east=180&south=-90&username=jaguillette,geonames
275,1,Ostrov,Tverskaya,Russia,58.5693,36.9077,7611959,RU,http://api.geonames.org/search?north=90&west=-180&type=json&featureClass=P&name=%D0%BE%D1%81%D1%82%D1%80%D0%BE%D0%B2&east=180&south=-90&username=jaguillette,geonames
276,1,Ostrov,Vologda,Russia,58.7304,36.5761,7612089,RU,http://api.geonames.org/search?north=90&west=-180&type=json&featureClass=P&name=%D0%BE%D1%81%D1%82%D1%80%D0%BE%D0%B2&east=180&south=-90&username=jaguillette,geonames
277,1,Ostrov,Vologda,Russia,58.8385,36.1456,7612157,RU,http://api.geonames.org/search?north=90&west=-180&type=json&featureClass=P&name=%D0%BE%D1%81%D1%82%D1%80%D0%BE%D0%B2&east=180&south=-90&username=jaguillette,geonames
278,1,Ostrov,Kirov,Russia,60.4632,47.0224,7513275,RU,http://api.geonames.org/search?north=90&west=-180&type=json&featureClass=P&name=%D0%BE%D1%81%D1%82%D1%80%D0%BE%D0%B2&east=180&south=-90&username=jaguillette,geonames
279,1,Ostrov,Tverskaya,Russia,58.1282,37.0848,7591052,RU,http://api.geonames.org/search?north=90&west=-180&type=json&featureClass=P&name=%D0%BE%D1%81%D1%82%D1%80%D0%BE%D0%B2&east=180&south=-90&username=jaguillette,geonames
280,1,Ostrov,Pskov,Russia,56.8448,29.5014,7597592,RU,http://api.geonames.org/search?north=90&west=-180&type=json&featureClass=P&name=%D0%BE%D1%81%D1%82%D1%80%D0%BE%D0%B2&east=180&south=-90&username=jaguillette,geonames
281,1,Ostrov,Pskov,Russia,56.6074,29.4883,7598657,RU,http://api.geonames.org/search?north=90&west=-180&type=json&featureClass=P&name=%D0%BE%D1%81%D1%82%D1%80%D0%BE%D0%B2&east=180&south=-90&username=jaguillette,geonames
282,1,Ostrov,Pskov,Russia,56.0091,29.8678,7599187,RU,http://api.geonames.org/search?north=90&west=-180&type=json&featureClass=P&name=%D0%BE%D1%81%D1%82%D1%80%D0%BE%D0%B2&east=180&south=-90&username=jaguillette,geonames
283,1,Ostrov,Novgorod,Russia,57.8589,30.7731,7600867,RU,http://api.geonames.org/search?north=90&west=-180&type=json&featureClass=P&name=%D0%BE%D1%81%D1%82%D1%80%D0%BE%D0%B2&east=180&south=-90&username=jaguillette,geonames
284,1,Ostrov,Tverskaya,Russia,56.818,31.60261,7418770,RU,http://api.geonames.org/search?north=90&west=-180&type=json&featureClass=P&name=%D0%BE%D1%81%D1%82%D1%80%D0%BE%D0%B2&east=180&south=-90&username=jaguillette,geonames
285,1,Vasyl'evsky Ostrov,St.-Petersburg,Russia,59.94091,30.25377,8504949,RU,http://api.geonames.org/search?north=90&west=-180&type=json&featureClass=P&name=%D0%BE%D1%81%D1%82%D1%80%D0%BE%D0%B2&east=180&south=-90&username=jaguillette,geonames
286,1,Ostrov,Vratsa,Bulgaria,43.66667,24.13333,728513,BG,http://api.geonames.org/search?north=90&west=-180&type=json&featureClass=P&name=%D0%BE%D1%81%D1%82%D1%80%D0%BE%D0%B2&east=180&south=-90&username=jaguillette,geonames
287,1,Ostrov,Komi Republic,Russia,64.05,46.98333,514131,RU,http://api.geonames.org/search?north=90&west=-180&type=json&featureClass=P&name=%D0%BE%D1%81%D1%82%D1%80%D0%BE%D0%B2&east=180&south=-90&username=jaguillette,geonames
288,1,Ostrov,Leningrad,Russia,59.65,28.25,514143,RU,http://api.geonames.org/search?north=90&west=-180&type=json&featureClass=P&name=%D0%BE%D1%81%D1%82%D1%80%D0%BE%D0%B2&east=180&south=-90&username=jaguillette,geonames
289,1,Ostrov,Leningrad,Russia,59.58872,33.6945,514144,RU,http://api.geonames.org/search?north=90&west=-180&type=json&featureClass=P&name=%D0%BE%D1%81%D1%82%D1%80%D0%BE%D0%B2&east=180&south=-90&username=jaguillette,geonames
290,1,Ostrov,Novgorod,Russia,59.2,33.61667,514149,RU,http://api.geonames.org/search?north=90&west=-180&type=json&featureClass=P&name=%D0%BE%D1%81%D1%82%D1%80%D0%BE%D0%B2&east=180&south=-90&username=jaguillette,geonames
291,1,Ostrov,Novgorod,Russia,59.2,31.93333,514150,RU,http://api.geonames.org/search?north=90&west=-180&type=json&featureClass=P&name=%D0%BE%D1%81%D1%82%D1%80%D0%BE%D0%B2&east=180&south=-90&username=jaguillette,geonames
292,1,Ostrov,Smolensk,Russia,55.66667,32.7,514177,RU,http://api.geonames.org/search?north=90&west=-180&type=json&featureClass=P&name=%D0%BE%D1%81%D1%82%D1%80%D0%BE%D0%B2&east=180&south=-90&username=jaguillette,geonames
293,1,Ostrov,Orjol,Russia,52.54615,37.75263,514179,RU,http://api.geonames.org/search?north=90&west=-180&type=json&featureClass=P&name=%D0%BE%D1%81%D1%82%D1%80%D0%BE%D0%B2&east=180&south=-90&username=jaguillette,geonames
294,1,Ostrov,Orjol,Russia,52.31925,36.46824,514180,RU,http://api.geonames.org/search?north=90&west=-180&type=json&featureClass=P&name=%D0%BE%D1%81%D1%82%D1%80%D0%BE%D0%B2&east=180&south=-90&username=jaguillette,geonames
295,1,Ostrov,Orjol,Russia,52.3,37.08333,514182,RU,http://api.geonames.org/search?north=90&west=-180&type=json&featureClass=P&name=%D0%BE%D1%81%D1%82%D1%80%D0%BE%D0%B2&east=180&south=-90&username=jaguillette,geonames
296,1,Ostrov,Volgograd,Russia,48.72746,43.20541,514183,RU,http://api.geonames.org/search?north=90&west=-180&type=json&featureClass=P&name=%D0%BE%D1%81%D1%82%D1%80%D0%BE%D0%B2&east=180&south=-90&username=jaguillette,geonames
297,1,Ostrov,Tverskaya,Russia,57.8325,34.995,452981,RU,http://api.geonames.org/search?north=90&west=-180&type=json&featureClass=P&name=%D0%BE%D1%81%D1%82%D1%80%D0%BE%D0%B2&east=180&south=-90&username=jaguillette,geonames
298,1,Ostrov,Tverskaya,Russia,57.62161,33.40453,453404,RU,http://api.geonames.org/search?north=90&west=-180&type=json&featureClass=P&name=%D0%BE%D1%81%D1%82%D1%80%D0%BE%D0%B2&east=180&south=-90&username=jaguillette,geonames
299,1,Ostrov,Novgorod,Russia,57.45356,33.05991,453447,RU,http://api.geonames.org/search?north=90&west=-180&type=json&featureClass=P&name=%D0%BE%D1%81%D1%82%D1%80%D0%BE%D0%B2&east=180&south=-90&username=jaguillette,geonames
300,1,Ostrov,Kiev,Ukraine,49.67775,30.3856,698221,UA,http://api.geonames.org/search?north=90&west=-180&type=json&featureClass=P&name=%D0%BE%D1%81%D1%82%D1%80%D0%BE%D0%B2&east=180&south=-90&username=jaguillette,geonames
301,1,Ostrov,Gomel,Belarus,51.8206,29.1035,8181394,BY,http://api.geonames.org/search?north=90&west=-180&type=json&featureClass=P&name=%D0%BE%D1%81%D1%82%D1%80%D0%BE%D0%B2&east=180&south=-90&username=jaguillette,geonames
302,1,Ostrov,Kirov,Russia,60.2638,47.0139,7513133,RU,http://api.geonames.org/search?north=90&west=-180&type=json&featureClass=P&name=%D0%BE%D1%81%D1%82%D1%80%D0%BE%D0%B2&east=180&south=-90&username=jaguillette,geonames
303,1,Ostrov,Ivanovo,Russia,56.89814,42.62054,6609349,RU,http://api.geonames.org/search?north=90&west=-180&type=json&featureClass=P&name=%D0%BE%D1%81%D1%82%D1%80%D0%BE%D0%B2&east=180&south=-90&username=jaguillette,geonames
304,1,Ostrov,Karlovarský,Czech Republic,50.30592,12.93907,3068766,CZ,http://api.geonames.org/search?north=90&west=-180&type=json&featureClass=P&name=%D0%BE%D1%81%D1%82%D1%80%D0%BE%D0%B2&east=180&south=-90&username=jaguillette,geonames
305,1,Ostrov,Leningrad,Russia,59.46701,33.12019,514145,RU,http://api.geonames.org/search?north=90&west=-180&type=json&featureClass=P&name=%D0%BE%D1%81%D1%82%D1%80%D0%BE%D0%B2&east=180&south=-90&username=jaguillette,geonames
306,1,Ostrov,Novgorod,Russia,58.19794,30.21025,514166,RU,http://api.geonames.org/search?north=90&west=-180&type=json&featureClass=P&name=%D0%BE%D1%81%D1%82%D1%80%D0%BE%D0%B2&east=180&south=-90&username=jaguillette,geonames
307,1,Ostrov,Tverskaya,Russia,57.03639,36.51389,828974,RU,http://api.geonames.org/search?north=90&west=-180&type=json&featureClass=P&name=%D0%BE%D1%81%D1%82%D1%80%D0%BE%D0%B2&east=180&south=-90&username=jaguillette,geonames
308,1,Ostrov,Vitsyebskaya Voblastsʼ,Belarus,55.1358,28.1351,623944,BY,http://api.geonames.org/search?north=90&west=-180&type=json&featureClass=P&name=%D0%BE%D1%81%D1%82%D1%80%D0%BE%D0%B2&east=180&south=-90&username=jaguillette,geonames
309,1,Romanov Ostrov,Arkhangelskaya,Russia,62.942,46.3813,501406,RU,http://api.geonames.org/search?north=90&west=-180&type=json&featureClass=P&name=%D0%BE%D1%81%D1%82%D1%80%D0%BE%D0%B2&east=180&south=-90&username=jaguillette,geonames
310,1,Vislenev Ostrov,Novgorod,Russia,58.70222,33.08583,473361,RU,http://api.geonames.org/search?north=90&west=-180&type=json&featureClass=P&name=%D0%BE%D1%81%D1%82%D1%80%D0%BE%D0%B2&east=180&south=-90&username=jaguillette,geonames
311,1,Ostrov Kharlov,Murmansk,Russia,68.81039,37.33219,863213,RU,http://api.geonames.org/search?north=90&west=-180&type=json&featureClass=P&name=%D0%BE%D1%81%D1%82%D1%80%D0%BE%D0%B2&east=180&south=-90&username=jaguillette,geonames
312,1,Ostrov,Brestskaya Voblastsʼ,Belarus,51.7982,26.9173,623905,BY,http://api.geonames.org/search?north=90&west=-180&type=json&featureClass=P&name=%D0%BE%D1%81%D1%82%D1%80%D0%BE%D0%B2&east=180&south=-90&username=jaguillette,geonames
313,1,Ostrov,Gomel,Belarus,53.0816,30.7509,813012,BY,http://api.geonames.org/search?north=90&west=-180&type=json&featureClass=P&name=%D0%BE%D1%81%D1%82%D1%80%D0%BE%D0%B2&east=180&south=-90&username=jaguillette,geonames
314,1,Ostrov,Minskaja Voblasts’,Belarus,54.1505,28.2738,623946,BY,http://api.geonames.org/search?north=90&west=-180&type=json&featureClass=P&name=%D0%BE%D1%81%D1%82%D1%80%D0%BE%D0%B2&east=180&south=-90&username=jaguillette,geonames
315,1,Ostrov,Mahilyowskaya Voblastsʼ,Belarus,53.6085,32.0975,623947,BY,http://api.geonames.org/search?north=90&west=-180&type=json&featureClass=P&name=%D0%BE%D1%81%D1%82%D1%80%D0%BE%D0%B2&east=180&south=-90&username=jaguillette,geonames
316,1,Ostrov,Minskaja Voblasts’,Belarus,53.6038,27.9095,623948,BY,http://api.geonames.org/search?north=90&west=-180&type=json&featureClass=P&name=%D0%BE%D1%81%D1%82%D1%80%D0%BE%D0%B2&east=180&south=-90&username=jaguillette,geonames
317,1,Ostrov,Mahilyowskaya Voblastsʼ,Belarus,53.1499,28.3697,623950,BY,http://api.geonames.org/search?north=90&west=-180&type=json&featureClass=P&name=%D0%BE%D1%81%D1%82%D1%80%D0%BE%D0%B2&east=180&south=-90&username=jaguillette,geonames
318,1,Ostrov,Gomel,Belarus,53.0139,29.7655,623951,BY,http://api.geonames.org/search?north=90&west=-180&type=json&featureClass=P&name=%D0%BE%D1%81%D1%82%D1%80%D0%BE%D0%B2&east=180&south=-90&username=jaguillette,geonames
319,1,Ostrov,Gomel,Belarus,52.2627,28.6638,8164791,BY,http://api.geonames.org/search?north=90&west=-180&type=json&featureClass=P&name=%D0%BE%D1%81%D1%82%D1%80%D0%BE%D0%B2&east=180&south=-90&username=jaguillette,geonames
320,1,Ostrov,Arkhangelskaya,Russia,63.5753,45.6692,8249194,RU,http://api.geonames.org/search?north=90&west=-180&type=json&featureClass=P&name=%D0%BE%D1%81%D1%82%D1%80%D0%BE%D0%B2&east=180&south=-90&username=jaguillette,geonames
321,1,Ostrov,Arkhangelskaya,Russia,61.674,40.9714,8223624,RU,http://api.geonames.org/search?north=90&west=-180&type=json&featureClass=P&name=%D0%BE%D1%81%D1%82%D1%80%D0%BE%D0%B2&east=180&south=-90&username=jaguillette,geonames
322,1,Ostrov,Gomel,Belarus,52.2934,30.6375,8195841,BY,http://api.geonames.org/search?north=90&west=-180&type=json&featureClass=P&name=%D0%BE%D1%81%D1%82%D1%80%D0%BE%D0%B2&east=180&south=-90&username=jaguillette,geonames
323,1,Ostrov,Gomel,Belarus,52.1853,30.4393,8195873,BY,http://api.geonames.org/search?north=90&west=-180&type=json&featureClass=P&name=%D0%BE%D1%81%D1%82%D1%80%D0%BE%D0%B2&east=180&south=-90&username=jaguillette,geonames
324,1,Ostrov,Smolensk,Russia,54.67204,32.23488,7092444,RU,http://api.geonames.org/search?north=90&west=-180&type=json&featureClass=P&name=%D0%BE%D1%81%D1%82%D1%80%D0%BE%D0%B2&east=180&south=-90&username=jaguillette,geonames
325,1,Ostrov,Vladimir,Russia,56.34345,40.93147,7042565,RU,http://api.geonames.org/search?north=90&west=-180&type=json&featureClass=P&name=%D0%BE%D1%81%D1%82%D1%80%D0%BE%D0%B2&east=180&south=-90&username=jaguillette,geonames
326,1,Ostrov,Brjansk,Russia,53.56722,33.69778,6847321,RU,http://api.geonames.org/search?north=90&west=-180&type=json&featureClass=P&name=%D0%BE%D1%81%D1%82%D1%80%D0%BE%D0%B2&east=180&south=-90&username=jaguillette,geonames
327,1,Ostrov,Vitsyebskaya Voblastsʼ,Belarus,55.262,30.6501,8280077,BY,http://api.geonames.org/search?north=90&west=-180&type=json&featureClass=P&name=%D0%BE%D1%81%D1%82%D1%80%D0%BE%D0%B2&east=180&south=-90&username=jaguillette,geonames
328,1,Ostrov,Vitsyebskaya Voblastsʼ,Belarus,54.8706,30.7686,8280295,BY,http://api.geonames.org/search?north=90&west=-180&type=json&featureClass=P&name=%D0%BE%D1%81%D1%82%D1%80%D0%BE%D0%B2&east=180&south=-90&username=jaguillette,geonames
329,1,Ostrov,Arkhangelskaya,Russia,64.3433,41.0218,8309863,RU,http://api.geonames.org/search?north=90&west=-180&type=json&featureClass=P&name=%D0%BE%D1%81%D1%82%D1%80%D0%BE%D0%B2&east=180&south=-90&username=jaguillette,geonames
330,1,Ostrov,Kareliya,Russia,61.96155,33.19004,514134,RU,http://api.geonames.org/search?north=90&west=-180&type=json&featureClass=P&name=%D0%BE%D1%81%D1%82%D1%80%D0%BE%D0%B2&east=180&south=-90&username=jaguillette,geonames
331,1,Ostrov,Minskaja Voblasts’,Belarus,54.5253,27.9116,623945,BY,http://api.geonames.org/search?north=90&west=-180&type=json&featureClass=P&name=%D0%BE%D1%81%D1%82%D1%80%D0%BE%D0%B2&east=180&south=-90&username=jaguillette,geonames
332,1,Ostrov,Perm,Russia,58.2811,57.486,8061480,RU,http://api.geonames.org/search?north=90&west=-180&type=json&featureClass=P&name=%D0%BE%D1%81%D1%82%D1%80%D0%BE%D0%B2&east=180&south=-90&username=jaguillette,geonames
333,1,Ostrov,Minskaja Voblasts’,Belarus,53.9696,28.1486,7931473,BY,http://api.geonames.org/search?north=90&west=-180&type=json&featureClass=P&name=%D0%BE%D1%81%D1%82%D1%80%D0%BE%D0%B2&east=180&south=-90&username=jaguillette,geonames
334,1,Ostrov,Minskaja Voblasts’,Belarus,54.4287,28.4755,8248034,BY,http://api.geonames.org/search?north=90&west=-180&type=json&featureClass=P&name=%D0%BE%D1%81%D1%82%D1%80%D0%BE%D0%B2&east=180&south=-90&username=jaguillette,geonames
335,1,Ostrov,Minskaja Voblasts’,Belarus,54.188,28.4689,8248161,BY,http://api.geonames.org/search?north=90&west=-180&type=json&featureClass=P&name=%D0%BE%D1%81%D1%82%D1%80%D0%BE%D0%B2&east=180&south=-90&username=jaguillette,geonames
336,1,Ostrov,Gomel,Belarus,52.5616,31.005,8178403,BY,http://api.geonames.org/search?north=90&west=-180&type=json&featureClass=P&name=%D0%BE%D1%81%D1%82%D1%80%D0%BE%D0%B2&east=180&south=-90&username=jaguillette,geonames
337,1,Ostrov,Zabaykalsky,Russia,51.35411,110.46248,7897063,RU,http://api.geonames.org/search?north=90&west=-180&type=json&featureClass=P&name=%D0%BE%D1%81%D1%82%D1%80%D0%BE%D0%B2&east=180&south=-90&username=jaguillette,geonames
338,1,Ostrov,Tverskaya,Russia,57.7336,36.2334,7606426,RU,http://api.geonames.org/search?north=90&west=-180&type=json&featureClass=P&name=%D0%BE%D1%81%D1%82%D1%80%D0%BE%D0%B2&east=180&south=-90&username=jaguillette,geonames
339,1,Ostrov,Jaroslavl,Russia,57.38407,39.47545,7078776,RU,http://api.geonames.org/search?north=90&west=-180&type=json&featureClass=P&name=%D0%BE%D1%81%D1%82%D1%80%D0%BE%D0%B2&east=180&south=-90&username=jaguillette,geonames
340,1,Ostrovsk,Orjol,Russia,52.6196,35.0393,514067,RU,http://api.geonames.org/search?north=90&west=-180&type=json&featureClass=P&name=%D0%BE%D1%81%D1%82%D1%80%D0%BE%D0%B2%D1%81%D0%BA&east=180&south=-90&username=jaguillette,geonames
341,1,Ostrivs’k,Rivne,Ukraine,51.70587,25.77469,698203,UA,http://api.geonames.org/search?north=90&west=-180&type=json&featureClass=P&name=%D0%BE%D1%81%D1%82%D1%80%D0%BE%D0%B2%D1%81%D0%BA&east=180&south=-90&username=jaguillette,geonames
342,1,not_found,not_found,not_found,not_found,not_found,not_found,not_found,http://api.geonames.org/search?north=90&west=-180&type=json&featureClass=P&name=%D0%BF%D0%B5%D1%80%D0%B5%D1%8F%D1%81%D0%BB%D0%B0%D0%B2%D1%81%D0%BA&east=180&south=-90&username=jaguillette,geonames
343,1,Petrovsk,Saratov,Russia,52.30639,45.39167,509987,RU,http://api.geonames.org/search?north=90&west=-180&type=json&featureClass=P&name=%D0%BF%D0%B5%D1%82%D1%80%D0%BE%D0%B2%D1%81%D0%BA&east=180&south=-90&username=jaguillette,geonames
344,1,Petrovsk,Tomsk,Russia,57.2097,86.2891,1495053,RU,http://api.geonames.org/search?north=90&west=-180&type=json&featureClass=P&name=%D0%BF%D0%B5%D1%82%D1%80%D0%BE%D0%B2%D1%81%D0%BA&east=180&south=-90&username=jaguillette,geonames
345,1,Petrovsk,Brjansk,Russia,52.59035,33.56797,818846,RU,http://api.geonames.org/search?north=90&west=-180&type=json&featureClass=P&name=%D0%BF%D0%B5%D1%82%D1%80%D0%BE%D0%B2%D1%81%D0%BA&east=180&south=-90&username=jaguillette,geonames
346,1,Petrovsk,Samara,Russia,54.4056,51.2994,7614033,RU,http://api.geonames.org/search?north=90&west=-180&type=json&featureClass=P&name=%D0%BF%D0%B5%D1%82%D1%80%D0%BE%D0%B2%D1%81%D0%BA&east=180&south=-90&username=jaguillette,geonames
347,1,Petrovsk,Irkutsk,Russia,54.36659,100.3998,2017952,RU,http://api.geonames.org/search?north=90&west=-180&type=json&featureClass=P&name=%D0%BF%D0%B5%D1%82%D1%80%D0%BE%D0%B2%D1%81%D0%BA&east=180&south=-90&username=jaguillette,geonames
348,1,Petrovsk-Zabaykal'skiy,Zabaykalsky,Russia,51.2753,108.84301,2017945,RU,http://api.geonames.org/search?north=90&west=-180&type=json&featureClass=P&name=%D0%BF%D0%B5%D1%82%D1%80%D0%BE%D0%B2%D1%81%D0%BA&east=180&south=-90&username=jaguillette,geonames
349,1,Petrovsk,Khabarovsk Krai,Russia,53.45,140.91667,2122097,RU,http://api.geonames.org/search?north=90&west=-180&type=json&featureClass=P&name=%D0%BF%D0%B5%D1%82%D1%80%D0%BE%D0%B2%D1%81%D0%BA&east=180&south=-90&username=jaguillette,geonames
350,1,Petrovsk,Kaluga,Russia,54.16083,35.86472,816184,RU,http://api.geonames.org/search?north=90&west=-180&type=json&featureClass=P&name=%D0%BF%D0%B5%D1%82%D1%80%D0%BE%D0%B2%D1%81%D0%BA&east=180&south=-90&username=jaguillette,geonames
351,1,Petrovsk,Minskaja Voblasts’,Belarus,53.5047,27.3645,8020103,BY,http://api.geonames.org/search?north=90&west=-180&type=json&featureClass=P&name=%D0%BF%D0%B5%D1%82%D1%80%D0%BE%D0%B2%D1%81%D0%BA&east=180&south=-90&username=jaguillette,geonames
352,1,Petrovsk,Minskaja Voblasts’,Belarus,53.411,27.5962,8020169,BY,http://api.geonames.org/search?north=90&west=-180&type=json&featureClass=P&name=%D0%BF%D0%B5%D1%82%D1%80%D0%BE%D0%B2%D1%81%D0%BA&east=180&south=-90&username=jaguillette,geonames
353,1,Petrovsk,Vinnyts'ka,Ukraine,48.8,29.66667,697318,UA,http://api.geonames.org/search?north=90&west=-180&type=json&featureClass=P&name=%D0%BF%D0%B5%D1%82%D1%80%D0%BE%D0%B2%D1%81%D0%BA&east=180&south=-90&username=jaguillette,geonames
354,1,Makhachkala,Dagestan,Russia,42.97638,47.50236,532096,RU,http://api.geonames.org/search?north=90&west=-180&type=json&featureClass=P&name=%D0%BF%D0%B5%D1%82%D1%80%D0%BE%D0%B2%D1%81%D0%BA&east=180&south=-90&username=jaguillette,geonames
355,1,Petrovsk,Irkutsk,Russia,53.43333,105.85,2017956,RU,http://api.geonames.org/search?north=90&west=-180&type=json&featureClass=P&name=%D0%BF%D0%B5%D1%82%D1%80%D0%BE%D0%B2%D1%81%D0%BA&east=180&south=-90&username=jaguillette,geonames
356,1,Petrovsk,Kaluga,Russia,55.08847,35.72508,811192,RU,http://api.geonames.org/search?north=90&west=-180&type=json&featureClass=P&name=%D0%BF%D0%B5%D1%82%D1%80%D0%BE%D0%B2%D1%81%D0%BA&east=180&south=-90&username=jaguillette,geonames
357,1,Petrovsk-Zabaykal’skiy,Zabaykalsky,Russia,51.29309,108.77658,9260970,RU,http://api.geonames.org/search?north=90&west=-180&type=json&featureClass=P&name=%D0%BF%D0%B5%D1%82%D1%80%D0%BE%D0%B2%D1%81%D0%BA&east=180&south=-90&username=jaguillette,geonames
358,1,Petrovsk-Zabaykal’skiy,Zabaykalsky,Russia,51.23263,108.85541,9260971,RU,http://api.geonames.org/search?north=90&west=-180&type=json&featureClass=P&name=%D0%BF%D0%B5%D1%82%D1%80%D0%BE%D0%B2%D1%81%D0%BA&east=180&south=-90&username=jaguillette,geonames
359,1,Verkhniy Avzyan,Bashkortostan,Russia,53.52889,57.53722,475206,RU,http://api.geonames.org/search?north=90&west=-180&type=json&featureClass=P&name=%D0%BF%D0%B5%D1%82%D1%80%D0%BE%D0%B2%D1%81%D0%BA&east=180&south=-90&username=jaguillette,geonames
360,1,Petrova,,Kazakhstan,49.9,82.93333,1520162,KZ,http://api.geonames.org/search?north=90&west=-180&type=json&featureClass=P&name=%D0%BF%D0%B5%D1%82%D1%80%D0%BE%D0%B2%D1%81%D0%BA&east=180&south=-90&username=jaguillette,geonames
361,1,Petrovskiy,Donetsk,Ukraine,47.26667,37.75,697313,UA,http://api.geonames.org/search?north=90&west=-180&type=json&featureClass=P&name=%D0%BF%D0%B5%D1%82%D1%80%D0%BE%D0%B2%D1%81%D0%BA&east=180&south=-90&username=jaguillette,geonames
362,1,Petrovskoye,Jaroslavl,Russia,57.01039,39.26928,509850,RU,http://api.geonames.org/search?north=90&west=-180&type=json&featureClass=P&name=%D0%BF%D0%B5%D1%82%D1%80%D0%BE%D0%B2%D1%81%D0%BA&east=180&south=-90&username=jaguillette,geonames
363,1,Petrovskaya,Sverdlovsk,Russia,58.18432,64.64875,1495067,RU,http://api.geonames.org/search?north=90&west=-180&type=json&featureClass=P&name=%D0%BF%D0%B5%D1%82%D1%80%D0%BE%D0%B2%D1%81%D0%BA&east=180&south=-90&username=jaguillette,geonames
364,1,Petrivka,Vinnyts'ka,Ukraine,49.01123,28.22138,699345,UA,http://api.geonames.org/search?north=90&west=-180&type=json&featureClass=P&name=%D0%BF%D0%B5%D1%82%D1%80%D0%BE%D0%B2%D1%81%D0%BA&east=180&south=-90&username=jaguillette,geonames
365,1,Petrivka,Luhansk,Ukraine,49.86755,38.80199,697343,UA,http://api.geonames.org/search?north=90&west=-180&type=json&featureClass=P&name=%D0%BF%D0%B5%D1%82%D1%80%D0%BE%D0%B2%D1%81%D0%BA&east=180&south=-90&username=jaguillette,geonames
366,1,Petrovsk,Rostov,Russia,48.16528,41.02972,797959,RU,http://api.geonames.org/search?north=90&west=-180&type=json&featureClass=P&name=%D0%BF%D0%B5%D1%82%D1%80%D0%BE%D0%B2%D1%81%D0%BA&east=180&south=-90&username=jaguillette,geonames
367,1,Petrivs’k,Odessa,Ukraine,46.44778,28.97306,697461,UA,http://api.geonames.org/search?north=90&west=-180&type=json&featureClass=P&name=%D0%BF%D0%B5%D1%82%D1%80%D0%BE%D0%B2%D1%81%D0%BA&east=180&south=-90&username=jaguillette,geonames
368,1,Nizhniy Avzyan,Bashkortostan,Russia,53.486,57.5847,520804,RU,http://api.geonames.org/search?north=90&west=-180&type=json&featureClass=P&name=%D0%BF%D0%B5%D1%82%D1%80%D0%BE%D0%B2%D1%81%D0%BA&east=180&south=-90&username=jaguillette,geonames
369,1,not_found,not_found,not_found,not_found,not_found,not_found,not_found,http://api.geonames.org/search?north=90&west=-180&type=json&featureClass=P&name=%D0%BF%D0%B8%D1%80%D1%8F%D1%82%D0%B8%D0%BD%D1%81%D0%BA&east=180&south=-90&username=jaguillette,geonames
370,1,not_found,not_found,not_found,not_found,not_found,not_found,not_found,http://api.geonames.org/search?north=90&west=-180&type=json&featureClass=P&name=%D0%BF%D0%BE%D0%BB%D0%BE%D1%82%D0%B0%D0%B2%D1%81%D0%BA&east=180&south=-90&username=jaguillette,geonames
371,1,Polatsk,Vitsyebskaya Voblastsʼ,Belarus,55.4879,28.7856,623317,BY,http://api.geonames.org/search?north=90&west=-180&type=json&featureClass=P&name=%D0%BF%D0%BE%D0%BB%D0%BE%D1%82%D1%81%D0%BA&east=180&south=-90&username=jaguillette,geonames
372,1,Polotskoye,Chelyabinsk,Russia,52.76861,59.71028,507077,RU,http://api.geonames.org/search?north=90&west=-180&type=json&featureClass=P&name=%D0%BF%D0%BE%D0%BB%D0%BE%D1%82%D1%81%D0%BA&east=180&south=-90&username=jaguillette,geonames
373,1,not_found,not_found,not_found,not_found,not_found,not_found,not_found,http://api.geonames.org/search?north=90&west=-180&type=json&featureClass=P&name=%D0%BF%D0%BE%D0%BB%D1%82%D0%B0%D0%B2%D1%81%D0%BA&east=180&south=-90&username=jaguillette,geonames
374,1,not_found,not_found,not_found,not_found,not_found,not_found,not_found,http://api.geonames.org/search?north=90&west=-180&type=json&featureClass=P&name=%D0%BF%D0%BE%D1%88%D0%B5%D1%85%D0%BE%D0%BD%D1%81%D0%BA&east=180&south=-90&username=jaguillette,geonames
375,1,not_found,not_found,not_found,not_found,not_found,not_found,not_found,http://api.geonames.org/search?north=90&west=-180&type=json&featureClass=P&name=%D0%BF%D1%80%D0%B8%D0%BB%D1%83%D1%86%D0%BA&east=180&south=-90&username=jaguillette,geonames
376,1,not_found,not_found,not_found,not_found,not_found,not_found,not_found,http://api.geonames.org/search?north=90&west=-180&type=json&featureClass=P&name=%D0%BF%D1%81%D0%BA%D0%BE%D0%B2%D1%81%D0%BA&east=180&south=-90&username=jaguillette,geonames
377,1,Rogachëv,Volgograd,Russia,50.6737,42.4188,501679,RU,http://api.geonames.org/search?north=90&west=-180&type=json&featureClass=P&name=%D1%80%D0%BE%D0%B3%D0%B0%D1%87%D0%B5%D0%B2&east=180&south=-90&username=jaguillette,geonames
378,1,Rogachëv,Zhytomyr,Ukraine,49.64413,29.36076,695569,UA,http://api.geonames.org/search?north=90&west=-180&type=json&featureClass=P&name=%D1%80%D0%BE%D0%B3%D0%B0%D1%87%D0%B5%D0%B2&east=180&south=-90&username=jaguillette,geonames
379,1,Rogachëv,Krasnodarskiy,Russia,45.5472,40.542,501680,RU,http://api.geonames.org/search?north=90&west=-180&type=json&featureClass=P&name=%D1%80%D0%BE%D0%B3%D0%B0%D1%87%D0%B5%D0%B2&east=180&south=-90&username=jaguillette,geonames
380,1,Rahachow,Gomel,Belarus,53.0934,30.0495,622739,BY,http://api.geonames.org/search?north=90&west=-180&type=json&featureClass=P&name=%D1%80%D0%BE%D0%B3%D0%B0%D1%87%D0%B5%D0%B2&east=180&south=-90&username=jaguillette,geonames
381,1,Rogachev,Krasnodarskiy,Russia,45.68333,38.83556,803109,RU,http://api.geonames.org/search?north=90&west=-180&type=json&featureClass=P&name=%D1%80%D0%BE%D0%B3%D0%B0%D1%87%D0%B5%D0%B2&east=180&south=-90&username=jaguillette,geonames
382,1,Rohachiv,Zhytomyr,Ukraine,50.41042,27.72239,695568,UA,http://api.geonames.org/search?north=90&west=-180&type=json&featureClass=P&name=%D1%80%D0%BE%D0%B3%D0%B0%D1%87%D0%B5%D0%B2&east=180&south=-90&username=jaguillette,geonames
383,1,Rohachiv,Rivne,Ukraine,50.7009,26.13218,8441458,UA,http://api.geonames.org/search?north=90&west=-180&type=json&featureClass=P&name=%D1%80%D0%BE%D0%B3%D0%B0%D1%87%D0%B5%D0%B2&east=180&south=-90&username=jaguillette,geonames
384,1,not_found,not_found,not_found,not_found,not_found,not_found,not_found,http://api.geonames.org/search?north=90&west=-180&type=json&featureClass=P&name=%D1%80%D0%BE%D0%B3%D0%B0%D1%87%D0%B5%D0%B2%D1%81%D0%BA&east=180&south=-90&username=jaguillette,geonames
385,1,not_found,not_found,not_found,not_found,not_found,not_found,not_found,http://api.geonames.org/search?north=90&west=-180&type=json&featureClass=P&name=%D1%80%D0%BE%D1%81%D1%82%D0%BE%D0%B2%D1%81%D0%BA&east=180&south=-90&username=jaguillette,geonames
386,1,not_found,not_found,not_found,not_found,not_found,not_found,not_found,http://api.geonames.org/search?north=90&west=-180&type=json&featureClass=P&name=%D1%80%D1%83%D0%B7%D1%81%D0%BA&east=180&south=-90&username=jaguillette,geonames
387,1,Ryazansk,Novosibirsk,Russia,56.00348,78.92544,1493378,RU,http://api.geonames.org/search?north=90&west=-180&type=json&featureClass=P&name=%D1%80%D1%8F%D0%B7%D0%B0%D0%BD%D1%81%D0%BA&east=180&south=-90&username=jaguillette,geonames
388,1,Saransk,Mordoviya,Russia,54.1838,45.1749,498698,RU,http://api.geonames.org/search?north=90&west=-180&type=json&featureClass=P&name=%D1%81%D0%B0%D1%80%D0%B0%D0%BD%D1%81%D0%BA&east=180&south=-90&username=jaguillette,geonames
389,1,Sahiloba,Neftçala,Azerbaijan,39.13302,49.20964,147262,AZ,http://api.geonames.org/search?north=90&west=-180&type=json&featureClass=P&name=%D1%81%D0%B0%D1%80%D0%B0%D1%82%D0%BE%D0%B2%D1%81%D0%BA&east=180&south=-90&username=jaguillette,geonames
390,1,not_found,not_found,not_found,not_found,not_found,not_found,not_found,http://api.geonames.org/search?north=90&west=-180&type=json&featureClass=P&name=%D1%81%D0%B2%D0%B8%D0%B0%D0%B6%D1%81%D0%BA&east=180&south=-90&username=jaguillette,geonames
391,1,Ulyanovsk,Ulyanovsk,Russia,54.32824,48.38657,479123,RU,http://api.geonames.org/search?north=90&west=-180&type=json&featureClass=P&name=%D1%81%D0%B8%D0%BD%D0%B1%D0%B8%D1%80%D1%81%D0%BA&east=180&south=-90&username=jaguillette,geonames
392,1,not_found,not_found,not_found,not_found,not_found,not_found,not_found,http://api.geonames.org/search?north=90&west=-180&type=json&featureClass=P&name=%D1%81%D0%BE%D1%81%D0%BD%D0%B8%D1%86%D0%BA&east=180&south=-90&username=jaguillette,geonames
393,1,not_found,not_found,not_found,not_found,not_found,not_found,not_found,http://api.geonames.org/search?north=90&west=-180&type=json&featureClass=P&name=%D1%81%D1%82%D0%B0%D1%80%D0%BE%D0%B1%D1%8B%D1%85%D0%BE%D0%B2%D1%81%D0%BA&east=180&south=-90&username=jaguillette,geonames
394,1,not_found,not_found,not_found,not_found,not_found,not_found,not_found,http://api.geonames.org/search?north=90&west=-180&type=json&featureClass=P&name=%D1%81%D1%82%D0%B0%D1%80%D0%BE%D0%B4%D1%83%D0%B1%D0%BE%D0%B2%D1%81%D0%BA&east=180&south=-90&username=jaguillette,geonames
395,1,not_found,not_found,not_found,not_found,not_found,not_found,not_found,http://api.geonames.org/search?north=90&west=-180&type=json&featureClass=P&name=%D1%81%D1%83%D0%B7%D0%B4%D0%B0%D0%BB%D1%8C%D1%81%D0%BA&east=180&south=-90&username=jaguillette,geonames
396,1,not_found,not_found,not_found,not_found,not_found,not_found,not_found,http://api.geonames.org/search?north=90&west=-180&type=json&featureClass=P&name=%D1%82%D0%B2%D0%B5%D1%80%D1%81%D0%BA&east=180&south=-90&username=jaguillette,geonames
397,1,not_found,not_found,not_found,not_found,not_found,not_found,not_found,http://api.geonames.org/search?north=90&west=-180&type=json&featureClass=P&name=%D1%82%D0%B5%D0%BC%D0%BD%D0%B8%D0%BA%D0%BE%D0%B2%D1%81%D0%BA&east=180&south=-90&username=jaguillette,geonames
398,1,not_found,not_found,not_found,not_found,not_found,not_found,not_found,http://api.geonames.org/search?north=90&west=-180&type=json&featureClass=P&name=%D1%82%D1%83%D0%BB%D1%8C%D1%81%D0%BA+%D0%B6%D0%B5&east=180&south=-90&username=jaguillette,geonames
399,1,Kharkiv,Kharkiv,Ukraine,49.98081,36.25272,706483,UA,http://api.geonames.org/search?north=90&west=-180&type=json&featureClass=P&name=%D1%85%D0%B0%D1%80%D1%8C%D0%BA%D0%BE%D0%B2&east=180&south=-90&username=jaguillette,geonames
400,1,Khar'kov Log,Kemerovo,Russia,54.548,85.3597,1503739,RU,http://api.geonames.org/search?north=90&west=-180&type=json&featureClass=P&name=%D1%85%D0%B0%D1%80%D1%8C%D0%BA%D0%BE%D0%B2&east=180&south=-90&username=jaguillette,geonames
401,1,not_found,not_found,not_found,not_found,not_found,not_found,not_found,http://api.geonames.org/search?north=90&west=-180&type=json&featureClass=P&name=%D1%85%D0%B0%D1%80%D1%8C%D0%BA%D0%BE%D0%B2%D1%81%D0%BA&east=180&south=-90&username=jaguillette,geonames
402,1,Chelyabinsk,Chelyabinsk,Russia,55.15402,61.42915,1508291,RU,http://api.geonames.org/search?north=90&west=-180&type=json&featureClass=P&name=%D1%87%D0%B5%D0%BB%D1%8F%D0%B1%D0%B8%D0%BD%D1%81%D0%BA&east=180&south=-90&username=jaguillette,geonames
403,1,Snezhinsk,Chelyabinsk,Russia,56.085,60.73139,1536289,RU,http://api.geonames.org/search?north=90&west=-180&type=json&featureClass=P&name=%D1%87%D0%B5%D0%BB%D1%8F%D0%B1%D0%B8%D0%BD%D1%81%D0%BA&east=180&south=-90&username=jaguillette,geonames
404,1,Chelyabinsk,Chelyabinsk,Russia,55.15402,61.42915,1508291,RU,http://api.geonames.org/search?north=90&west=-180&type=json&featureClass=P&name=%D1%87%D0%B5%D0%BB%D1%8F%D0%B1%D0%B8%D0%BD%D1%81%D0%BA&east=180&south=-90&username=jaguillette,geonames
405,1,Snezhinsk,Chelyabinsk,Russia,56.085,60.73139,1536289,RU,http://api.geonames.org/search?north=90&west=-180&type=json&featureClass=P&name=%D1%87%D0%B5%D0%BB%D1%8F%D0%B1%D0%B8%D0%BD%D1%81%D0%BA&east=180&south=-90&username=jaguillette,geonames
406,1,not_found,not_found,not_found,not_found,not_found,not_found,not_found,http://api.geonames.org/search?north=90&west=-180&type=json&featureClass=P&name=%D1%87%D0%B5%D1%80%D0%B8%D0%BA%D0%BE%D0%B2%D1%81%D0%BA&east=180&south=-90&username=jaguillette,geonames
407,1,not_found,not_found,not_found,not_found,not_found,not_found,not_found,http://api.geonames.org/search?north=90&west=-180&type=json&featureClass=P&name=%D1%87%D0%B5%D1%80%D0%BD%D0%B8%D0%B3%D0%BE%D0%B2%D1%81%D0%BA&east=180&south=-90&username=jaguillette,geonames
408,1,not_found,not_found,not_found,not_found,not_found,not_found,not_found,http://api.geonames.org/search?north=90&west=-180&type=json&featureClass=P&name=%D1%87%D1%83%D1%85%D0%BB%D0%BE%D0%BC%D1%81%D0%BA&east=180&south=-90&username=jaguillette,geonames
409,1,Shatsk,Minskaja Voblasts’,Belarus,53.4307,27.6953,622158,BY,http://api.geonames.org/search?north=90&west=-180&type=json&featureClass=P&name=%D1%88%D0%B0%D1%82%D1%81%D0%BA&east=180&south=-90&username=jaguillette,geonames
410,1,Shatsk,Rjazan,Russia,54.02576,41.71191,495532,RU,http://api.geonames.org/search?north=90&west=-180&type=json&featureClass=P&name=%D1%88%D0%B0%D1%82%D1%81%D0%BA&east=180&south=-90&username=jaguillette,geonames
411,1,Shatsk Vtoroy,Tula,Russia,54.13351,37.84069,495529,RU,http://api.geonames.org/search?north=90&west=-180&type=json&featureClass=P&name=%D1%88%D0%B0%D1%82%D1%81%D0%BA&east=180&south=-90&username=jaguillette,geonames
412,1,Shats’k,Volyn,Ukraine,51.50208,23.93806,694333,UA,http://api.geonames.org/search?north=90&west=-180&type=json&featureClass=P&name=%D1%88%D0%B0%D1%82%D1%81%D0%BA&east=180&south=-90&username=jaguillette,geonames
413,1,Shatsk,Rjazan,Russia,54.02576,41.71191,495532,RU,http://api.geonames.org/search?north=90&west=-180&type=json&featureClass=P&name=%D1%88%D0%B0%D1%86%D0%BA&east=180&south=-90&username=jaguillette,geonames
414,1,Shatsk,Minskaja Voblasts’,Belarus,53.4307,27.6953,622158,BY,http://api.geonames.org/search?north=90&west=-180&type=json&featureClass=P&name=%D1%88%D0%B0%D1%86%D0%BA&east=180&south=-90&username=jaguillette,geonames
415,1,Shack Mills,Virginia,United States,37.19456,-81.95374,4784972,US,http://api.geonames.org/search?north=90&west=-180&type=json&featureClass=P&name=%D1%88%D0%B0%D1%86%D0%BA&east=180&south=-90&username=jaguillette,geonames
416,1,Sácriba,,Equatorial Guinea,3.70928,8.71165,2306792,GQ,http://api.geonames.org/search?north=90&west=-180&type=json&featureClass=P&name=%D1%88%D0%B0%D1%86%D0%BA&east=180&south=-90&username=jaguillette,geonames
417,1,Russell Shack Ridge,Tennessee,United States,35.87174,-84.97773,4654937,US,http://api.geonames.org/search?north=90&west=-180&type=json&featureClass=P&name=%D1%88%D0%B0%D1%86%D0%BA&east=180&south=-90&username=jaguillette,geonames
418,1,Shats’k,Volyn,Ukraine,51.50208,23.93806,694333,UA,http://api.geonames.org/search?north=90&west=-180&type=json&featureClass=P&name=%D1%88%D0%B0%D1%86%D0%BA&east=180&south=-90&username=jaguillette,geonames
419,1,Denim Shack Mobile Home Park,Ohio,United States,39.275,-81.599,7308908,US,http://api.geonames.org/search?north=90&west=-180&type=json&featureClass=P&name=%D1%88%D0%B0%D1%86%D0%BA&east=180&south=-90&username=jaguillette,geonames
420,1,Shack (historical),Georgia,United States,32.36015,-84.9566,4222039,US,http://api.geonames.org/search?north=90&west=-180&type=json&featureClass=P&name=%D1%88%D0%B0%D1%86%D0%BA&east=180&south=-90&username=jaguillette,geonames
421,1,Tin Shack (historical),California,United States,34.37029,-114.27023,5402708,US,http://api.geonames.org/search?north=90&west=-180&type=json&featureClass=P&name=%D1%88%D0%B0%D1%86%D0%BA&east=180&south=-90&username=jaguillette,geonames
422,1,not_found,not_found,not_found,not_found,not_found,not_found,not_found,http://api.geonames.org/search?north=90&west=-180&type=json&featureClass=P&name=%D1%8E%D1%80%D1%8C%D0%B5%D0%B2%D1%86&east=180&south=-90&username=jaguillette,geonames
423,1,Yarensk,Arkhangelskaya,Russia,62.16755,49.09162,468983,RU,http://api.geonames.org/search?north=90&west=-180&type=json&featureClass=P&name=%D1%8F%D1%80%D0%B5%D0%BD%D1%81%D0%BA&east=180&south=-90&username=jaguillette,geonames
424,1,not_found,not_found,not_found,not_found,not_found,not_found,not_found,http://api.geonames.org/search?north=90&west=-180&type=json&featureClass=P&name=%D1%8F%D1%80%D0%BE%D1%81%D0%BB%D0%B0%D0%B2%D1%81%D0%BA&east=180&south=-90&username=jaguillette,geonames
