,uy_id,result_placename,searched_placename,admin1,country_name,lat,lng,src_id,country_code,url,src,namiest,uezd,partof_id
0,0,not_found,донковск,not_found,not_found,not_found,not_found,not_found,not_found,http://api.geonames.org/search?west=42.0982&type=json&featureClass=P&name=%D0%B4%D0%BE%D0%BD%D0%BA%D0%BE%D0%B2%D1%81%D0%BA&east=46.7497&username=jaguillette&south=52.3066&north=54.8422,geonames,рязанск,донковск,28
1,0,not_found,донков,not_found,not_found,not_found,not_found,not_found,not_found,http://api.geonames.org/search?west=42.0982&type=json&featureClass=P&name=%D0%B4%D0%BE%D0%BD%D0%BA%D0%BE%D0%B2&east=46.7497&username=jaguillette&south=52.3066&north=54.8422,geonames,рязанск,донковск,28
2,1,not_found,вологодск,not_found,not_found,not_found,not_found,not_found,not_found,http://api.geonames.org/search?west=37.83&type=json&featureClass=P&name=%D0%B2%D0%BE%D0%BB%D0%BE%D0%B3%D0%BE%D0%B4%D1%81%D0%BA&east=57.25&username=jaguillette&south=57.25&north=64.08,geonames,вологодск,вологодск,4
3,1,not_found,вологод,not_found,not_found,not_found,not_found,not_found,not_found,http://api.geonames.org/search?west=37.83&type=json&featureClass=P&name=%D0%B2%D0%BE%D0%BB%D0%BE%D0%B3%D0%BE%D0%B4&east=57.25&username=jaguillette&south=57.25&north=64.08,geonames,вологодск,вологодск,4
4,2,not_found,арзамаск,not_found,not_found,not_found,not_found,not_found,not_found,http://api.geonames.org/search?west=40.00205&type=json&featureClass=P&name=%D0%B0%D1%80%D0%B7%D0%B0%D0%BC%D0%B0%D1%81%D0%BA&east=48.00205&username=jaguillette&south=52.32867&north=60.32867,geonames,нижегородск,арзамаск,17
5,2,not_found,арзама,not_found,not_found,not_found,not_found,not_found,not_found,http://api.geonames.org/search?west=40.00205&type=json&featureClass=P&name=%D0%B0%D1%80%D0%B7%D0%B0%D0%BC%D0%B0&east=48.00205&username=jaguillette&south=52.32867&north=60.32867,geonames,нижегородск,арзамаск,17
6,3,not_found,темниковск,not_found,not_found,not_found,not_found,not_found,not_found,http://api.geonames.org/search?west=37.433333&type=json&featureClass=P&name=%D1%82%D0%B5%D0%BC%D0%BD%D0%B8%D0%BA%D0%BE%D0%B2%D1%81%D0%BA&east=45.433333&username=jaguillette&south=48.716667&north=56.716667,geonames,тамбовск,темниковск,32
7,3,Temnikov,темников,Mordoviya,Russia,54.63023,43.21483,483684,RU,http://api.geonames.org/search?west=37.433333&type=json&featureClass=P&name=%D1%82%D0%B5%D0%BC%D0%BD%D0%B8%D0%BA%D0%BE%D0%B2&east=45.433333&username=jaguillette&south=48.716667&north=56.716667,geonames,тамбовск,темниковск,32
8,5,not_found,ярославск,not_found,not_found,not_found,not_found,not_found,not_found,http://api.geonames.org/search?west=35.85&type=json&featureClass=P&name=%D1%8F%D1%80%D0%BE%D1%81%D0%BB%D0%B0%D0%B2%D1%81%D0%BA&east=43.85&username=jaguillette&south=53.616667&north=61.616667,geonames,ярославск,ярославск,39
9,5,not_found,ярослав,not_found,not_found,not_found,not_found,not_found,not_found,http://api.geonames.org/search?west=35.85&type=json&featureClass=P&name=%D1%8F%D1%80%D0%BE%D1%81%D0%BB%D0%B0%D0%B2&east=43.85&username=jaguillette&south=53.616667&north=61.616667,geonames,ярославск,ярославск,39
10,6,Vadinsk,керенск,Penza,Russia,53.69157,43.05744,477418,RU,http://api.geonames.org/search?west=41.8373&type=json&featureClass=P&name=%D0%BA%D0%B5%D1%80%D0%B5%D0%BD%D1%81%D0%BA&east=46.7277&username=jaguillette&south=52.3247&north=54.837,geonames,пензенск,керенск,22
11,10,not_found,белогородск,not_found,not_found,not_found,not_found,not_found,not_found,http://api.geonames.org/search?west=32.183333&type=json&featureClass=P&name=%D0%B1%D0%B5%D0%BB%D0%BE%D0%B3%D0%BE%D1%80%D0%BE%D0%B4%D1%81%D0%BA&east=40.183333&username=jaguillette&south=47.716667&north=55.716667,geonames,курск,белогородск,15
12,10,Belogorodskiy,белогород,Tula,Russia,54.37445,38.51663,577974,RU,http://api.geonames.org/search?west=32.183333&type=json&featureClass=P&name=%D0%B1%D0%B5%D0%BB%D0%BE%D0%B3%D0%BE%D1%80%D0%BE%D0%B4&east=40.183333&username=jaguillette&south=47.716667&north=55.716667,geonames,курск,белогородск,15
13,12,not_found,изюмск,not_found,not_found,not_found,not_found,not_found,not_found,http://api.geonames.org/search?west=33.5563&type=json&featureClass=P&name=%D0%B8%D0%B7%D1%8E%D0%BC%D1%81%D0%BA&east=38.2875&username=jaguillette&south=48.4869&north=51.5689,geonames,харьковск,изюмск,37
14,12,Izyum,изюм,Kharkiv,Ukraine,49.20875,37.24848,707292,UA,http://api.geonames.org/search?west=33.5563&type=json&featureClass=P&name=%D0%B8%D0%B7%D1%8E%D0%BC&east=38.2875&username=jaguillette&south=48.4869&north=51.5689,geonames,харьковск,изюмск,37
15,13,not_found,рогачевск,not_found,not_found,not_found,not_found,not_found,not_found,http://api.geonames.org/search?west=29.5408&type=json&featureClass=P&name=%D1%80%D0%BE%D0%B3%D0%B0%D1%87%D0%B5%D0%B2%D1%81%D0%BA&east=32.863&username=jaguillette&south=51.9042&north=55.194,geonames,могилевск,рогачевск,16
16,13,Rahachow,рогачев,Gomel,Belarus,53.0934,30.0495,622739,BY,http://api.geonames.org/search?west=29.5408&type=json&featureClass=P&name=%D1%80%D0%BE%D0%B3%D0%B0%D1%87%D0%B5%D0%B2&east=32.863&username=jaguillette&south=51.9042&north=55.194,geonames,могилевск,рогачевск,16
17,14,not_found,алатырьск,not_found,not_found,not_found,not_found,not_found,not_found,http://api.geonames.org/search?west=44.366667&type=json&featureClass=P&name=%D0%B0%D0%BB%D0%B0%D1%82%D1%8B%D1%80%D1%8C%D1%81%D0%BA&east=52.366667&username=jaguillette&south=50.316667&north=58.316667,geonames,синбирск,алатырьск,30
18,14,Alatyr',алатырь,Chuvashia,Russia,54.8421,46.5813,583437,RU,http://api.geonames.org/search?west=44.366667&type=json&featureClass=P&name=%D0%B0%D0%BB%D0%B0%D1%82%D1%8B%D1%80%D1%8C&east=52.366667&username=jaguillette&south=50.316667&north=58.316667,geonames,синбирск,алатырьск,30
19,14,Alatyr’kasy,алатырь,Chuvashia,Russia,56.0395,47.54381,6198182,RU,http://api.geonames.org/search?west=44.366667&type=json&featureClass=P&name=%D0%B0%D0%BB%D0%B0%D1%82%D1%8B%D1%80%D1%8C&east=52.366667&username=jaguillette&south=50.316667&north=58.316667,geonames,синбирск,алатырьск,30
20,15,not_found,елецк,not_found,not_found,not_found,not_found,not_found,not_found,http://api.geonames.org/search?west=32.066667&type=json&featureClass=P&name=%D0%B5%D0%BB%D0%B5%D1%86%D0%BA&east=40.066667&username=jaguillette&south=48.966667&north=56.966667,geonames,орловск,елецк,21
21,17,not_found,харьковск,not_found,not_found,not_found,not_found,not_found,not_found,http://api.geonames.org/search?west=33.5563&type=json&featureClass=P&name=%D1%85%D0%B0%D1%80%D1%8C%D0%BA%D0%BE%D0%B2%D1%81%D0%BA&east=38.2875&username=jaguillette&south=48.4869&north=51.5689,geonames,харьковск,харьковск,37
22,17,Kharkiv,харьков,Kharkiv,Ukraine,49.98081,36.25272,706483,UA,http://api.geonames.org/search?west=33.5563&type=json&featureClass=P&name=%D1%85%D0%B0%D1%80%D1%8C%D0%BA%D0%BE%D0%B2&east=38.2875&username=jaguillette&south=48.4869&north=51.5689,geonames,харьковск,харьковск,37
23,19,not_found,веневск,not_found,not_found,not_found,not_found,not_found,not_found,http://api.geonames.org/search?west=35.5421&type=json&featureClass=P&name=%D0%B2%D0%B5%D0%BD%D0%B5%D0%B2%D1%81%D0%BA&east=39.6827&username=jaguillette&south=52.8329&north=55.0867,geonames,тульск,веневск,35
24,19,Venëv,венев,Tula,Russia,54.35533,38.26843,475881,RU,http://api.geonames.org/search?west=35.5421&type=json&featureClass=P&name=%D0%B2%D0%B5%D0%BD%D0%B5%D0%B2&east=39.6827&username=jaguillette&south=52.8329&north=55.0867,geonames,тульск,веневск,35
25,19,Venëv Monastyr’,венев,Tula,Russia,54.33614,38.02976,475879,RU,http://api.geonames.org/search?west=35.5421&type=json&featureClass=P&name=%D0%B2%D0%B5%D0%BD%D0%B5%D0%B2&east=39.6827&username=jaguillette&south=52.8329&north=55.0867,geonames,тульск,веневск,35
26,19,Makhrinskiye Vyselki,венев,Tula,Russia,54.4293,38.1779,7690564,RU,http://api.geonames.org/search?west=35.5421&type=json&featureClass=P&name=%D0%B2%D0%B5%D0%BD%D0%B5%D0%B2&east=39.6827&username=jaguillette&south=52.8329&north=55.0867,geonames,тульск,веневск,35
27,21,Saransk,саранск,Mordoviya,Russia,54.1838,45.1749,498698,RU,http://api.geonames.org/search?west=41.8373&type=json&featureClass=P&name=%D1%81%D0%B0%D1%80%D0%B0%D0%BD%D1%81%D0%BA&east=46.7277&username=jaguillette&south=52.3247&north=54.837,geonames,пензенск,саранск,22
28,25,not_found,изюмовск,not_found,not_found,not_found,not_found,not_found,not_found,http://api.geonames.org/search?west=33.5563&type=json&featureClass=P&name=%D0%B8%D0%B7%D1%8E%D0%BC%D0%BE%D0%B2%D1%81%D0%BA&east=38.2875&username=jaguillette&south=48.4869&north=51.5689,geonames,харьковск,изюмовск,37
29,25,not_found,изюмов,not_found,not_found,not_found,not_found,not_found,not_found,http://api.geonames.org/search?west=33.5563&type=json&featureClass=P&name=%D0%B8%D0%B7%D1%8E%D0%BC%D0%BE%D0%B2&east=38.2875&username=jaguillette&south=48.4869&north=51.5689,geonames,харьковск,изюмовск,37
30,26,not_found,переяславск,not_found,not_found,not_found,not_found,not_found,not_found,http://api.geonames.org/search?west=29.72503&type=json&featureClass=P&name=%D0%BF%D0%B5%D1%80%D0%B5%D1%8F%D1%81%D0%BB%D0%B0%D0%B2%D1%81%D0%BA&east=34.35625&username=jaguillette&south=49.08008&north=51.49413,geonames,киевск,переяславск,13
31,26,Pereyaslav-Khmel'nyts'kyy,переяслав,Kiev,Ukraine,50.08768,31.4795,697637,UA,http://api.geonames.org/search?west=29.72503&type=json&featureClass=P&name=%D0%BF%D0%B5%D1%80%D0%B5%D1%8F%D1%81%D0%BB%D0%B0%D0%B2&east=34.35625&username=jaguillette&south=49.08008&north=51.49413,geonames,киевск,переяславск,13
32,27,not_found,киевск,not_found,not_found,not_found,not_found,not_found,not_found,http://api.geonames.org/search?west=29.72503&type=json&featureClass=P&name=%D0%BA%D0%B8%D0%B5%D0%B2%D1%81%D0%BA&east=34.35625&username=jaguillette&south=49.08008&north=51.49413,geonames,киевск,киевск,13
33,27,Kyiv,киев,Kyiv City,Ukraine,50.45466,30.5238,703448,UA,http://api.geonames.org/search?west=29.72503&type=json&featureClass=P&name=%D0%BA%D0%B8%D0%B5%D0%B2&east=34.35625&username=jaguillette&south=49.08008&north=51.49413,geonames,киевск,киевск,13
34,27,Podol,киев,Kyiv City,Ukraine,50.46936,30.51626,696877,UA,http://api.geonames.org/search?west=29.72503&type=json&featureClass=P&name=%D0%BA%D0%B8%D0%B5%D0%B2&east=34.35625&username=jaguillette&south=49.08008&north=51.49413,geonames,киевск,киевск,13
35,28,not_found,нежинск,not_found,not_found,not_found,not_found,not_found,not_found,http://api.geonames.org/search?west=29.266666999999998&type=json&featureClass=P&name=%D0%BD%D0%B5%D0%B6%D0%B8%D0%BD%D1%81%D0%BA&east=37.266667&username=jaguillette&south=47.983333&north=55.983333,geonames,новогородского - северск,нежинск,19
36,28,Nizhyn,нежин,Chernihiv,Ukraine,51.04801,31.88688,699942,UA,http://api.geonames.org/search?west=29.266666999999998&type=json&featureClass=P&name=%D0%BD%D0%B5%D0%B6%D0%B8%D0%BD&east=37.266667&username=jaguillette&south=47.983333&north=55.983333,geonames,новогородского - северск,нежинск,19
37,29,not_found,новогородского - северск,not_found,not_found,not_found,not_found,not_found,not_found,http://api.geonames.org/search?west=29.266666999999998&type=json&featureClass=P&name=%D0%BD%D0%BE%D0%B2%D0%BE%D0%B3%D0%BE%D1%80%D0%BE%D0%B4%D1%81%D0%BA%D0%BE%D0%B3%D0%BE+-+%D1%81%D0%B5%D0%B2%D0%B5%D1%80%D1%81%D0%BA&east=37.266667&username=jaguillette&south=47.983333&north=55.983333,geonames,новогородского - северск,новогородского - северск,19
38,29,not_found,новогородского - север,not_found,not_found,not_found,not_found,not_found,not_found,http://api.geonames.org/search?west=29.266666999999998&type=json&featureClass=P&name=%D0%BD%D0%BE%D0%B2%D0%BE%D0%B3%D0%BE%D1%80%D0%BE%D0%B4%D1%81%D0%BA%D0%BE%D0%B3%D0%BE+-+%D1%81%D0%B5%D0%B2%D0%B5%D1%80&east=37.266667&username=jaguillette&south=47.983333&north=55.983333,geonames,новогородского - северск,новогородского - северск,19
39,31,not_found,саратовск,not_found,not_found,not_found,not_found,not_found,not_found,http://api.geonames.org/search?west=40.3&type=json&featureClass=P&name=%D1%81%D0%B0%D1%80%D0%B0%D1%82%D0%BE%D0%B2%D1%81%D0%BA&east=51.36&username=jaguillette&south=48.45&north=53.18,geonames,саратовск,саратовск,29
40,31,Saratov,саратов,Saratov,Russia,51.54056,46.00861,498677,RU,http://api.geonames.org/search?west=40.3&type=json&featureClass=P&name=%D1%81%D0%B0%D1%80%D0%B0%D1%82%D0%BE%D0%B2&east=51.36&username=jaguillette&south=48.45&north=53.18,geonames,саратовск,саратовск,29
41,33,not_found,чухломск,not_found,not_found,not_found,not_found,not_found,not_found,http://api.geonames.org/search?west=36.933333&type=json&featureClass=P&name=%D1%87%D1%83%D1%85%D0%BB%D0%BE%D0%BC%D1%81%D0%BA&east=44.933333&username=jaguillette&south=53.766667&north=61.766667,geonames,кострома,чухломск,14
42,33,not_found,чухлом,not_found,not_found,not_found,not_found,not_found,not_found,http://api.geonames.org/search?west=36.933333&type=json&featureClass=P&name=%D1%87%D1%83%D1%85%D0%BB%D0%BE%D0%BC&east=44.933333&username=jaguillette&south=53.766667&north=61.766667,geonames,кострома,чухломск,14
43,34,Volokolamsk,волоколамск,Moskovskaya,Russia,56.03361,35.96944,472433,RU,http://api.geonames.org/search?west=34.3446&type=json&featureClass=P&name=%D0%B2%D0%BE%D0%BB%D0%BE%D0%BA%D0%BE%D0%BB%D0%B0%D0%BC%D1%81%D0%BA&east=40.3419&username=jaguillette&south=54.2132&north=56.981,geonames,московск,волоколамск,1
44,34,Privokzal'nyy,волоколамск,Moskovskaya,Russia,56.00011,35.92156,505111,RU,http://api.geonames.org/search?west=34.3446&type=json&featureClass=P&name=%D0%B2%D0%BE%D0%BB%D0%BE%D0%BA%D0%BE%D0%BB%D0%B0%D0%BC%D1%81%D0%BA&east=40.3419&username=jaguillette&south=54.2132&north=56.981,geonames,московск,волоколамск,1
45,35,not_found,каширск,not_found,not_found,not_found,not_found,not_found,not_found,http://api.geonames.org/search?west=35.5421&type=json&featureClass=P&name=%D0%BA%D0%B0%D1%88%D0%B8%D1%80%D1%81%D0%BA&east=39.6827&username=jaguillette&south=52.8329&north=55.0867,geonames,тульск,каширск,35
46,35,not_found,кашир,not_found,not_found,not_found,not_found,not_found,not_found,http://api.geonames.org/search?west=35.5421&type=json&featureClass=P&name=%D0%BA%D0%B0%D1%88%D0%B8%D1%80&east=39.6827&username=jaguillette&south=52.8329&north=55.0867,geonames,тульск,каширск,35
47,37,not_found,динабургск,not_found,not_found,not_found,not_found,not_found,not_found,http://api.geonames.org/search?west=24.8&type=json&featureClass=P&name=%D0%B4%D0%B8%D0%BD%D0%B0%D0%B1%D1%83%D1%80%D0%B3%D1%81%D0%BA&east=32.8&username=jaguillette&south=51.483333&north=59.483333,geonames,полотск,динабургск,24
48,37,not_found,динабург,not_found,not_found,not_found,not_found,not_found,not_found,http://api.geonames.org/search?west=24.8&type=json&featureClass=P&name=%D0%B4%D0%B8%D0%BD%D0%B0%D0%B1%D1%83%D1%80%D0%B3&east=32.8&username=jaguillette&south=51.483333&north=59.483333,geonames,полотск,динабургск,24
49,39,not_found,челябинск,not_found,not_found,not_found,not_found,not_found,not_found,http://api.geonames.org/search?west=51.966667&type=json&featureClass=P&name=%D1%87%D0%B5%D0%BB%D1%8F%D0%B1%D0%B8%D0%BD%D1%81%D0%BA&east=59.966667&username=jaguillette&south=50.733333&north=58.733333,geonames,уфимск,челябинск,36
50,39,not_found,челябин,not_found,not_found,not_found,not_found,not_found,not_found,http://api.geonames.org/search?west=51.966667&type=json&featureClass=P&name=%D1%87%D0%B5%D0%BB%D1%8F%D0%B1%D0%B8%D0%BD&east=59.966667&username=jaguillette&south=50.733333&north=58.733333,geonames,уфимск,челябинск,36
51,41,not_found,миргородск,not_found,not_found,not_found,not_found,not_found,not_found,http://api.geonames.org/search?west=29.72503&type=json&featureClass=P&name=%D0%BC%D0%B8%D1%80%D0%B3%D0%BE%D1%80%D0%BE%D0%B4%D1%81%D0%BA&east=34.35625&username=jaguillette&south=49.08008&north=51.49413,geonames,киевск,миргородск,13
52,41,Myrhorod,миргород,Poltava,Ukraine,49.96854,33.60886,701075,UA,http://api.geonames.org/search?west=29.72503&type=json&featureClass=P&name=%D0%BC%D0%B8%D1%80%D0%B3%D0%BE%D1%80%D0%BE%D0%B4&east=34.35625&username=jaguillette&south=49.08008&north=51.49413,geonames,киевск,миргородск,13
53,42,not_found,нижеломовск,not_found,not_found,not_found,not_found,not_found,not_found,http://api.geonames.org/search?west=41.8373&type=json&featureClass=P&name=%D0%BD%D0%B8%D0%B6%D0%B5%D0%BB%D0%BE%D0%BC%D0%BE%D0%B2%D1%81%D0%BA&east=46.7277&username=jaguillette&south=52.3247&north=54.837,geonames,пензенск,нижеломовск,22
54,42,not_found,нижеломов,not_found,not_found,not_found,not_found,not_found,not_found,http://api.geonames.org/search?west=41.8373&type=json&featureClass=P&name=%D0%BD%D0%B8%D0%B6%D0%B5%D0%BB%D0%BE%D0%BC%D0%BE%D0%B2&east=46.7277&username=jaguillette&south=52.3247&north=54.837,geonames,пензенск,нижеломовск,22
55,44,not_found,суздальск,not_found,not_found,not_found,not_found,not_found,not_found,http://api.geonames.org/search?west=36.416667&type=json&featureClass=P&name=%D1%81%D1%83%D0%B7%D0%B4%D0%B0%D0%BB%D1%8C%D1%81%D0%BA&east=44.416667&username=jaguillette&south=52.133333&north=60.133333,geonames,владимерск,суздальск,3
56,44,Suzdal,суздаль,Vladimir,Russia,56.42274,40.44668,485824,RU,http://api.geonames.org/search?west=36.416667&type=json&featureClass=P&name=%D1%81%D1%83%D0%B7%D0%B4%D0%B0%D0%BB%D1%8C&east=44.416667&username=jaguillette&south=52.133333&north=60.133333,geonames,владимерск,суздальск,3
57,45,Zubtsov,зубцов,Tverskaya,Russia,56.17534,34.58935,462008,RU,http://api.geonames.org/search?west=31.921928&type=json&featureClass=P&name=%D0%B7%D1%83%D0%B1%D1%86%D0%BE%D0%B2&east=39.921928&username=jaguillette&south=52.857828&north=60.857828,geonames,тверск,зубцов,33
58,46,Mozhaysk,можайск,Moskovskaya,Russia,55.50194,36.02722,524712,RU,http://api.geonames.org/search?west=34.3446&type=json&featureClass=P&name=%D0%BC%D0%BE%D0%B6%D0%B0%D0%B9%D1%81%D0%BA&east=40.3419&username=jaguillette&south=54.2132&north=56.981,geonames,московск,можайск,1
59,48,Petrovsk,петровск,Kaluga,Russia,54.16083,35.86472,816184,RU,http://api.geonames.org/search?west=35.85&type=json&featureClass=P&name=%D0%BF%D0%B5%D1%82%D1%80%D0%BE%D0%B2%D1%81%D0%BA&east=43.85&username=jaguillette&south=53.616667&north=61.616667,geonames,ярославск,петровск,39
60,48,Petrovskoye,петровск,Jaroslavl,Russia,57.01039,39.26928,509850,RU,http://api.geonames.org/search?west=35.85&type=json&featureClass=P&name=%D0%BF%D0%B5%D1%82%D1%80%D0%BE%D0%B2%D1%81%D0%BA&east=43.85&username=jaguillette&south=53.616667&north=61.616667,geonames,ярославск,петровск,39
61,51,not_found,ахтырск,not_found,not_found,not_found,not_found,not_found,not_found,http://api.geonames.org/search?west=33.5563&type=json&featureClass=P&name=%D0%B0%D1%85%D1%82%D1%8B%D1%80%D1%81%D0%BA&east=38.2875&username=jaguillette&south=48.4869&north=51.5689,geonames,харьковск,ахтырск,37
62,51,not_found,ахтыр,not_found,not_found,not_found,not_found,not_found,not_found,http://api.geonames.org/search?west=33.5563&type=json&featureClass=P&name=%D0%B0%D1%85%D1%82%D1%8B%D1%80&east=38.2875&username=jaguillette&south=48.4869&north=51.5689,geonames,харьковск,ахтырск,37
63,52,Kozel'sk,козельск,Kaluga,Russia,54.03746,35.77159,543348,RU,http://api.geonames.org/search?west=32.266667&type=json&featureClass=P&name=%D0%BA%D0%BE%D0%B7%D0%B5%D0%BB%D1%8C%D1%81%D0%BA&east=40.266667&username=jaguillette&south=50.533333&north=58.533333,geonames,калужск,козельск,12
64,53,not_found,новогородск,not_found,not_found,not_found,not_found,not_found,not_found,http://api.geonames.org/search?west=28.65&type=json&featureClass=P&name=%D0%BD%D0%BE%D0%B2%D0%BE%D0%B3%D0%BE%D1%80%D0%BE%D0%B4%D1%81%D0%BA&east=39.89&username=jaguillette&south=57.1&north=61.31,geonames,новогородск,новогородск,18
65,53,not_found,новогород,not_found,not_found,not_found,not_found,not_found,not_found,http://api.geonames.org/search?west=28.65&type=json&featureClass=P&name=%D0%BD%D0%BE%D0%B2%D0%BE%D0%B3%D0%BE%D1%80%D0%BE%D0%B4&east=39.89&username=jaguillette&south=57.1&north=61.31,geonames,новогородск,новогородск,18
66,55,not_found,полотавск,not_found,not_found,not_found,not_found,not_found,not_found,http://api.geonames.org/search?west=29.6&type=json&featureClass=P&name=%D0%BF%D0%BE%D0%BB%D0%BE%D1%82%D0%B0%D0%B2%D1%81%D0%BA&east=39.14&username=jaguillette&south=46.07&north=49.99,geonames,екатеринославск,полотавск,8
67,55,not_found,полотав,not_found,not_found,not_found,not_found,not_found,not_found,http://api.geonames.org/search?west=29.6&type=json&featureClass=P&name=%D0%BF%D0%BE%D0%BB%D0%BE%D1%82%D0%B0%D0%B2&east=39.14&username=jaguillette&south=46.07&north=49.99,geonames,екатеринославск,полотавск,8
68,56,not_found,новгородск,not_found,not_found,not_found,not_found,not_found,not_found,http://api.geonames.org/search?west=24.8&type=json&featureClass=P&name=%D0%BD%D0%BE%D0%B2%D0%B3%D0%BE%D1%80%D0%BE%D0%B4%D1%81%D0%BA&east=180&username=jaguillette&south=38.6&north=78.0,geonames,нот_ин_теxт,новгородск,0
69,56,Nizhny Novgorod,новгород,Nizjnij Novgorod,Russia,56.32867,44.00205,520555,RU,http://api.geonames.org/search?west=24.8&type=json&featureClass=P&name=%D0%BD%D0%BE%D0%B2%D0%B3%D0%BE%D1%80%D0%BE%D0%B4&east=180&username=jaguillette&south=38.6&north=78.0,geonames,нот_ин_теxт,новгородск,0
70,56,Veliky Novgorod,новгород,Novgorod,Russia,58.52131,31.27104,519336,RU,http://api.geonames.org/search?west=24.8&type=json&featureClass=P&name=%D0%BD%D0%BE%D0%B2%D0%B3%D0%BE%D1%80%D0%BE%D0%B4&east=180&username=jaguillette&south=38.6&north=78.0,geonames,нот_ин_теxт,новгородск,0
71,56,Novhorod-Sivers'kyy,новгород,Chernihiv,Ukraine,52.00577,33.2615,699753,UA,http://api.geonames.org/search?west=24.8&type=json&featureClass=P&name=%D0%BD%D0%BE%D0%B2%D0%B3%D0%BE%D1%80%D0%BE%D0%B4&east=180&username=jaguillette&south=38.6&north=78.0,geonames,нот_ин_теxт,новгородск,0
72,56,Novhorod,новгород,Zaporizhia,Ukraine,47.54284,36.91727,699757,UA,http://api.geonames.org/search?west=24.8&type=json&featureClass=P&name=%D0%BD%D0%BE%D0%B2%D0%B3%D0%BE%D1%80%D0%BE%D0%B4&east=180&username=jaguillette&south=38.6&north=78.0,geonames,нот_ин_теxт,новгородск,0
73,56,Pos'yet,новгород,Primorskiy,Russia,42.653,130.80343,2017728,RU,http://api.geonames.org/search?west=24.8&type=json&featureClass=P&name=%D0%BD%D0%BE%D0%B2%D0%B3%D0%BE%D1%80%D0%BE%D0%B4&east=180&username=jaguillette&south=38.6&north=78.0,geonames,нот_ин_теxт,новгородск,0
74,57,not_found,лубенск,not_found,not_found,not_found,not_found,not_found,not_found,http://api.geonames.org/search?west=29.72503&type=json&featureClass=P&name=%D0%BB%D1%83%D0%B1%D0%B5%D0%BD%D1%81%D0%BA&east=34.35625&username=jaguillette&south=49.08008&north=51.49413,geonames,киевск,лубенск,13
75,57,not_found,лубен,not_found,not_found,not_found,not_found,not_found,not_found,http://api.geonames.org/search?west=29.72503&type=json&featureClass=P&name=%D0%BB%D1%83%D0%B1%D0%B5%D0%BD&east=34.35625&username=jaguillette&south=49.08008&north=51.49413,geonames,киевск,лубенск,13
76,58,not_found,епифанск,not_found,not_found,not_found,not_found,not_found,not_found,http://api.geonames.org/search?west=35.5421&type=json&featureClass=P&name=%D0%B5%D0%BF%D0%B8%D1%84%D0%B0%D0%BD%D1%81%D0%BA&east=39.6827&username=jaguillette&south=52.8329&north=55.0867,geonames,тульск,епифанск,35
77,58,Yepifan',епифан,Tula,Russia,53.82526,38.55181,467464,RU,http://api.geonames.org/search?west=35.5421&type=json&featureClass=P&name=%D0%B5%D0%BF%D0%B8%D1%84%D0%B0%D0%BD&east=39.6827&username=jaguillette&south=52.8329&north=55.0867,geonames,тульск,епифанск,35
78,60,not_found,пирятинск,not_found,not_found,not_found,not_found,not_found,not_found,http://api.geonames.org/search?west=27.3&type=json&featureClass=P&name=%D0%BF%D0%B8%D1%80%D1%8F%D1%82%D0%B8%D0%BD%D1%81%D0%BA&east=35.3&username=jaguillette&south=47.5&north=55.5,geonames,черниговск,пирятинск,38
79,60,Pyryatyn,пирятин,Poltava,Ukraine,50.24242,32.50621,697183,UA,http://api.geonames.org/search?west=27.3&type=json&featureClass=P&name=%D0%BF%D0%B8%D1%80%D1%8F%D1%82%D0%B8%D0%BD&east=35.3&username=jaguillette&south=47.5&north=55.5,geonames,черниговск,пирятинск,38
80,61,not_found,полтавск,not_found,not_found,not_found,not_found,not_found,not_found,http://api.geonames.org/search?west=29.6&type=json&featureClass=P&name=%D0%BF%D0%BE%D0%BB%D1%82%D0%B0%D0%B2%D1%81%D0%BA&east=39.14&username=jaguillette&south=46.07&north=49.99,geonames,екатеринославск,полтавск,8
81,61,not_found,полтав,not_found,not_found,not_found,not_found,not_found,not_found,http://api.geonames.org/search?west=29.6&type=json&featureClass=P&name=%D0%BF%D0%BE%D0%BB%D1%82%D0%B0%D0%B2&east=39.14&username=jaguillette&south=46.07&north=49.99,geonames,екатеринославск,полтавск,8
82,62,not_found,пошехонск,not_found,not_found,not_found,not_found,not_found,not_found,http://api.geonames.org/search?west=35.85&type=json&featureClass=P&name=%D0%BF%D0%BE%D1%88%D0%B5%D1%85%D0%BE%D0%BD%D1%81%D0%BA&east=43.85&username=jaguillette&south=53.616667&north=61.616667,geonames,ярославск,пошехонск,39
83,62,Poshekhon'ye,пошехон,Jaroslavl,Russia,58.49928,39.13531,506029,RU,http://api.geonames.org/search?west=35.85&type=json&featureClass=P&name=%D0%BF%D0%BE%D1%88%D0%B5%D1%85%D0%BE%D0%BD&east=43.85&username=jaguillette&south=53.616667&north=61.616667,geonames,ярославск,пошехонск,39
84,63,Belozersk,белозерск,Vologda,Russia,60.0288,37.8084,577711,RU,http://api.geonames.org/search?west=28.65&type=json&featureClass=P&name=%D0%B1%D0%B5%D0%BB%D0%BE%D0%B7%D0%B5%D1%80%D1%81%D0%BA&east=39.89&username=jaguillette&south=57.1&north=61.31,geonames,новогородск,белозерск,18
85,65,not_found,валуек,not_found,not_found,not_found,not_found,not_found,not_found,http://api.geonames.org/search?west=37.234&type=json&featureClass=P&name=%D0%B2%D0%B0%D0%BB%D1%83%D0%B5%D0%BA&east=43.0242&username=jaguillette&south=48.1597&north=52.7866,geonames,воронеж,валуек,5
86,67,not_found,прилуцк,not_found,not_found,not_found,not_found,not_found,not_found,http://api.geonames.org/search?west=27.3&type=json&featureClass=P&name=%D0%BF%D1%80%D0%B8%D0%BB%D1%83%D1%86%D0%BA&east=35.3&username=jaguillette&south=47.5&north=55.5,geonames,черниговск,прилуцк,38
87,68,not_found,мезенск,not_found,not_found,not_found,not_found,not_found,not_found,http://api.geonames.org/search?west=27.4506621361&type=json&featureClass=P&name=%D0%BC%D0%B5%D0%B7%D0%B5%D0%BD%D1%81%D0%BA&east=58.6121673584&username=jaguillette&south=60.3600075373&north=70.1894276115,geonames,архангельск,мезенск,2
88,68,Mezen',мезен,Arkhangelskaya,Russia,62.61937,38.87816,527322,RU,http://api.geonames.org/search?west=27.4506621361&type=json&featureClass=P&name=%D0%BC%D0%B5%D0%B7%D0%B5%D0%BD&east=58.6121673584&username=jaguillette&south=60.3600075373&north=70.1894276115,geonames,архангельск,мезенск,2
89,68,Mezen',мезен,Arkhangelskaya,Russia,65.8401,44.2542,527321,RU,http://api.geonames.org/search?west=27.4506621361&type=json&featureClass=P&name=%D0%BC%D0%B5%D0%B7%D0%B5%D0%BD&east=58.6121673584&username=jaguillette&south=60.3600075373&north=70.1894276115,geonames,архангельск,мезенск,2
90,70,not_found,ростовск,not_found,not_found,not_found,not_found,not_found,not_found,http://api.geonames.org/search?west=35.85&type=json&featureClass=P&name=%D1%80%D0%BE%D1%81%D1%82%D0%BE%D0%B2%D1%81%D0%BA&east=43.85&username=jaguillette&south=53.616667&north=61.616667,geonames,ярославск,ростовск,39
91,70,Rostov,ростов,Jaroslavl,Russia,57.1914,39.41394,501183,RU,http://api.geonames.org/search?west=35.85&type=json&featureClass=P&name=%D1%80%D0%BE%D1%81%D1%82%D0%BE%D0%B2&east=43.85&username=jaguillette&south=53.616667&north=61.616667,geonames,ярославск,ростовск,39
92,72,not_found,тульского ж,not_found,not_found,not_found,not_found,not_found,not_found,http://api.geonames.org/search?west=35.5421&type=json&featureClass=P&name=%D1%82%D1%83%D0%BB%D1%8C%D1%81%D0%BA%D0%BE%D0%B3%D0%BE+%D0%B6&east=39.6827&username=jaguillette&south=52.8329&north=55.0867,geonames,тульск,тульского ж,35
93,73,not_found,гадяцк,not_found,not_found,not_found,not_found,not_found,not_found,http://api.geonames.org/search?west=27.3&type=json&featureClass=P&name=%D0%B3%D0%B0%D0%B4%D1%8F%D1%86%D0%BA&east=35.3&username=jaguillette&south=47.5&north=55.5,geonames,черниговск,гадяцк,38
94,78,not_found,гороховск,not_found,not_found,not_found,not_found,not_found,not_found,http://api.geonames.org/search?west=36.416667&type=json&featureClass=P&name=%D0%B3%D0%BE%D1%80%D0%BE%D1%85%D0%BE%D0%B2%D1%81%D0%BA&east=44.416667&username=jaguillette&south=52.133333&north=60.133333,geonames,владимерск,гороховск,3
95,78,not_found,горохов,not_found,not_found,not_found,not_found,not_found,not_found,http://api.geonames.org/search?west=36.416667&type=json&featureClass=P&name=%D0%B3%D0%BE%D1%80%D0%BE%D1%85%D0%BE%D0%B2&east=44.416667&username=jaguillette&south=52.133333&north=60.133333,geonames,владимерск,гороховск,3
96,80,Polatsk,полотск,Vitsyebskaya Voblastsʼ,Belarus,55.4879,28.7856,623317,BY,http://api.geonames.org/search?west=24.8&type=json&featureClass=P&name=%D0%BF%D0%BE%D0%BB%D0%BE%D1%82%D1%81%D0%BA&east=180&username=jaguillette&south=38.6&north=78.0,geonames,нот_ин_теxт,полотск,0
97,80,Polotskoye,полотск,Chelyabinsk,Russia,52.76861,59.71028,507077,RU,http://api.geonames.org/search?west=24.8&type=json&featureClass=P&name=%D0%BF%D0%BE%D0%BB%D0%BE%D1%82%D1%81%D0%BA&east=180&username=jaguillette&south=38.6&north=78.0,geonames,нот_ин_теxт,полотск,0
98,81,not_found,белогородск,not_found,not_found,not_found,not_found,not_found,not_found,http://api.geonames.org/search?west=33.5563&type=json&featureClass=P&name=%D0%B1%D0%B5%D0%BB%D0%BE%D0%B3%D0%BE%D1%80%D0%BE%D0%B4%D1%81%D0%BA&east=38.2875&username=jaguillette&south=48.4869&north=51.5689,geonames,харьковск,белогородск,37
99,81,not_found,белогород,not_found,not_found,not_found,not_found,not_found,not_found,http://api.geonames.org/search?west=33.5563&type=json&featureClass=P&name=%D0%B1%D0%B5%D0%BB%D0%BE%D0%B3%D0%BE%D1%80%D0%BE%D0%B4&east=38.2875&username=jaguillette&south=48.4869&north=51.5689,geonames,харьковск,белогородск,37
100,82,not_found,нежинск,not_found,not_found,not_found,not_found,not_found,not_found,http://api.geonames.org/search?west=27.3&type=json&featureClass=P&name=%D0%BD%D0%B5%D0%B6%D0%B8%D0%BD%D1%81%D0%BA&east=35.3&username=jaguillette&south=47.5&north=55.5,geonames,черниговск,нежинск,38
101,82,Nizhyn,нежин,Chernihiv,Ukraine,51.04801,31.88688,699942,UA,http://api.geonames.org/search?west=27.3&type=json&featureClass=P&name=%D0%BD%D0%B5%D0%B6%D0%B8%D0%BD&east=35.3&username=jaguillette&south=47.5&north=55.5,geonames,черниговск,нежинск,38
102,82,Nizhin,нежин,Minsk,Belarus,52.6389,28.1669,624640,BY,http://api.geonames.org/search?west=27.3&type=json&featureClass=P&name=%D0%BD%D0%B5%D0%B6%D0%B8%D0%BD&east=35.3&username=jaguillette&south=47.5&north=55.5,geonames,черниговск,нежинск,38
103,83,not_found,кашинск,not_found,not_found,not_found,not_found,not_found,not_found,http://api.geonames.org/search?west=31.921928&type=json&featureClass=P&name=%D0%BA%D0%B0%D1%88%D0%B8%D0%BD%D1%81%D0%BA&east=39.921928&username=jaguillette&south=52.857828&north=60.857828,geonames,тверск,кашинск,33
104,83,Kashin,кашин,Tverskaya,Russia,57.35917,37.60806,551986,RU,http://api.geonames.org/search?west=31.921928&type=json&featureClass=P&name=%D0%BA%D0%B0%D1%88%D0%B8%D0%BD&east=39.921928&username=jaguillette&south=52.857828&north=60.857828,geonames,тверск,кашинск,33
105,85,not_found,кинешм,not_found,not_found,not_found,not_found,not_found,not_found,http://api.geonames.org/search?west=36.933333&type=json&featureClass=P&name=%D0%BA%D0%B8%D0%BD%D0%B5%D1%88%D0%BC&east=44.933333&username=jaguillette&south=53.766667&north=61.766667,geonames,кострома,кинешм,14
106,86,not_found,верейск,not_found,not_found,not_found,not_found,not_found,not_found,http://api.geonames.org/search?west=34.3446&type=json&featureClass=P&name=%D0%B2%D0%B5%D1%80%D0%B5%D0%B9%D1%81%D0%BA&east=40.3419&username=jaguillette&south=54.2132&north=56.981,geonames,московск,верейск,1
107,86,not_found,верей,not_found,not_found,not_found,not_found,not_found,not_found,http://api.geonames.org/search?west=34.3446&type=json&featureClass=P&name=%D0%B2%D0%B5%D1%80%D0%B5%D0%B9&east=40.3419&username=jaguillette&south=54.2132&north=56.981,geonames,московск,верейск,1
108,87,Rahachow,рогачев,Gomel,Belarus,53.0934,30.0495,622739,BY,http://api.geonames.org/search?west=29.5408&type=json&featureClass=P&name=%D1%80%D0%BE%D0%B3%D0%B0%D1%87%D0%B5%D0%B2&east=32.863&username=jaguillette&south=51.9042&north=55.194,geonames,могилевск,рогачев,16
109,88,Belitsk,белицк,Gomel,Belarus,52.9395,30.4122,630295,BY,http://api.geonames.org/search?west=29.5408&type=json&featureClass=P&name=%D0%B1%D0%B5%D0%BB%D0%B8%D1%86%D0%BA&east=32.863&username=jaguillette&south=51.9042&north=55.194,geonames,могилевск,белицк,16
110,90,Ulyanovsk,синбирск,Ulyanovsk,Russia,54.32824,48.38657,479123,RU,http://api.geonames.org/search?west=44.366667&type=json&featureClass=P&name=%D1%81%D0%B8%D0%BD%D0%B1%D0%B8%D1%80%D1%81%D0%BA&east=52.366667&username=jaguillette&south=50.316667&north=58.316667,geonames,синбирск,синбирск,30
111,92,Shatsk,шатск,Rjazan,Russia,54.02576,41.71191,495532,RU,http://api.geonames.org/search?west=37.433333&type=json&featureClass=P&name=%D1%88%D0%B0%D1%82%D1%81%D0%BA&east=45.433333&username=jaguillette&south=48.716667&north=56.716667,geonames,тамбовск,шатск,32
112,92,Shatsk Vtoroy,шатск,Tula,Russia,54.13351,37.84069,495529,RU,http://api.geonames.org/search?west=37.433333&type=json&featureClass=P&name=%D1%88%D0%B0%D1%82%D1%81%D0%BA&east=45.433333&username=jaguillette&south=48.716667&north=56.716667,geonames,тамбовск,шатск,32
113,93,Aleksin,алексин,Tula,Russia,54.50503,37.0674,582750,RU,http://api.geonames.org/search?west=35.5421&type=json&featureClass=P&name=%D0%B0%D0%BB%D0%B5%D0%BA%D1%81%D0%B8%D0%BD&east=39.6827&username=jaguillette&south=52.8329&north=55.0867,geonames,тульск,алексин,35
114,94,not_found,любимск,not_found,not_found,not_found,not_found,not_found,not_found,http://api.geonames.org/search?west=35.85&type=json&featureClass=P&name=%D0%BB%D1%8E%D0%B1%D0%B8%D0%BC%D1%81%D0%BA&east=43.85&username=jaguillette&south=53.616667&north=61.616667,geonames,ярославск,любимск,39
115,94,Lyubim,любим,Jaroslavl,Russia,58.3625,40.68433,532600,RU,http://api.geonames.org/search?west=35.85&type=json&featureClass=P&name=%D0%BB%D1%8E%D0%B1%D0%B8%D0%BC&east=43.85&username=jaguillette&south=53.616667&north=61.616667,geonames,ярославск,любимск,39
116,95,not_found,островск,not_found,not_found,not_found,not_found,not_found,not_found,http://api.geonames.org/search?west=24.1218047142&type=json&featureClass=P&name=%D0%BE%D1%81%D1%82%D1%80%D0%BE%D0%B2%D1%81%D0%BA&east=32.1900482178&username=jaguillette&south=55.1937102573&north=59.0651312501,geonames,псковск,островск,25
117,95,Ostrov,остров,Pskov,Russia,58.47806,28.64667,514163,RU,http://api.geonames.org/search?west=24.1218047142&type=json&featureClass=P&name=%D0%BE%D1%81%D1%82%D1%80%D0%BE%D0%B2&east=32.1900482178&username=jaguillette&south=55.1937102573&north=59.0651312501,geonames,псковск,островск,25
118,95,Ostrov,остров,Novgorod,Russia,58.93333,31.51667,514155,RU,http://api.geonames.org/search?west=24.1218047142&type=json&featureClass=P&name=%D0%BE%D1%81%D1%82%D1%80%D0%BE%D0%B2&east=32.1900482178&username=jaguillette&south=55.1937102573&north=59.0651312501,geonames,псковск,островск,25
119,95,Ostrov,остров,Novgorod,Russia,58.65068,30.57636,514161,RU,http://api.geonames.org/search?west=24.1218047142&type=json&featureClass=P&name=%D0%BE%D1%81%D1%82%D1%80%D0%BE%D0%B2&east=32.1900482178&username=jaguillette&south=55.1937102573&north=59.0651312501,geonames,псковск,островск,25
120,95,Ostrov,остров,Novgorod,Russia,58.48486,30.53118,514162,RU,http://api.geonames.org/search?west=24.1218047142&type=json&featureClass=P&name=%D0%BE%D1%81%D1%82%D1%80%D0%BE%D0%B2&east=32.1900482178&username=jaguillette&south=55.1937102573&north=59.0651312501,geonames,псковск,островск,25
121,95,Ostrov,остров,Novgorod,Russia,57.21314,30.93999,514173,RU,http://api.geonames.org/search?west=24.1218047142&type=json&featureClass=P&name=%D0%BE%D1%81%D1%82%D1%80%D0%BE%D0%B2&east=32.1900482178&username=jaguillette&south=55.1937102573&north=59.0651312501,geonames,псковск,островск,25
122,95,Ostrov,остров,Pskov,Russia,58.28737,27.56124,856204,RU,http://api.geonames.org/search?west=24.1218047142&type=json&featureClass=P&name=%D0%BE%D1%81%D1%82%D1%80%D0%BE%D0%B2&east=32.1900482178&username=jaguillette&south=55.1937102573&north=59.0651312501,geonames,псковск,островск,25
123,95,Ostrov,остров,Pskov,Russia,56.8448,29.5014,7597592,RU,http://api.geonames.org/search?west=24.1218047142&type=json&featureClass=P&name=%D0%BE%D1%81%D1%82%D1%80%D0%BE%D0%B2&east=32.1900482178&username=jaguillette&south=55.1937102573&north=59.0651312501,geonames,псковск,островск,25
124,95,Ostrov,остров,Pskov,Russia,56.6074,29.4883,7598657,RU,http://api.geonames.org/search?west=24.1218047142&type=json&featureClass=P&name=%D0%BE%D1%81%D1%82%D1%80%D0%BE%D0%B2&east=32.1900482178&username=jaguillette&south=55.1937102573&north=59.0651312501,geonames,псковск,островск,25
125,95,Ostrov,остров,Pskov,Russia,56.0091,29.8678,7599187,RU,http://api.geonames.org/search?west=24.1218047142&type=json&featureClass=P&name=%D0%BE%D1%81%D1%82%D1%80%D0%BE%D0%B2&east=32.1900482178&username=jaguillette&south=55.1937102573&north=59.0651312501,geonames,псковск,островск,25
126,95,Ostrov,остров,Novgorod,Russia,57.8589,30.7731,7600867,RU,http://api.geonames.org/search?west=24.1218047142&type=json&featureClass=P&name=%D0%BE%D1%81%D1%82%D1%80%D0%BE%D0%B2&east=32.1900482178&username=jaguillette&south=55.1937102573&north=59.0651312501,geonames,псковск,островск,25
127,95,Ostrov,остров,Tverskaya,Russia,56.818,31.60261,7418770,RU,http://api.geonames.org/search?west=24.1218047142&type=json&featureClass=P&name=%D0%BE%D1%81%D1%82%D1%80%D0%BE%D0%B2&east=32.1900482178&username=jaguillette&south=55.1937102573&north=59.0651312501,geonames,псковск,островск,25
128,95,Ostrov,остров,Novgorod,Russia,58.19794,30.21024,514166,RU,http://api.geonames.org/search?west=24.1218047142&type=json&featureClass=P&name=%D0%BE%D1%81%D1%82%D1%80%D0%BE%D0%B2&east=32.1900482178&username=jaguillette&south=55.1937102573&north=59.0651312501,geonames,псковск,островск,25
129,95,Ostrov,остров,Vitsyebskaya Voblastsʼ,Belarus,55.262,30.6501,8280077,BY,http://api.geonames.org/search?west=24.1218047142&type=json&featureClass=P&name=%D0%BE%D1%81%D1%82%D1%80%D0%BE%D0%B2&east=32.1900482178&username=jaguillette&south=55.1937102573&north=59.0651312501,geonames,псковск,островск,25
130,95,Ostrov,остров,Pskov,Russia,57.34395,28.35368,514171,RU,http://api.geonames.org/search?west=24.1218047142&type=json&featureClass=P&name=%D0%BE%D1%81%D1%82%D1%80%D0%BE%D0%B2&east=32.1900482178&username=jaguillette&south=55.1937102573&north=59.0651312501,geonames,псковск,островск,25
131,95,Ostrov,остров,Pskov,Russia,56.5314,29.6192,7598743,RU,http://api.geonames.org/search?west=24.1218047142&type=json&featureClass=P&name=%D0%BE%D1%81%D1%82%D1%80%D0%BE%D0%B2&east=32.1900482178&username=jaguillette&south=55.1937102573&north=59.0651312501,geonames,псковск,островск,25
132,95,Bol’shoy Ostrov,остров,Novgorod,Russia,57.43833,31.86972,572948,RU,http://api.geonames.org/search?west=24.1218047142&type=json&featureClass=P&name=%D0%BE%D1%81%D1%82%D1%80%D0%BE%D0%B2&east=32.1900482178&username=jaguillette&south=55.1937102573&north=59.0651312501,geonames,псковск,островск,25
133,95,Peresvet-Ostrov,остров,Novgorod,Russia,58.98333,31.71667,511344,RU,http://api.geonames.org/search?west=24.1218047142&type=json&featureClass=P&name=%D0%BE%D1%81%D1%82%D1%80%D0%BE%D0%B2&east=32.1900482178&username=jaguillette&south=55.1937102573&north=59.0651312501,geonames,псковск,островск,25
134,95,Savostin Ostrov,остров,Pskov,Russia,57.41667,30.06667,498146,RU,http://api.geonames.org/search?west=24.1218047142&type=json&featureClass=P&name=%D0%BE%D1%81%D1%82%D1%80%D0%BE%D0%B2&east=32.1900482178&username=jaguillette&south=55.1937102573&north=59.0651312501,geonames,псковск,островск,25
135,95,Malyy Ostrov,остров,Novgorod,Russia,57.43333,31.83333,529850,RU,http://api.geonames.org/search?west=24.1218047142&type=json&featureClass=P&name=%D0%BE%D1%81%D1%82%D1%80%D0%BE%D0%B2&east=32.1900482178&username=jaguillette&south=55.1937102573&north=59.0651312501,geonames,псковск,островск,25
136,95,Ostrov Belov,остров,Pskov,Russia,58.00166,28.02103,823739,RU,http://api.geonames.org/search?west=24.1218047142&type=json&featureClass=P&name=%D0%BE%D1%81%D1%82%D1%80%D0%BE%D0%B2&east=32.1900482178&username=jaguillette&south=55.1937102573&north=59.0651312501,geonames,псковск,островск,25
137,95,Ostrov,остров,,Belarus,56.05231,28.1122,623943,BY,http://api.geonames.org/search?west=24.1218047142&type=json&featureClass=P&name=%D0%BE%D1%81%D1%82%D1%80%D0%BE%D0%B2&east=32.1900482178&username=jaguillette&south=55.1937102573&north=59.0651312501,geonames,псковск,островск,25
138,95,Ostrov Zalit,остров,Pskov,Russia,58.01281,28.0698,514037,RU,http://api.geonames.org/search?west=24.1218047142&type=json&featureClass=P&name=%D0%BE%D1%81%D1%82%D1%80%D0%BE%D0%B2&east=32.1900482178&username=jaguillette&south=55.1937102573&north=59.0651312501,geonames,псковск,островск,25
139,95,Stekhnov Ostrov,остров,Pskov,Russia,56.99007,28.6973,7079969,RU,http://api.geonames.org/search?west=24.1218047142&type=json&featureClass=P&name=%D0%BE%D1%81%D1%82%D1%80%D0%BE%D0%B2&east=32.1900482178&username=jaguillette&south=55.1937102573&north=59.0651312501,geonames,псковск,островск,25
140,95,Aleksandrovskoye,остров,Novgorod,Russia,58.78572,31.88748,582984,RU,http://api.geonames.org/search?west=24.1218047142&type=json&featureClass=P&name=%D0%BE%D1%81%D1%82%D1%80%D0%BE%D0%B2&east=32.1900482178&username=jaguillette&south=55.1937102573&north=59.0651312501,geonames,псковск,островск,25
141,95,Ostrova,остров,Novgorod,Russia,58.18025,30.7984,514122,RU,http://api.geonames.org/search?west=24.1218047142&type=json&featureClass=P&name=%D0%BE%D1%81%D1%82%D1%80%D0%BE%D0%B2&east=32.1900482178&username=jaguillette&south=55.1937102573&north=59.0651312501,geonames,псковск,островск,25
142,95,Yeniki,остров,Pskov,Russia,56.76667,27.91667,467488,RU,http://api.geonames.org/search?west=24.1218047142&type=json&featureClass=P&name=%D0%BE%D1%81%D1%82%D1%80%D0%BE%D0%B2&east=32.1900482178&username=jaguillette&south=55.1937102573&north=59.0651312501,geonames,псковск,островск,25
143,97,not_found,оршанск,not_found,not_found,not_found,not_found,not_found,not_found,http://api.geonames.org/search?west=29.5408&type=json&featureClass=P&name=%D0%BE%D1%80%D1%88%D0%B0%D0%BD%D1%81%D0%BA&east=32.863&username=jaguillette&south=51.9042&north=55.194,geonames,могилевск,оршанск,16
144,97,not_found,оршан,not_found,not_found,not_found,not_found,not_found,not_found,http://api.geonames.org/search?west=29.5408&type=json&featureClass=P&name=%D0%BE%D1%80%D1%88%D0%B0%D0%BD&east=32.863&username=jaguillette&south=51.9042&north=55.194,geonames,могилевск,оршанск,16
145,98,not_found,белевск,not_found,not_found,not_found,not_found,not_found,not_found,http://api.geonames.org/search?west=35.5421&type=json&featureClass=P&name=%D0%B1%D0%B5%D0%BB%D0%B5%D0%B2%D1%81%D0%BA&east=39.6827&username=jaguillette&south=52.8329&north=55.0867,geonames,тульск,белевск,35
146,98,Belëv,белев,Tula,Russia,53.81194,36.13194,578091,RU,http://api.geonames.org/search?west=35.5421&type=json&featureClass=P&name=%D0%B1%D0%B5%D0%BB%D0%B5%D0%B2&east=39.6827&username=jaguillette&south=52.8329&north=55.0867,geonames,тульск,белевск,35
147,99,not_found,стародубовск,not_found,not_found,not_found,not_found,not_found,not_found,http://api.geonames.org/search?west=29.266666999999998&type=json&featureClass=P&name=%D1%81%D1%82%D0%B0%D1%80%D0%BE%D0%B4%D1%83%D0%B1%D0%BE%D0%B2%D1%81%D0%BA&east=37.266667&username=jaguillette&south=47.983333&north=55.983333,geonames,новогородского - северск,стародубовск,19
148,99,Starodubov,стародубов,Sumy,Ukraine,52.2405,33.67942,815796,UA,http://api.geonames.org/search?west=29.266666999999998&type=json&featureClass=P&name=%D1%81%D1%82%D0%B0%D1%80%D0%BE%D0%B4%D1%83%D0%B1%D0%BE%D0%B2&east=37.266667&username=jaguillette&south=47.983333&north=55.983333,geonames,новогородского - северск,стародубовск,19
149,100,not_found,каширск,not_found,not_found,not_found,not_found,not_found,not_found,http://api.geonames.org/search?west=33.616667&type=json&featureClass=P&name=%D0%BA%D0%B0%D1%88%D0%B8%D1%80%D1%81%D0%BA&east=41.616667&username=jaguillette&south=50.2&north=58.2,geonames,тульскаг,каширск,35
150,100,not_found,кашир,not_found,not_found,not_found,not_found,not_found,not_found,http://api.geonames.org/search?west=33.616667&type=json&featureClass=P&name=%D0%BA%D0%B0%D1%88%D0%B8%D1%80&east=41.616667&username=jaguillette&south=50.2&north=58.2,geonames,тульскаг,каширск,35
151,101,not_found,алексинск,not_found,not_found,not_found,not_found,not_found,not_found,http://api.geonames.org/search?west=35.5421&type=json&featureClass=P&name=%D0%B0%D0%BB%D0%B5%D0%BA%D1%81%D0%B8%D0%BD%D1%81%D0%BA&east=39.6827&username=jaguillette&south=52.8329&north=55.0867,geonames,тульск,алексинск,35
152,101,Aleksin,алексин,Tula,Russia,54.50503,37.0674,582750,RU,http://api.geonames.org/search?west=35.5421&type=json&featureClass=P&name=%D0%B0%D0%BB%D0%B5%D0%BA%D1%81%D0%B8%D0%BD&east=39.6827&username=jaguillette&south=52.8329&north=55.0867,geonames,тульск,алексинск,35
153,102,not_found,черниговск,not_found,not_found,not_found,not_found,not_found,not_found,http://api.geonames.org/search?west=27.3&type=json&featureClass=P&name=%D1%87%D0%B5%D1%80%D0%BD%D0%B8%D0%B3%D0%BE%D0%B2%D1%81%D0%BA&east=35.3&username=jaguillette&south=47.5&north=55.5,geonames,черниговск,черниговск,38
154,102,Chernihiv,чернигов,Chernihiv,Ukraine,51.50551,31.28488,710735,UA,http://api.geonames.org/search?west=27.3&type=json&featureClass=P&name=%D1%87%D0%B5%D1%80%D0%BD%D0%B8%D0%B3%D0%BE%D0%B2&east=35.3&username=jaguillette&south=47.5&north=55.5,geonames,черниговск,черниговск,38
155,102,Kolychovka,чернигов,Chernihiv,Ukraine,51.41558,31.30298,705275,UA,http://api.geonames.org/search?west=27.3&type=json&featureClass=P&name=%D1%87%D0%B5%D1%80%D0%BD%D0%B8%D0%B3%D0%BE%D0%B2&east=35.3&username=jaguillette&south=47.5&north=55.5,geonames,черниговск,черниговск,38
156,104,not_found,псковск,not_found,not_found,not_found,not_found,not_found,not_found,http://api.geonames.org/search?west=24.1218047142&type=json&featureClass=P&name=%D0%BF%D1%81%D0%BA%D0%BE%D0%B2%D1%81%D0%BA&east=32.1900482178&username=jaguillette&south=55.1937102573&north=59.0651312501,geonames,псковск,псковск,25
157,104,Pskov,псков,Pskov,Russia,57.8136,28.3496,504341,RU,http://api.geonames.org/search?west=24.1218047142&type=json&featureClass=P&name=%D0%BF%D1%81%D0%BA%D0%BE%D0%B2&east=32.1900482178&username=jaguillette&south=55.1937102573&north=59.0651312501,geonames,псковск,псковск,25
158,104,Pskov-Gorki,псков,Pskov,Russia,56.95195,28.35841,7080058,RU,http://api.geonames.org/search?west=24.1218047142&type=json&featureClass=P&name=%D0%BF%D1%81%D0%BA%D0%BE%D0%B2&east=32.1900482178&username=jaguillette&south=55.1937102573&north=59.0651312501,geonames,псковск,псковск,25
159,105,not_found,козловск,not_found,not_found,not_found,not_found,not_found,not_found,http://api.geonames.org/search?west=37.433333&type=json&featureClass=P&name=%D0%BA%D0%BE%D0%B7%D0%BB%D0%BE%D0%B2%D1%81%D0%BA&east=45.433333&username=jaguillette&south=48.716667&north=56.716667,geonames,тамбовск,козловск,32
160,105,Kozlov,козлов,Volgograd,Russia,49.7074,42.6563,543182,RU,http://api.geonames.org/search?west=37.433333&type=json&featureClass=P&name=%D0%BA%D0%BE%D0%B7%D0%BB%D0%BE%D0%B2&east=45.433333&username=jaguillette&south=48.716667&north=56.716667,geonames,тамбовск,козловск,32
161,105,Kozlov,козлов,Voronezj,Russia,49.78111,40.30778,808977,RU,http://api.geonames.org/search?west=37.433333&type=json&featureClass=P&name=%D0%BA%D0%BE%D0%B7%D0%BB%D0%BE%D0%B2&east=45.433333&username=jaguillette&south=48.716667&north=56.716667,geonames,тамбовск,козловск,32
162,105,Kozlov,козлов,Volgograd,Russia,49.75812,44.08336,7042180,RU,http://api.geonames.org/search?west=37.433333&type=json&featureClass=P&name=%D0%BA%D0%BE%D0%B7%D0%BB%D0%BE%D0%B2&east=45.433333&username=jaguillette&south=48.716667&north=56.716667,geonames,тамбовск,козловск,32
163,105,Kozlov,козлов,Volgograd,Russia,49.6287,43.9466,7752131,RU,http://api.geonames.org/search?west=37.433333&type=json&featureClass=P&name=%D0%BA%D0%BE%D0%B7%D0%BB%D0%BE%D0%B2&east=45.433333&username=jaguillette&south=48.716667&north=56.716667,geonames,тамбовск,козловск,32
164,105,Michurinsk,козлов,Tambov,Russia,52.8978,40.4907,527191,RU,http://api.geonames.org/search?west=37.433333&type=json&featureClass=P&name=%D0%BA%D0%BE%D0%B7%D0%BB%D0%BE%D0%B2&east=45.433333&username=jaguillette&south=48.716667&north=56.716667,geonames,тамбовск,козловск,32
165,105,Kozlove,козлов,Luhansk,Ukraine,49.86278,39.16583,704539,UA,http://api.geonames.org/search?west=37.433333&type=json&featureClass=P&name=%D0%BA%D0%BE%D0%B7%D0%BB%D0%BE%D0%B2&east=45.433333&username=jaguillette&south=48.716667&north=56.716667,geonames,тамбовск,козловск,32
166,106,not_found,левск,not_found,not_found,not_found,not_found,not_found,not_found,http://api.geonames.org/search?west=35.5421&type=json&featureClass=P&name=%D0%BB%D0%B5%D0%B2%D1%81%D0%BA&east=39.6827&username=jaguillette&south=52.8329&north=55.0867,geonames,тульск,левск,35
167,106,Lev Tolstoy,лев,Lipetsk,Russia,53.21344,39.44604,535417,RU,http://api.geonames.org/search?west=35.5421&type=json&featureClass=P&name=%D0%BB%D0%B5%D0%B2&east=39.6827&username=jaguillette&south=52.8329&north=55.0867,geonames,тульск,левск,35
168,106,Posëlok Uchkhoza,лев,Kaluga,Russia,54.56822,36.01982,818414,RU,http://api.geonames.org/search?west=35.5421&type=json&featureClass=P&name=%D0%BB%D0%B5%D0%B2&east=39.6827&username=jaguillette&south=52.8329&north=55.0867,geonames,тульск,левск,35
169,106,L'va Tolstogo,лев,Kaluga,Russia,54.6091,36.03912,533038,RU,http://api.geonames.org/search?west=35.5421&type=json&featureClass=P&name=%D0%BB%D0%B5%D0%B2&east=39.6827&username=jaguillette&south=52.8329&north=55.0867,geonames,тульск,левск,35
170,107,not_found,коломн,not_found,not_found,not_found,not_found,not_found,not_found,http://api.geonames.org/search?west=34.3446&type=json&featureClass=P&name=%D0%BA%D0%BE%D0%BB%D0%BE%D0%BC%D0%BD&east=40.3419&username=jaguillette&south=54.2132&north=56.981,geonames,московск,коломн,1
171,108,Ostrov,остров,Pskov,Russia,58.47806,28.64667,514163,RU,http://api.geonames.org/search?west=24.1218047142&type=json&featureClass=P&name=%D0%BE%D1%81%D1%82%D1%80%D0%BE%D0%B2&east=32.1900482178&username=jaguillette&south=55.1937102573&north=59.0651312501,geonames,псковск,остров,25
172,108,Ostrov,остров,Novgorod,Russia,58.93333,31.51667,514155,RU,http://api.geonames.org/search?west=24.1218047142&type=json&featureClass=P&name=%D0%BE%D1%81%D1%82%D1%80%D0%BE%D0%B2&east=32.1900482178&username=jaguillette&south=55.1937102573&north=59.0651312501,geonames,псковск,остров,25
173,108,Ostrov,остров,Novgorod,Russia,58.65068,30.57636,514161,RU,http://api.geonames.org/search?west=24.1218047142&type=json&featureClass=P&name=%D0%BE%D1%81%D1%82%D1%80%D0%BE%D0%B2&east=32.1900482178&username=jaguillette&south=55.1937102573&north=59.0651312501,geonames,псковск,остров,25
174,108,Ostrov,остров,Novgorod,Russia,58.48486,30.53118,514162,RU,http://api.geonames.org/search?west=24.1218047142&type=json&featureClass=P&name=%D0%BE%D1%81%D1%82%D1%80%D0%BE%D0%B2&east=32.1900482178&username=jaguillette&south=55.1937102573&north=59.0651312501,geonames,псковск,остров,25
175,108,Ostrov,остров,Novgorod,Russia,57.21314,30.93999,514173,RU,http://api.geonames.org/search?west=24.1218047142&type=json&featureClass=P&name=%D0%BE%D1%81%D1%82%D1%80%D0%BE%D0%B2&east=32.1900482178&username=jaguillette&south=55.1937102573&north=59.0651312501,geonames,псковск,остров,25
176,108,Ostrov,остров,Pskov,Russia,58.28737,27.56124,856204,RU,http://api.geonames.org/search?west=24.1218047142&type=json&featureClass=P&name=%D0%BE%D1%81%D1%82%D1%80%D0%BE%D0%B2&east=32.1900482178&username=jaguillette&south=55.1937102573&north=59.0651312501,geonames,псковск,остров,25
177,108,Ostrov,остров,Pskov,Russia,56.8448,29.5014,7597592,RU,http://api.geonames.org/search?west=24.1218047142&type=json&featureClass=P&name=%D0%BE%D1%81%D1%82%D1%80%D0%BE%D0%B2&east=32.1900482178&username=jaguillette&south=55.1937102573&north=59.0651312501,geonames,псковск,остров,25
178,108,Ostrov,остров,Pskov,Russia,56.6074,29.4883,7598657,RU,http://api.geonames.org/search?west=24.1218047142&type=json&featureClass=P&name=%D0%BE%D1%81%D1%82%D1%80%D0%BE%D0%B2&east=32.1900482178&username=jaguillette&south=55.1937102573&north=59.0651312501,geonames,псковск,остров,25
179,108,Ostrov,остров,Pskov,Russia,56.0091,29.8678,7599187,RU,http://api.geonames.org/search?west=24.1218047142&type=json&featureClass=P&name=%D0%BE%D1%81%D1%82%D1%80%D0%BE%D0%B2&east=32.1900482178&username=jaguillette&south=55.1937102573&north=59.0651312501,geonames,псковск,остров,25
180,108,Ostrov,остров,Novgorod,Russia,57.8589,30.7731,7600867,RU,http://api.geonames.org/search?west=24.1218047142&type=json&featureClass=P&name=%D0%BE%D1%81%D1%82%D1%80%D0%BE%D0%B2&east=32.1900482178&username=jaguillette&south=55.1937102573&north=59.0651312501,geonames,псковск,остров,25
181,108,Ostrov,остров,Tverskaya,Russia,56.818,31.60261,7418770,RU,http://api.geonames.org/search?west=24.1218047142&type=json&featureClass=P&name=%D0%BE%D1%81%D1%82%D1%80%D0%BE%D0%B2&east=32.1900482178&username=jaguillette&south=55.1937102573&north=59.0651312501,geonames,псковск,остров,25
182,108,Ostrov,остров,Novgorod,Russia,58.19794,30.21024,514166,RU,http://api.geonames.org/search?west=24.1218047142&type=json&featureClass=P&name=%D0%BE%D1%81%D1%82%D1%80%D0%BE%D0%B2&east=32.1900482178&username=jaguillette&south=55.1937102573&north=59.0651312501,geonames,псковск,остров,25
183,108,Ostrov,остров,Vitsyebskaya Voblastsʼ,Belarus,55.262,30.6501,8280077,BY,http://api.geonames.org/search?west=24.1218047142&type=json&featureClass=P&name=%D0%BE%D1%81%D1%82%D1%80%D0%BE%D0%B2&east=32.1900482178&username=jaguillette&south=55.1937102573&north=59.0651312501,geonames,псковск,остров,25
184,108,Ostrov,остров,Pskov,Russia,57.34395,28.35368,514171,RU,http://api.geonames.org/search?west=24.1218047142&type=json&featureClass=P&name=%D0%BE%D1%81%D1%82%D1%80%D0%BE%D0%B2&east=32.1900482178&username=jaguillette&south=55.1937102573&north=59.0651312501,geonames,псковск,остров,25
185,108,Ostrov,остров,Pskov,Russia,56.5314,29.6192,7598743,RU,http://api.geonames.org/search?west=24.1218047142&type=json&featureClass=P&name=%D0%BE%D1%81%D1%82%D1%80%D0%BE%D0%B2&east=32.1900482178&username=jaguillette&south=55.1937102573&north=59.0651312501,geonames,псковск,остров,25
186,108,Bol’shoy Ostrov,остров,Novgorod,Russia,57.43833,31.86972,572948,RU,http://api.geonames.org/search?west=24.1218047142&type=json&featureClass=P&name=%D0%BE%D1%81%D1%82%D1%80%D0%BE%D0%B2&east=32.1900482178&username=jaguillette&south=55.1937102573&north=59.0651312501,geonames,псковск,остров,25
187,108,Peresvet-Ostrov,остров,Novgorod,Russia,58.98333,31.71667,511344,RU,http://api.geonames.org/search?west=24.1218047142&type=json&featureClass=P&name=%D0%BE%D1%81%D1%82%D1%80%D0%BE%D0%B2&east=32.1900482178&username=jaguillette&south=55.1937102573&north=59.0651312501,geonames,псковск,остров,25
188,108,Savostin Ostrov,остров,Pskov,Russia,57.41667,30.06667,498146,RU,http://api.geonames.org/search?west=24.1218047142&type=json&featureClass=P&name=%D0%BE%D1%81%D1%82%D1%80%D0%BE%D0%B2&east=32.1900482178&username=jaguillette&south=55.1937102573&north=59.0651312501,geonames,псковск,остров,25
189,108,Malyy Ostrov,остров,Novgorod,Russia,57.43333,31.83333,529850,RU,http://api.geonames.org/search?west=24.1218047142&type=json&featureClass=P&name=%D0%BE%D1%81%D1%82%D1%80%D0%BE%D0%B2&east=32.1900482178&username=jaguillette&south=55.1937102573&north=59.0651312501,geonames,псковск,остров,25
190,108,Ostrov Belov,остров,Pskov,Russia,58.00166,28.02103,823739,RU,http://api.geonames.org/search?west=24.1218047142&type=json&featureClass=P&name=%D0%BE%D1%81%D1%82%D1%80%D0%BE%D0%B2&east=32.1900482178&username=jaguillette&south=55.1937102573&north=59.0651312501,geonames,псковск,остров,25
191,108,Ostrov,остров,,Belarus,56.05231,28.1122,623943,BY,http://api.geonames.org/search?west=24.1218047142&type=json&featureClass=P&name=%D0%BE%D1%81%D1%82%D1%80%D0%BE%D0%B2&east=32.1900482178&username=jaguillette&south=55.1937102573&north=59.0651312501,geonames,псковск,остров,25
192,108,Ostrov Zalit,остров,Pskov,Russia,58.01281,28.0698,514037,RU,http://api.geonames.org/search?west=24.1218047142&type=json&featureClass=P&name=%D0%BE%D1%81%D1%82%D1%80%D0%BE%D0%B2&east=32.1900482178&username=jaguillette&south=55.1937102573&north=59.0651312501,geonames,псковск,остров,25
193,108,Stekhnov Ostrov,остров,Pskov,Russia,56.99007,28.6973,7079969,RU,http://api.geonames.org/search?west=24.1218047142&type=json&featureClass=P&name=%D0%BE%D1%81%D1%82%D1%80%D0%BE%D0%B2&east=32.1900482178&username=jaguillette&south=55.1937102573&north=59.0651312501,geonames,псковск,остров,25
194,108,Aleksandrovskoye,остров,Novgorod,Russia,58.78572,31.88748,582984,RU,http://api.geonames.org/search?west=24.1218047142&type=json&featureClass=P&name=%D0%BE%D1%81%D1%82%D1%80%D0%BE%D0%B2&east=32.1900482178&username=jaguillette&south=55.1937102573&north=59.0651312501,geonames,псковск,остров,25
195,108,Ostrova,остров,Novgorod,Russia,58.18025,30.7984,514122,RU,http://api.geonames.org/search?west=24.1218047142&type=json&featureClass=P&name=%D0%BE%D1%81%D1%82%D1%80%D0%BE%D0%B2&east=32.1900482178&username=jaguillette&south=55.1937102573&north=59.0651312501,geonames,псковск,остров,25
196,108,Yeniki,остров,Pskov,Russia,56.76667,27.91667,467488,RU,http://api.geonames.org/search?west=24.1218047142&type=json&featureClass=P&name=%D0%BE%D1%81%D1%82%D1%80%D0%BE%D0%B2&east=32.1900482178&username=jaguillette&south=55.1937102573&north=59.0651312501,geonames,псковск,остров,25
197,109,not_found,касимовск,not_found,not_found,not_found,not_found,not_found,not_found,http://api.geonames.org/search?west=42.0982&type=json&featureClass=P&name=%D0%BA%D0%B0%D1%81%D0%B8%D0%BC%D0%BE%D0%B2%D1%81%D0%BA&east=46.7497&username=jaguillette&south=52.3066&north=54.8422,geonames,рязанск,касимовск,28
198,109,not_found,касимов,not_found,not_found,not_found,not_found,not_found,not_found,http://api.geonames.org/search?west=42.0982&type=json&featureClass=P&name=%D0%BA%D0%B0%D1%81%D0%B8%D0%BC%D0%BE%D0%B2&east=46.7497&username=jaguillette&south=52.3066&north=54.8422,geonames,рязанск,касимовск,28
199,110,Bezhetsk,бежецк,Tverskaya,Russia,57.78506,36.69651,576566,RU,http://api.geonames.org/search?west=31.921928&type=json&featureClass=P&name=%D0%B1%D0%B5%D0%B6%D0%B5%D1%86%D0%BA&east=39.921928&username=jaguillette&south=52.857828&north=60.857828,geonames,тверск,бежецк,33
200,111,not_found,старобыховск,not_found,not_found,not_found,not_found,not_found,not_found,http://api.geonames.org/search?west=29.5408&type=json&featureClass=P&name=%D1%81%D1%82%D0%B0%D1%80%D0%BE%D0%B1%D1%8B%D1%85%D0%BE%D0%B2%D1%81%D0%BA&east=32.863&username=jaguillette&south=51.9042&north=55.194,geonames,могилевск,старобыховск,16
201,111,not_found,старобыхов,not_found,not_found,not_found,not_found,not_found,not_found,http://api.geonames.org/search?west=29.5408&type=json&featureClass=P&name=%D1%81%D1%82%D0%B0%D1%80%D0%BE%D0%B1%D1%8B%D1%85%D0%BE%D0%B2&east=32.863&username=jaguillette&south=51.9042&north=55.194,geonames,могилевск,старобыховск,16
202,112,Novosil',новосил,Orjol,Russia,52.97387,37.04048,517947,RU,http://api.geonames.org/search?west=35.5421&type=json&featureClass=P&name=%D0%BD%D0%BE%D0%B2%D0%BE%D1%81%D0%B8%D0%BB&east=39.6827&username=jaguillette&south=52.8329&north=55.0867,geonames,тульск,новосил,35
203,113,Kirensk,киренск,Irkutsk,Russia,57.78528,108.11194,2022083,RU,http://api.geonames.org/search?west=91.4&type=json&featureClass=P&name=%D0%BA%D0%B8%D1%80%D0%B5%D0%BD%D1%81%D0%BA&east=180&username=jaguillette&south=46.5&north=90,geonames,иркутск,киренск,9
204,114,Izyum,изюм,Kharkiv,Ukraine,49.20875,37.24848,707292,UA,http://api.geonames.org/search?west=33.5563&type=json&featureClass=P&name=%D0%B8%D0%B7%D1%8E%D0%BC&east=38.2875&username=jaguillette&south=48.4869&north=51.5689,geonames,харьковск,изюм,37
205,115,not_found,сосницк,not_found,not_found,not_found,not_found,not_found,not_found,http://api.geonames.org/search?west=29.266666999999998&type=json&featureClass=P&name=%D1%81%D0%BE%D1%81%D0%BD%D0%B8%D1%86%D0%BA&east=37.266667&username=jaguillette&south=47.983333&north=55.983333,geonames,новогородского - северск,сосницк,19
206,116,Nizhyn,нежин,Chernihiv,Ukraine,51.04801,31.88688,699942,UA,http://api.geonames.org/search?west=27.3&type=json&featureClass=P&name=%D0%BD%D0%B5%D0%B6%D0%B8%D0%BD&east=35.3&username=jaguillette&south=47.5&north=55.5,geonames,черниговск,нежин,38
207,116,Nizhin,нежин,Minsk,Belarus,52.6389,28.1669,624640,BY,http://api.geonames.org/search?west=27.3&type=json&featureClass=P&name=%D0%BD%D0%B5%D0%B6%D0%B8%D0%BD&east=35.3&username=jaguillette&south=47.5&north=55.5,geonames,черниговск,нежин,38
208,117,not_found,звенигородск,not_found,not_found,not_found,not_found,not_found,not_found,http://api.geonames.org/search?west=34.3446&type=json&featureClass=P&name=%D0%B7%D0%B2%D0%B5%D0%BD%D0%B8%D0%B3%D0%BE%D1%80%D0%BE%D0%B4%D1%81%D0%BA&east=40.3419&username=jaguillette&south=54.2132&north=56.981,geonames,московск,звенигородск,1
209,117,Zvenigorod,звенигород,Moskovskaya,Russia,55.73402,36.85918,461920,RU,http://api.geonames.org/search?west=34.3446&type=json&featureClass=P&name=%D0%B7%D0%B2%D0%B5%D0%BD%D0%B8%D0%B3%D0%BE%D1%80%D0%BE%D0%B4&east=40.3419&username=jaguillette&south=54.2132&north=56.981,geonames,московск,звенигородск,1
210,118,not_found,короченск,not_found,not_found,not_found,not_found,not_found,not_found,http://api.geonames.org/search?west=32.183333&type=json&featureClass=P&name=%D0%BA%D0%BE%D1%80%D0%BE%D1%87%D0%B5%D0%BD%D1%81%D0%BA&east=40.183333&username=jaguillette&south=47.716667&north=55.716667,geonames,курск,короченск,15
211,118,not_found,корочен,not_found,not_found,not_found,not_found,not_found,not_found,http://api.geonames.org/search?west=32.183333&type=json&featureClass=P&name=%D0%BA%D0%BE%D1%80%D0%BE%D1%87%D0%B5%D0%BD&east=40.183333&username=jaguillette&south=47.716667&north=55.716667,geonames,курск,короченск,15
212,119,not_found,арсамазск,not_found,not_found,not_found,not_found,not_found,not_found,http://api.geonames.org/search?west=40.00205&type=json&featureClass=P&name=%D0%B0%D1%80%D1%81%D0%B0%D0%BC%D0%B0%D0%B7%D1%81%D0%BA&east=48.00205&username=jaguillette&south=52.32867&north=60.32867,geonames,нижегородск,арсамазск,17
213,119,not_found,арсамаз,not_found,not_found,not_found,not_found,not_found,not_found,http://api.geonames.org/search?west=40.00205&type=json&featureClass=P&name=%D0%B0%D1%80%D1%81%D0%B0%D0%BC%D0%B0%D0%B7&east=48.00205&username=jaguillette&south=52.32867&north=60.32867,geonames,нижегородск,арсамазск,17
214,121,not_found,динабург,not_found,not_found,not_found,not_found,not_found,not_found,http://api.geonames.org/search?west=24.8&type=json&featureClass=P&name=%D0%B4%D0%B8%D0%BD%D0%B0%D0%B1%D1%83%D1%80%D0%B3&east=32.8&username=jaguillette&south=51.483333&north=59.483333,geonames,полотск,динабург,24
215,122,not_found,рузск,not_found,not_found,not_found,not_found,not_found,not_found,http://api.geonames.org/search?west=34.3446&type=json&featureClass=P&name=%D1%80%D1%83%D0%B7%D1%81%D0%BA&east=40.3419&username=jaguillette&south=54.2132&north=56.981,geonames,московск,рузск,1
216,122,Ruza,руз,Moskovskaya,Russia,55.69898,36.19522,500303,RU,http://api.geonames.org/search?west=34.3446&type=json&featureClass=P&name=%D1%80%D1%83%D0%B7&east=40.3419&username=jaguillette&south=54.2132&north=56.981,geonames,московск,рузск,1
217,123,not_found,мстиславск,not_found,not_found,not_found,not_found,not_found,not_found,http://api.geonames.org/search?west=29.5408&type=json&featureClass=P&name=%D0%BC%D1%81%D1%82%D0%B8%D1%81%D0%BB%D0%B0%D0%B2%D1%81%D0%BA&east=32.863&username=jaguillette&south=51.9042&north=55.194,geonames,могилевск,мстиславск,16
218,123,not_found,мстислав,not_found,not_found,not_found,not_found,not_found,not_found,http://api.geonames.org/search?west=29.5408&type=json&featureClass=P&name=%D0%BC%D1%81%D1%82%D0%B8%D1%81%D0%BB%D0%B0%D0%B2&east=32.863&username=jaguillette&south=51.9042&north=55.194,geonames,могилевск,мстиславск,16
219,124,not_found,арсамазском,not_found,not_found,not_found,not_found,not_found,not_found,http://api.geonames.org/search?west=40.00205&type=json&featureClass=P&name=%D0%B0%D1%80%D1%81%D0%B0%D0%BC%D0%B0%D0%B7%D1%81%D0%BA%D0%BE%D0%BC&east=48.00205&username=jaguillette&south=52.32867&north=60.32867,geonames,нижегородск,арсамазском,17
220,125,not_found,тверск,not_found,not_found,not_found,not_found,not_found,not_found,http://api.geonames.org/search?west=31.921928&type=json&featureClass=P&name=%D1%82%D0%B2%D0%B5%D1%80%D1%81%D0%BA&east=39.921928&username=jaguillette&south=52.857828&north=60.857828,geonames,тверск,тверск,33
221,125,Tver',твер,Tverskaya,Russia,56.85836,35.90057,480060,RU,http://api.geonames.org/search?west=31.921928&type=json&featureClass=P&name=%D1%82%D0%B2%D0%B5%D1%80&east=39.921928&username=jaguillette&south=52.857828&north=60.857828,geonames,тверск,тверск,33
222,126,not_found,юрьевц,not_found,not_found,not_found,not_found,not_found,not_found,http://api.geonames.org/search?west=36.933333&type=json&featureClass=P&name=%D1%8E%D1%80%D1%8C%D0%B5%D0%B2%D1%86&east=44.933333&username=jaguillette&south=53.766667&north=61.766667,geonames,кострома,юрьевц,14
223,127,not_found,кашинск,not_found,not_found,not_found,not_found,not_found,not_found,http://api.geonames.org/search?west=36.933333&type=json&featureClass=P&name=%D0%BA%D0%B0%D1%88%D0%B8%D0%BD%D1%81%D0%BA&east=44.933333&username=jaguillette&south=53.766667&north=61.766667,geonames,кострома,кашинск,14
224,127,Kashin,кашин,Tverskaya,Russia,57.35917,37.60806,551986,RU,http://api.geonames.org/search?west=36.933333&type=json&featureClass=P&name=%D0%BA%D0%B0%D1%88%D0%B8%D0%BD&east=44.933333&username=jaguillette&south=53.766667&north=61.766667,geonames,кострома,кашинск,14
225,128,not_found,рязанск,not_found,not_found,not_found,not_found,not_found,not_found,http://api.geonames.org/search?west=42.0982&type=json&featureClass=P&name=%D1%80%D1%8F%D0%B7%D0%B0%D0%BD%D1%81%D0%BA&east=46.7497&username=jaguillette&south=52.3066&north=54.8422,geonames,рязанск,рязанск,28
226,128,Ryazan’,рязан,Penza,Russia,53.1783,44.7329,7457988,RU,http://api.geonames.org/search?west=42.0982&type=json&featureClass=P&name=%D1%80%D1%8F%D0%B7%D0%B0%D0%BD&east=46.7497&username=jaguillette&south=52.3066&north=54.8422,geonames,рязанск,рязанск,28
227,129,not_found,екатеринославск,not_found,not_found,not_found,not_found,not_found,not_found,http://api.geonames.org/search?west=29.6&type=json&featureClass=P&name=%D0%B5%D0%BA%D0%B0%D1%82%D0%B5%D1%80%D0%B8%D0%BD%D0%BE%D1%81%D0%BB%D0%B0%D0%B2%D1%81%D0%BA&east=39.14&username=jaguillette&south=46.07&north=49.99,geonames,екатеринославск,екатеринославск,8
228,129,Dnipropetrovsk,екатеринослав,Dnipropetrovsk,Ukraine,48.45,34.98333,709930,UA,http://api.geonames.org/search?west=29.6&type=json&featureClass=P&name=%D0%B5%D0%BA%D0%B0%D1%82%D0%B5%D1%80%D0%B8%D0%BD%D0%BE%D1%81%D0%BB%D0%B0%D0%B2&east=39.14&username=jaguillette&south=46.07&north=49.99,geonames,екатеринославск,екатеринославск,8
229,130,not_found,коломенск,not_found,not_found,not_found,not_found,not_found,not_found,http://api.geonames.org/search?west=34.3446&type=json&featureClass=P&name=%D0%BA%D0%BE%D0%BB%D0%BE%D0%BC%D0%B5%D0%BD%D1%81%D0%BA&east=40.3419&username=jaguillette&south=54.2132&north=56.981,geonames,московск,коломенск,1
230,130,not_found,коломен,not_found,not_found,not_found,not_found,not_found,not_found,http://api.geonames.org/search?west=34.3446&type=json&featureClass=P&name=%D0%BA%D0%BE%D0%BB%D0%BE%D0%BC%D0%B5%D0%BD&east=40.3419&username=jaguillette&south=54.2132&north=56.981,geonames,московск,коломенск,1
231,131,not_found,свиажск,not_found,not_found,not_found,not_found,not_found,not_found,http://api.geonames.org/search?west=45.114444&type=json&featureClass=P&name=%D1%81%D0%B2%D0%B8%D0%B0%D0%B6%D1%81%D0%BA&east=53.114444&username=jaguillette&south=51.790833&north=59.790833,geonames,казанск,свиажск,11
232,131,not_found,свиаж,not_found,not_found,not_found,not_found,not_found,not_found,http://api.geonames.org/search?west=45.114444&type=json&featureClass=P&name=%D1%81%D0%B2%D0%B8%D0%B0%D0%B6&east=53.114444&username=jaguillette&south=51.790833&north=59.790833,geonames,казанск,свиажск,11
233,132,not_found,гороховецк,not_found,not_found,not_found,not_found,not_found,not_found,http://api.geonames.org/search?west=36.416667&type=json&featureClass=P&name=%D0%B3%D0%BE%D1%80%D0%BE%D1%85%D0%BE%D0%B2%D0%B5%D1%86%D0%BA&east=44.416667&username=jaguillette&south=52.133333&north=60.133333,geonames,владимерск,гороховецк,3
234,133,not_found,дмитровск,not_found,not_found,not_found,not_found,not_found,not_found,http://api.geonames.org/search?west=34.3446&type=json&featureClass=P&name=%D0%B4%D0%BC%D0%B8%D1%82%D1%80%D0%BE%D0%B2%D1%81%D0%BA&east=40.3419&username=jaguillette&south=54.2132&north=56.981,geonames,московск,дмитровск,1
235,133,Dmitrov,дмитров,Moskovskaya,Russia,56.34485,37.52041,565955,RU,http://api.geonames.org/search?west=34.3446&type=json&featureClass=P&name=%D0%B4%D0%BC%D0%B8%D1%82%D1%80%D0%BE%D0%B2&east=40.3419&username=jaguillette&south=54.2132&north=56.981,geonames,московск,дмитровск,1
236,134,Shatsk,шацк,Rjazan,Russia,54.02576,41.71191,495532,RU,http://api.geonames.org/search?west=37.433333&type=json&featureClass=P&name=%D1%88%D0%B0%D1%86%D0%BA&east=45.433333&username=jaguillette&south=48.716667&north=56.716667,geonames,тамбовск,шацк,32
237,136,Kursk,курск,Kursk,Russia,51.73733,36.18735,538560,RU,http://api.geonames.org/search?west=32.183333&type=json&featureClass=P&name=%D0%BA%D1%83%D1%80%D1%81%D0%BA&east=40.183333&username=jaguillette&south=47.716667&north=55.716667,geonames,курск,курск,15
238,137,not_found,климовицк,not_found,not_found,not_found,not_found,not_found,not_found,http://api.geonames.org/search?west=29.5408&type=json&featureClass=P&name=%D0%BA%D0%BB%D0%B8%D0%BC%D0%BE%D0%B2%D0%B8%D1%86%D0%BA&east=32.863&username=jaguillette&south=51.9042&north=55.194,geonames,могилевск,климовицк,16
239,138,not_found,ахтырк,not_found,not_found,not_found,not_found,not_found,not_found,http://api.geonames.org/search?west=33.5563&type=json&featureClass=P&name=%D0%B0%D1%85%D1%82%D1%8B%D1%80%D0%BA&east=38.2875&username=jaguillette&south=48.4869&north=51.5689,geonames,харьковск,ахтырк,37
240,140,not_found,наровчатовск,not_found,not_found,not_found,not_found,not_found,not_found,http://api.geonames.org/search?west=41.8373&type=json&featureClass=P&name=%D0%BD%D0%B0%D1%80%D0%BE%D0%B2%D1%87%D0%B0%D1%82%D0%BE%D0%B2%D1%81%D0%BA&east=46.7277&username=jaguillette&south=52.3247&north=54.837,geonames,пензенск,наровчатовск,22
241,140,not_found,наровчатов,not_found,not_found,not_found,not_found,not_found,not_found,http://api.geonames.org/search?west=41.8373&type=json&featureClass=P&name=%D0%BD%D0%B0%D1%80%D0%BE%D0%B2%D1%87%D0%B0%D1%82%D0%BE%D0%B2&east=46.7277&username=jaguillette&south=52.3247&north=54.837,geonames,пензенск,наровчатовск,22
242,141,Lebedyan',лебедян,Lipetsk,Russia,53.01942,39.16639,536518,RU,http://api.geonames.org/search?west=37.433333&type=json&featureClass=P&name=%D0%BB%D0%B5%D0%B1%D0%B5%D0%B4%D1%8F%D0%BD&east=45.433333&username=jaguillette&south=48.716667&north=56.716667,geonames,тамбовск,лебедян,32
243,141,Ivano-Lebedyan’,лебедян,Tambov,Russia,52.1461,41.18443,555541,RU,http://api.geonames.org/search?west=37.433333&type=json&featureClass=P&name=%D0%BB%D0%B5%D0%B1%D0%B5%D0%B4%D1%8F%D0%BD&east=45.433333&username=jaguillette&south=48.716667&north=56.716667,geonames,тамбовск,лебедян,32
244,142,not_found,ливенск,not_found,not_found,not_found,not_found,not_found,not_found,http://api.geonames.org/search?west=32.066667&type=json&featureClass=P&name=%D0%BB%D0%B8%D0%B2%D0%B5%D0%BD%D1%81%D0%BA&east=40.066667&username=jaguillette&south=48.966667&north=56.966667,geonames,орловск,ливенск,21
245,142,not_found,ливен,not_found,not_found,not_found,not_found,not_found,not_found,http://api.geonames.org/search?west=32.066667&type=json&featureClass=P&name=%D0%BB%D0%B8%D0%B2%D0%B5%D0%BD&east=40.066667&username=jaguillette&south=48.966667&north=56.966667,geonames,орловск,ливенск,21
246,143,not_found,костромск,not_found,not_found,not_found,not_found,not_found,not_found,http://api.geonames.org/search?west=36.933333&type=json&featureClass=P&name=%D0%BA%D0%BE%D1%81%D1%82%D1%80%D0%BE%D0%BC%D1%81%D0%BA&east=44.933333&username=jaguillette&south=53.766667&north=61.766667,geonames,кострома,костромск,14
247,143,Kostroma,костром,Kostroma,Russia,57.76647,40.92686,543878,RU,http://api.geonames.org/search?west=36.933333&type=json&featureClass=P&name=%D0%BA%D0%BE%D1%81%D1%82%D1%80%D0%BE%D0%BC&east=44.933333&username=jaguillette&south=53.766667&north=61.766667,geonames,кострома,костромск,14
248,144,not_found,чериковск,not_found,not_found,not_found,not_found,not_found,not_found,http://api.geonames.org/search?west=29.5408&type=json&featureClass=P&name=%D1%87%D0%B5%D1%80%D0%B8%D0%BA%D0%BE%D0%B2%D1%81%D0%BA&east=32.863&username=jaguillette&south=51.9042&north=55.194,geonames,могилевск,чериковск,16
249,144,Cherykaw,чериков,Mahilyowskaya Voblastsʼ,Belarus,53.5689,31.3831,629347,BY,http://api.geonames.org/search?west=29.5408&type=json&featureClass=P&name=%D1%87%D0%B5%D1%80%D0%B8%D0%BA%D0%BE%D0%B2&east=32.863&username=jaguillette&south=51.9042&north=55.194,geonames,могилевск,чериковск,16
250,145,Myropillya,миропол,Sumy,Ukraine,51.023,35.26233,701020,UA,http://api.geonames.org/search?west=33.5563&type=json&featureClass=P&name=%D0%BC%D0%B8%D1%80%D0%BE%D0%BF%D0%BE%D0%BB&east=38.2875&username=jaguillette&south=48.4869&north=51.5689,geonames,харьковск,миропол,37
251,145,Myropillya,миропол,Kharkiv,Ukraine,49.56307,37.19654,701021,UA,http://api.geonames.org/search?west=33.5563&type=json&featureClass=P&name=%D0%BC%D0%B8%D1%80%D0%BE%D0%BF%D0%BE%D0%BB&east=38.2875&username=jaguillette&south=48.4869&north=51.5689,geonames,харьковск,миропол,37
252,145,Myropil’s’ke,миропол,Sumy,Ukraine,50.94166,35.31392,8422482,UA,http://api.geonames.org/search?west=33.5563&type=json&featureClass=P&name=%D0%BC%D0%B8%D1%80%D0%BE%D0%BF%D0%BE%D0%BB&east=38.2875&username=jaguillette&south=48.4869&north=51.5689,geonames,харьковск,миропол,37
253,146,Yarensk,яренск,Arkhangelskaya,Russia,62.16755,49.09162,468983,RU,http://api.geonames.org/search?west=37.83&type=json&featureClass=P&name=%D1%8F%D1%80%D0%B5%D0%BD%D1%81%D0%BA&east=57.25&username=jaguillette&south=57.25&north=64.08,geonames,вологодск,яренск,4
254,147,not_found,верхнеудивск,not_found,not_found,not_found,not_found,not_found,not_found,http://api.geonames.org/search?west=91.4&type=json&featureClass=P&name=%D0%B2%D0%B5%D1%80%D1%85%D0%BD%D0%B5%D1%83%D0%B4%D0%B8%D0%B2%D1%81%D0%BA&east=180&username=jaguillette&south=46.5&north=90,geonames,иркутск,верхнеудивск,9
255,147,not_found,верхнеудив,not_found,not_found,not_found,not_found,not_found,not_found,http://api.geonames.org/search?west=91.4&type=json&featureClass=P&name=%D0%B2%D0%B5%D1%80%D1%85%D0%BD%D0%B5%D1%83%D0%B4%D0%B8%D0%B2&east=180&username=jaguillette&south=46.5&north=90,geonames,иркутск,верхнеудивск,9
256,148,not_found,зарайск,not_found,not_found,not_found,not_found,not_found,not_found,http://api.geonames.org/search?west=42.0982&type=json&featureClass=P&name=%D0%B7%D0%B0%D1%80%D0%B0%D0%B9%D1%81%D0%BA&east=46.7497&username=jaguillette&south=52.3066&north=54.8422,geonames,рязанск,зарайск,28
257,148,not_found,зарай,not_found,not_found,not_found,not_found,not_found,not_found,http://api.geonames.org/search?west=42.0982&type=json&featureClass=P&name=%D0%B7%D0%B0%D1%80%D0%B0%D0%B9&east=46.7497&username=jaguillette&south=52.3066&north=54.8422,geonames,рязанск,зарайск,28
258,149,not_found,великолуцк,not_found,not_found,not_found,not_found,not_found,not_found,http://api.geonames.org/search?west=24.1218047142&type=json&featureClass=P&name=%D0%B2%D0%B5%D0%BB%D0%B8%D0%BA%D0%BE%D0%BB%D1%83%D1%86%D0%BA&east=32.1900482178&username=jaguillette&south=55.1937102573&north=59.0651312501,geonames,псковск,великолуцк,25
259,150,not_found,выборгск,not_found,not_found,not_found,not_found,not_found,not_found,http://api.geonames.org/search?west=24.744167&type=json&featureClass=P&name=%D0%B2%D1%8B%D0%B1%D0%BE%D1%80%D0%B3%D1%81%D0%BA&east=32.744167000000004&username=jaguillette&south=56.709167&north=64.70916700000001,geonames,выборг,выборгск,6
260,150,Vyborg,выборг,Leningrad,Russia,60.70763,28.75283,470546,RU,http://api.geonames.org/search?west=24.744167&type=json&featureClass=P&name=%D0%B2%D1%8B%D0%B1%D0%BE%D1%80%D0%B3&east=32.744167000000004&username=jaguillette&south=56.709167&north=64.70916700000001,geonames,выборг,выборгск,6
261,151,Kharkiv,харьков,Kharkiv,Ukraine,49.98081,36.25272,706483,UA,http://api.geonames.org/search?west=24.8&type=json&featureClass=P&name=%D1%85%D0%B0%D1%80%D1%8C%D0%BA%D0%BE%D0%B2&east=180&username=jaguillette&south=38.6&north=78.0,geonames,нот_ин_теxт,харьков,0
262,151,Khar'kov Log,харьков,Kemerovo,Russia,54.548,85.3597,1503739,RU,http://api.geonames.org/search?west=24.8&type=json&featureClass=P&name=%D1%85%D0%B0%D1%80%D1%8C%D0%BA%D0%BE%D0%B2&east=180&username=jaguillette&south=38.6&north=78.0,geonames,нот_ин_теxт,харьков,0
263,152,not_found,вологодск,not_found,not_found,not_found,not_found,not_found,not_found,http://api.geonames.org/search?west=24.8&type=json&featureClass=P&name=%D0%B2%D0%BE%D0%BB%D0%BE%D0%B3%D0%BE%D0%B4%D1%81%D0%BA&east=180&username=jaguillette&south=38.6&north=78.0,geonames,нот_ин_теxт,вологодск,0
264,152,not_found,вологод,not_found,not_found,not_found,not_found,not_found,not_found,http://api.geonames.org/search?west=24.8&type=json&featureClass=P&name=%D0%B2%D0%BE%D0%BB%D0%BE%D0%B3%D0%BE%D0%B4&east=180&username=jaguillette&south=38.6&north=78.0,geonames,нот_ин_теxт,вологодск,0
265,153,Kozlov,козлов,Volgograd,Russia,49.7074,42.6563,543182,RU,http://api.geonames.org/search?west=37.433333&type=json&featureClass=P&name=%D0%BA%D0%BE%D0%B7%D0%BB%D0%BE%D0%B2&east=45.433333&username=jaguillette&south=48.716667&north=56.716667,geonames,тамбовск,козлов,32
266,153,Kozlov,козлов,Voronezj,Russia,49.78111,40.30778,808977,RU,http://api.geonames.org/search?west=37.433333&type=json&featureClass=P&name=%D0%BA%D0%BE%D0%B7%D0%BB%D0%BE%D0%B2&east=45.433333&username=jaguillette&south=48.716667&north=56.716667,geonames,тамбовск,козлов,32
267,153,Kozlov,козлов,Volgograd,Russia,49.75812,44.08336,7042180,RU,http://api.geonames.org/search?west=37.433333&type=json&featureClass=P&name=%D0%BA%D0%BE%D0%B7%D0%BB%D0%BE%D0%B2&east=45.433333&username=jaguillette&south=48.716667&north=56.716667,geonames,тамбовск,козлов,32
268,153,Kozlov,козлов,Volgograd,Russia,49.6287,43.9466,7752131,RU,http://api.geonames.org/search?west=37.433333&type=json&featureClass=P&name=%D0%BA%D0%BE%D0%B7%D0%BB%D0%BE%D0%B2&east=45.433333&username=jaguillette&south=48.716667&north=56.716667,geonames,тамбовск,козлов,32
269,153,Michurinsk,козлов,Tambov,Russia,52.8978,40.4907,527191,RU,http://api.geonames.org/search?west=37.433333&type=json&featureClass=P&name=%D0%BA%D0%BE%D0%B7%D0%BB%D0%BE%D0%B2&east=45.433333&username=jaguillette&south=48.716667&north=56.716667,geonames,тамбовск,козлов,32
270,153,Kozlove,козлов,Luhansk,Ukraine,49.86278,39.16583,704539,UA,http://api.geonames.org/search?west=37.433333&type=json&featureClass=P&name=%D0%BA%D0%BE%D0%B7%D0%BB%D0%BE%D0%B2&east=45.433333&username=jaguillette&south=48.716667&north=56.716667,geonames,тамбовск,козлов,32
271,154,not_found,бабиновецк,not_found,not_found,not_found,not_found,not_found,not_found,http://api.geonames.org/search?west=29.5408&type=json&featureClass=P&name=%D0%B1%D0%B0%D0%B1%D0%B8%D0%BD%D0%BE%D0%B2%D0%B5%D1%86%D0%BA&east=32.863&username=jaguillette&south=51.9042&north=55.194,geonames,могилевск,бабиновецк,16
272,155,Krasnoslobodsk,краснослободск,Mordoviya,Russia,54.4253,43.78963,542212,RU,http://api.geonames.org/search?west=41.8373&type=json&featureClass=P&name=%D0%BA%D1%80%D0%B0%D1%81%D0%BD%D0%BE%D1%81%D0%BB%D0%BE%D0%B1%D0%BE%D0%B4%D1%81%D0%BA&east=46.7277&username=jaguillette&south=52.3247&north=54.837,geonames,пензенск,краснослободск,22
