,0,1,2,3,4,5
251,721,573,"УСТЬЕ , село Вологодского Наместничества при реке Кубенице, в 50 верстах. Здесь в зимнее время еженедельно по пятницам собираются окольные поселяне, и продают здешним купцам кожи говяжьи и бараньи , сало , мяса, больших и тучных свиней , масло коровье , щетины , кошечьи и заячьи мехи. В сем же селе особливая бывает ярмарка, называемая Ивановская Заозерская, на которой бывают нетолько Вологодские, но и Московские, Устюжские и Тотемские купцы для покупки полотен, холстов, сукон сермяжных, смолы, скалы и проч. и торгуют сряду по неделе, что бывает с 17 Июня по 23 число.",Вологодскаго Намѣстничества,,село
43,33,558,"БАСАНЬ , местечко того же Наместничества и уезду. В оном, кроме еженедельных по понедельникам торгов, бывает в году пятярмарок: первая в день Вознесения Господня , вторая в день Св. Апостолов Петра и Павла , третия в день успения Пресвятые Богородицы, четвертая Сентября 20, в день Св. Евстафия, пятая Декабря 6, в день Николая Чудотворца. Торгуют на оных разными мелочными товарами и привозимою из Донских станиц мелкою рыбою. Жители продают рогатой скот , лошадей , хлеб, смолу, горячее вино и прочее; также привозят сюда для продажи жителям Крымскую соль.",Кіевскаго Намѣстничества,Кіевскаго уѣздѣ,мѣстечко
63,449,549,"МОШЕЙКА, село Калужского Наместничества в Козельском уезде. Здесь бывают торговые дни каждонедельно по воскресеньям; на оные приезжает купечество Калужской Провинции из Калуги и Мещовска, также из Болхова, Белева и других городов; привозят товары мэскотильные, то есть несколько бумажных шелковых и других сортов материи, а по большей части уездные крестьяне привозят разные уездные товары, всякой хлеб, пеньку, масло , мед , воск , восчину , парусную уточную пряжу, холст льняной, посконной и прочее крестьянское рукоделие и другие мелочные товары.",Калужскаго Намѣстничества,Козельскомъ уѣздѣ,село
211,726,526,"УТЕШЕВ, село Калужского Наместничества в Козельском уезде. Здесь бывает еженедельной торг по Воскресеньям ; на тот торг приезжает купечество Калужской и Орловской Провинций, из Болхова и Белева и других городов ; привозят товары москотильные , несколько бумажных , шелковых и других сортов материй ; а по большей части и уездные крестьяне доставляют разные уездные товары, всякой хлеб, пеньку, масло, мед, воск, вощину, парусную уточную пряжу, холст льняной, посконной и прочия крестьянския рукоделья и другие мелочные товары.",Калужскаго Намѣстничества,Козельскомъ уѣздѣ,село
97,792,521,"ЯБЛУНОВ, местечко Киевского Наместничества в Лубенском уезде. В оном бывают в году три ярмарки : первая в день Преполовения Господня, другая в день усекновения честные главы Святого Иоанна Предтечи, третия в день Богоявления Господня. Купцы приезжают на оные из близ лежащих городов с красными , крамными и прочими товарами , с стеклянною и деревянною посудою, с мелкою из Донских станиц рыбою; жители продают рогатой скот лошадей, хлеб, смолу , горячее вино и проч. Привозят также сюда для продажи жителям Крымскую соль.",Кіевскаго Намѣстничества,Лубенскомъ уѣздѣ,мѣстечко
274,645,520,"СОРОЧИНЦЫ , местечко Киевского Наместничества в миргородском уезде. В оном бывает в году пять ярмарок: первая Генваря 1, вторая на пятой неделе великого поста, третия в день Сошествия Святого Духа, четвертая Сентября 14 , пятая Ноября 14; торгуют на оных приезжие из уезду жители разными мелочными товарами, там родящимися и делающимися, какъ-то хлебом, горячим вином, разным скотом , овчинами, кожами и прочим; иногда приезжают и из Великороссийских городов купцы с красными товарами. Здесь бывают и еженедельные торги.",Кіевскаго Намѣстничества,миргородскомъ уѣздѣ,мѣстечко
293,593,512,"РЫЗН, село того же Наместничества в Козельском уезде. Здесь бывает ярмарка годовая в день Вознесения Господня ; на оную съезжается купечество из окрестных городов , Калуги, Мещовска, Орла , Волхова, Белева и других городов; привозят товары москательные, бумажные, шелковые и другия материи ; а по большей части уездные крестьяне привозят разные товары , всякой хлеб , пеньку , масло , мед , воск , вощину, парусную уточную пряжу, холст льняной, посконной и прочия крестьянския рукоделия и другие мелочные товары.",Калужскаго Намѣстничества,Козельскомъ уѣздѣ,село
177,152,501,"ГЛЕМЯЗОВ, местечко Киевского Наместничества в Переяславском уезде. В оном бывает в году четыре ярмарки : первая на Сырной неделе, вторая в день Преполовения, третия в день Преображения, четвертая в день Введения. Купцы приезжают на оные из близ лежащих городов с красными крамными и прочими товарами, с стеклянною и деревянною посудою, с мелкою из Донских станице рыбою; жители продают рогатой скот , лошадей, хлебе, смолу, горячее вино и прочее; привозят также сюда для продажи жителям Крымскую соль.",Кіевскаго Намѣстничества,Переяславскомъ уѣздѣ,мѣстечко
137,539,487,"ПЛОХОНА, село Калужского Наместничества в уезде города Козельска. Здесь бывают каждонедельные торжки по воскресеньям; на оные торги приезжает купечество из Калуги, Мещовска, Волхова, Белева и других городов; привозят товары москотильные, несколько бумажных, шелковых и других сортов материй , а по большей части и уездные товары, всякой хлеб, пеньку, масло , лен , воск , вощину , парусную уточную пряжу, холст льняной, посконной и прочия крестьянския рукоделия и другие мелочные товары.",Калужскаго Намѣстничества,Козельска,село
111,167,452,"ГОРОДИЩЕ, местечко того же Наместничества в Миргородском уезде. В оном бывает в году четыре ярмарки : первая Мая 6, вторая Августа 1 , третия Октября 1 , четвертая Декабря 6; торгуют на оных приезжие из уездов жители разными мелочными товарами, там родящимися и делающимися, какъто хлебом, горячим вином, разным скотом, дегтем, овчинами, кожами и прочим; иногда приезжают и Великороссийские купцы с красными товарами. Здесь бывают и еженедельные торги.",Кіевскаго Намѣстничества,Миргородскомъ уѣздѣ,мѣстечко
209,264,437,"ИЧНА , местечко Черниговского Наместничества в Прилуцком уезде. В оном бывает в году три ярмарки: первая в первую седмицу великого поста, вторая в первую седмицу Петрова поста, третия Июля 20, в день Пророка Илии. На оных торгуют окольные жители своими произрастениями , как - то хлебом , разным скотом, съестными припасами, деревянною посудою ипрочею крестьянскою мелочью. Здесь также бывают и еженедельные торжки в понедельник и пяток.",Черниговскаго Намѣстничества,Прилуцкомъ уѣздѣ,мѣстечко
78,281,436,"КИТАЙСКОЙ, острог в Екатеринбургском Горном ведомстве. Здесь напред сего бывала великая ярмарка на день Богоявления Господня, на которую съезжалось множество купцов из Сибири и из Россия , а особливо из Казани чрез Уфу по тому, что тогда большая дорога из Казани в Сибирь была чрез Уфу и чрез оной Катайской острог; но с построения Екатеринбурга сия Катайская ярмарка пресеклась по тому, что уже большая дорога проложена чрез сей город.",,,острогъ
246,781,430,"ШИШАКИ , местечко Киевского Наместничества в Миргородском уезде. Бывают здесь в году две ярмарки: первая в день Сошествия Святого Духа, вторая Ноября 8 числа ; торгуют на оных и в еженедельные по Воскресеньям съезды приезжие из уезду жители разными мелкими товарами , там родящимися и делающимися , какъ-то хлебом, горячим вином, разным скотом, овчинами, кожами и проч. Иногда приезжают и Великороссийские купцы с красным товаром.",Кіевскаго Намѣстничества,Миргородскомъ уѣздѣ,мѣстечко
37,324,430,"КОРЕННАЯ, пустыня Курского Наместничества и уезду, в 27 верстах от города. При ней бывает одиножды в год ярмарка , начинающаяся за неделю пред девятою пятницею по Пасхе, и продолжающаяся по том чрез несколько дней после оной. На оную съезжаются нетокмо изо всех городов Российские, но и иностранные купцы, и превеликое множество всяких Российских, Немецких и Азиатских товаров привозят; также и лошадьми великой торг производится.",Курскаго Намѣстничества,Курскаго уѣздѣ,пустыня
110,46,412,"БЛАГОВЕЩЕНСКОЙ ПРИХОД , деревня в Архангельском Наместничестве около Вижева. Здесь бывает ярмарка в первых числах Марта , по чему называется и Евдокейскою,а слывет Вижевская Благовещенская ; купцы приезжают на оную из всех торговых городов Архангельского Наместничества и из соседних Провинций. Здесь построен деревянной гостиной двор со многими лавками и постоялыми избами для приезжающих на сию ярмарку купцов.",Архангельскомъ Намѣстничества,,деревня
213,92,411,"БЕЛОЦЕРКОВКА , местечко Киевского Наместничества в Миргородском уезде. В оном бывает в году две ярмарки одна в десятую пятницу, другая Июля 27 дня. Торгуют на оных и в еженедельные торжки приезжие из уезду жители разными мелочными товарами тамо родящимися и делающимися, какъ-то хлебом, горячим вином, разным скотом, дегтем , овчинами, кожами и проч. иногда приезжают и Великороссийские купцы с красным товаром.",Кіевскаго Намѣстничества,Миргородскомъ уѣздѣ,мѣстечко
118,391,410,"ЛУКОМЛЯ, местечко Киевского Наместничества в Лубенском уезде. Здесь бывает в год две ярмарки: одна в день Пророка Илии, а другая в день Архистратига Михаила. На оных ярмарках торг бывает привозимыми из уездов товарами , как - то салом , рыбою , дегтем , горячим вином , нагольными овчинами , шубами, говяжьими кожами , рогатым скотом, лошадьми , печеным хлебом съестными припасами и другими мелочными товарами.",Кіевскаго Намѣстничества,Лубенскомъ уѣздѣ,мѣстечко
140,357,406,"КРЫЛЕЕВО , местечко Киевского Наместничества в Переяславском уезде. Здесь бывают в году три ярмарки: первая Мая 9, вторая Августа 15, третия Ноября 8; торгуют на оных разными : мелочными товарами , стеклянною и деревянною посудою и привозимою из Донских станиц мелкою рыбою. Жители продают рогатой скот , лошадей, хлеб, смолу , горячее вино и прочее ; привозят также сюда для продажи жителям Крымскую соль.",Кіевскаго Намѣстничества,Переяславскомъ уѣздѣ,мѣстечко
112,122,404,"ВОЛЬНАЯ, слобода Харьковского Наместничества в Белогородском уезде. В оной бывают годовые ярмарки : первая Февраля 2, в день Сретения Господня, вторая Мая 9, в день Чудотворца Николая , третия в десятую пятницу , четвертая Августа 15 дня, в день Успения. Приезжают на оные купцы из . близ лежащих городов; торгуют сукнами, шелковыми, бумажными и набойчатыми товарами , полотном , железом, посудою и проч.",Харьковскаго Намѣстничества,Бѣлогородскомъ уѣздѣ,слобода
31,574,399,"РАТСБУРГ, отчина Меньшикова в Екатеринославском Наместничестве. Здесь бывают две ярмарки , а именно : первая Троицкая, которая прежде была в Лебединском Троицком монастыре , и переведена в тое отчину; а другая в той же отчине Покровская , Октября и дня ; да сверх того бывают понедельные и временные торжки , на кои приезжают из ближних городов купцы и из уездов крестьяне с хлебом и прочею мелочью.",Екатеринославскомъ Намѣстничества,,отчина
252,52,396,"БОГАЧКА, местечко Киевского Наместничества в Миргородском уезде. В оном бывает в году две ярмарки : одна в день Сошествия Святого Духа, а другая Сентября 1; торгуют на оных приезжие из уезду жители разными мелочными товарами , там родящимися и делающимися, какъ-то хлебом, горячим виномъ,разным скотом, дегтем, овчинами, кожами и проч. Иногда приезжают и Великороссийские купцы с красным товаром.",Кіевскаго Намѣстничества,Миргородскомъ уѣздѣ,мѣстечко
192,496,394,"ОПОШНОЕ, местечко Черниговского Наместничества в Гадяцком уезде. В оном бывает в году четыре ярмарки : первая в неделю Фомину, вторая в десятую пятницу, третия Августа 6, в день Преображения Господня, четвертая Октября 29, в день Св. Димитрия ; на оных торгуют разным скотом, хлебом и съестными припасами. Здесь бывают еженедельные торжки в понедельник и пяток, и торгуют большею частию хлебом.",Черниговскаго Намѣстничества,Гадяцкомъ уѣздѣ,мѣстечко
46,465,393,"НЕЛЬЯНСКОЙ , железной завод Пермского Наместничества в Екатеринбургском уезде. Здесь бывает в день Святых Апостолов Петра и Павла нарочитая ярмарка прoдолжающаяся несколько дней на которую съезжается много купцов из близ лежащих городов , а именно: Екатеринбурга , Верхотурья, Туринска, Тюмени , которые , как и тамошние жители , разными Российскими , Сибирскими и Китайскими товарами торгуют.",Пермскаго Намѣстничества,Екатеринбургскомъ уѣздѣ,желѣзной заводъ
303,118,393,"ВОЛОКОПИНЕЖСКАЯ , деревня в Двинской Провинции близ рубежа Кеврольского. Здесь бывает в году ярмарка, именуемая Волокопинежская, в первых числах Декабря месяца; а по тому зовется и Никольскою. По большей части на сию ярмарку приезжают Архангельские и Холмогорские купцы с товарами не высокой цены для продажи крестьянам и для покупки у них деревенских товаров , на что привозят с собою деньги.",,,деревня
298,765,389,"ЧЕРИООСТРОЖСКОЙ НИКОЛАЕВСКОЙ, монастырь Ярославского Наместничества. При оном бывает ярмарка Декабря 6, Мая 9 , да о десятой пятнице при Соборной церкви Казанския Богородицы , на память Великомученика Георгия Ноября 26 чисел, но токмо знатных товаров в продаже не бывает, и привозят по близости из других городов по малому числу мелочные товары , такожь уездные обыватели съестные припасы.",Ярославскаго Намѣстничества,,монастырь
55,221,387,"ЕРЕМЕНЦОВО, село Ярославского Наместничества и уезду. Здесь бывает годовая Покровская ярмарка Октября в 1 день , а недельные торжки по вторникам. На оную ярмарку купеческие люди приезжают из Ярославля, Романова, Углича , из Борисоглебска, из Рыбного и из разных сел с мелочными на продажу крестьянам товарами, также с москотильными и прочими, а в недельные торжки продают крестьяне хлеб.",Ярославскаго Намѣстничества,Ярославскаго уѣздѣ,село
304,43,379,"БЕРНИКИ, село Тульского Наместничества в Каширском уезде. Во время десятой и одинадцатой пятниц бывает здесь ярмарка, на кою ярмарку товары в продажу привозятся из Каширы, а по близости из Тулы , Серпухова, Венева и Зарайска по малому числу москотильной, мелочной и прочие, также съестные припасы, а паче от обывателей уездных бывает в продаже пенька, мед, воск и прочее изделье.",Тульскаго Намѣстничества,Каширскомъ уѣздѣ,село
181,510,373,"ПАВЛОВО, село Московской Губернии в Богородском уезде. В оном, сверх бывающого в зимнее время всяную неделю по понедельникам торгу хлебом , бывает в году ярмарка Октября 26 дня, на которую приезжающие разных городов купцы привозят сукна, шелк и всякие для поселян нужные товары , а жители продают выделываемые здесь шелковые разных рук платки, крашенину и съестные припасы.",Московской Губерніи,Богородскомъ уѣздѣ,село
77,577,371,"РЖИЦА , местечко Киевского Наместничества в Любенском уезде. В оном бывают в году две ярмарки: одна на Сентября 8, другая Ноября 21 чисел. Торг бывает привозимыми из уездов товара ми, какъ-то салом, рыбою, дегшем, горячим вином, нагодьнымн овчинами, шубами, говяжьими кожами , рогатым скотом , лошадьми , печеным хлебом , съестными припасами и другими мелочными товарами.",Кіевскаго Намѣстничества,Любенскомъ уѣздѣ,мѣстечко
176,747,369,"ЦАРЕВ БОРИСОВ, городок Харьковского Наместничества в уезде города Изюма. В оном бывает в году четыре ярмарки : первая на всеедной неделе, вторая в неделю Мироносиц , третия после Святой недели в девятую пятницу, четвертая Ноября 8, в день Архистратига Михаила; купцы приезжают на оные из разных Российских городов с шелковыми , бумажными , гарусными и прочими товарами.",Харьковскаго Намѣстничества,Изюма,городокъ
217,380,367,"ЛИМАНЬ, слобода Харьковского Наместничества в уезде города Изюма. В оной бывает в году четыре ярмарки : первая на Фоминой неделе, вторая Июля 8, в день Прокопия, третия Октября 1, в день Покрова Богородицы, четвертая Ноября 1, в день Космы и Дамиана. Купцы приезжают на оные ярмарки из разных Российских городов с шелковыми, бумажными , шерстяными и прочими товарами.",Харьковскаго Намѣстничества,Изюма,слобода
302,704,361,"ТУГЛИНСКАЯ, волость Вологодского Наместничества в уезде города Яренска. Здесь бывают ярмарки : первая Генваря от 6 по 17 день, вторая Марта с 25 Апреля по 1, и третия Июня с 24 Июля по 1, четвертая Сентября с 23 Октября по 1. На оные приезжают купцы из разных Российских городов с товарами, и скупают у крестьян сих уездов деревенския произрастения и рукоделия.",Вологодскаго Намѣстничества,Яренска,волость
163,50,359,"БОГАТИЩЕБО, село Тульского Наместничества в Каширском уезде. Здесь бывает ярмарка Июля 8 дня, на которую товары в продажу привозятся из Каширы , а по близости из Тулы, Серпухова, Венева и Зарайска, по малому числу москотильной , мелочной и прочие съестные припасы , а паче от обывателей уездных в продаже бывает пенька, мед, воск и прочее деревенское изделье.",Тульскаго Намѣстничества,Каширскомъ уѣздѣ,село
45,802,354,"ЯРЕСКИ, местечко Киевского Наместничества в Миргородском уезде. В оном бывает в году две ярмарки: первая Июня 24, другая Августа 15; торгуют на оных приезжие из уездов жители разными мелочными товарами , там родящимися, какъ-то хлебом , горячим вином, разным скотом, овчинами, кожами и прочим; иногда приезжают и Великороссийские купцы с красным товаром.",Кіевскаго Намѣстничества,Миргородскомъ уѣздѣ,мѣстечко
61,741,352,"ХОМУТЦЫ, местечко Киевского Наместничества в Миргородском уезде. В оном бывают еженедельные по Воскресяньям торжки , на которых торгуют приезжие из уезду жители разными мелочными товарами, там родящимися и делающимися, какъ-то хлебом, горячим вином, разным скотом , овчинами , кожами и проч. Иногда приезжают и Великороссийские купцы с красным товаром.",Кіевскаго Намѣстничества,Миргородскомъ уѣздѣ,мѣстечко
85,247,349,"ИВАНОВСКОЕ, село Тульского Наместничества в Каширском уезде. Здесь бывает ярмарка Сентября 23 дня; на оную ярмарку товары в продажу привозятся из Каширы, и из Тулы, Серпухова, Венева из Зарайска по малому числу москотильные мелочные и прочие , также съестные припасы ; а от обывателей уездных в продаже бывает пенька , мед, воск, деревянное изделье.",Тульскаго Намѣстничества,Каширскомъ уѣздѣ,село
173,253,349,"ИГУМНОВО , село Тульского Наместничества в Каширском уезде. Здесь бывает ярмарка о десятой и одинадцатой пятницах ; на оные ярмарки товары привозятся из Каширы, Тулы , Серпухова, Венева и из Зарайска по малому числу москотильные мелочные и прочие, также съестные припасы ; от обывателей уездных в продаже бывает пенька , мед , воск и всякое изделье.",Тульскаго Намѣстничества,Каширскомъ уѣздѣ,село
194,364,345,"КУПЕНКА , слобода Харьковского Наместничества в уезде города Изюма. Здесь бывает в году четыре ярмарки : первая на десятую пятницу, вторая Сентября 8 в день Рождества Богородицы, третия Декабря 9 на день Зачатия Анны , четвертая на Сырной неделе, На оные купцы приезжают из разных городов с шелковыми , бумажными , шерстяными и прочими товарами.",Харьковскаго Намѣстничества,Изюма,слобода
281,237,345,"ЗМЕЕВЕ, слобода Харьковского Наместничества в уезде города Изюма. В оной бывают в году три ярмарки : первая Июня 29, в день Св. Апостолов Петра и Павла, вторая Сентября 1, в день Симеона Столпника, третия Октября 14, на день Параскевы. Купцы приезжают на оные из разных Российских городов с шелковыми , шерстяными , бумажными и прочими товарами.",Харьковскаго Намѣстничества,Изюма,слобода
48,242,342,"ИВАНГОРОД, местечко Черниговского Наместничества в уезде города Нежина. Здесь бывает в году две ярмарки, первая Петропавловская, в Июне месяце, вторая Симеоновская в Сентябре. На оные купцы приезжают из Нежина, Борзны , Конотопу и Ични с разными мелочными товарами, как - то крамным дробязком, сапогами, разною посудою , вялою рыбою и прочим.",Черниговскаго Намѣстничества,Нѣжина,мѣстечко
120,636,342,"СЛАВГОРОДКА , слобода около города Вольного. В оной бывает шесть в году ярмарок: первая Генваря 7, вторая Апреля 23 , третия Июля 25, четвертая Августа 1 , пятая Ноября 21, шестая на Сырной неделе. Купцы приезжают на оные из окрестных городов, торгуют сукнами, шелковыми, бумажными и набойчатыми товарами, полотном, железом, посудою и прочим.",,,слобода
249,177,341,"ГРУНЬ , местечко Черниговского Наместничества в Гадяцком уезде. В оном бывает в году три ярмарки: первая в неделю Сырную, вторая в день Сошествия Святого Духа, третия Сентября 1, в день Св. Симеона Столпника. На оных торгуют разным скотом , хлебом и съестными припасами. Здесь также бывает недельный торг в Воскресенье большею частию хлебом.",Черниговскаго Намѣстничества,Гадяцкомъ уѣздѣ,мѣстечко
143,535,340,"ПИСАРЕВКА, слобода около городка Вольного. В оной бывает шесть ярмарок: первая в день Преполовения, вторая Июня 29, третия Сентября 8, четвертая Ноября 23, пятая Декабря 9, шестая в Сырную неделю. Купцы приезжают на оные из близ лежащих городов , и торгуют сукнами , шелковыми , бумажными и набойчатыми товарами, полотном , железом и прочим",,,слобода
283,136,338,"ВЫШГОРОД, село Московской Губернии в Верейском уезде. В оном бывают две ярмарки в году: первая в десятую пятницу , вторая Июля 2 числа ; на оные приезжают купцы из городов Вереи, Можайска и Боровска , и множество сходится крестьянства ; торгуют всякими съестными припасами и крестьянским товаром, какъ-то колесами, дегтем и тому подобным.",Московской Губерніи,Верейскомъ уѣздѣ,село
264,587,338,"РУБЕЖНАЯ , слобода Графа Гендрикова в Екатеринославском Наместничестве около слободы Салтовой. В оной годовые ярмарки бывают, первая Генваря 1, вторая в день Вознесения Господня, третия Июня 24, четвертая Июля 20; пятая Сентября 14. На сии торги съезжаются из близълежащих сел и слобод однодворцы и Черкасы , и торгуют мелочными товарами.",Екатеринославскомъ Намѣстничества,,слобода
187,617,338,"СЕМЕНДЕЕВО, село Тверского Наместничества в Кашинском уезде. В оном бывает ярмарка в пятничной день; да в той же отчине под монастырем в Троицын день и в десятую пятницу ; товары на оные привозят из уезду холсты льняные разные, да из городов Ярославля, Переславля Залеского, Углича приезжают купцы с мелочными всякими небогатыми товарами.",Тверскаго Намѣстничества,Кашинскомъ уѣздѣ,село
244,473,335,"НОВЫЕ МЛИНЫ, местечко Черниговского Наместничества в уезде города Нежина. Здесь бывает в году четыре ярмарки: первая Генваря 6, вторая 23 Апреля, третия 29 Июня, четвертая 8 Сентября. На оные приезжают купцы из Великороссийских и Малороссийских городов с разными мелочными товарами; жителижь продают хлеб, рыбу, соль Крымскую и прочее.",Черниговскаго Намѣстничества,Нѣжина,мѣстечко
36,709,334,"ТУХИ , село Киевского Наместничества в Миргородском уезде. В оном бывает в году один торговой съезд, состоящий из уездных жителей , торгующих разными мелочными товарами, там родящимися и делающимися , какъ-то хлебом, горячим вином , разным скотом, овчинами , кожами и проч. Иногда приезжают и Великороссийские купцы с красным товаром.",Кіевскаго Намѣстничества,Миргородскомъ уѣздѣ,село
124,517,329,"ПЕРЕВИЦКОЙ ТОРЖОК, село Рязанского Наместничества в Зарайском уезде. В оном на каждой неделе в один субботний день для торговли съезжаются Зарайского и других городов из уездов обыватели с хлебом, мясом, рыбою соленою и свежею, с деревянною посудою , саньми и колесами; а Зарайские купцы с москотильным и мелочным разным товаром.",Рязанскаго Намѣстничества,Зарайскомъ уѣздѣ,село
206,459,328,"МЯГКОЕ , село Тульского Наместничества в Каширском уезде. В оном во время десятой и одиннадцатой пятниц бывают ярмарки, на которые товары в продажу привозят из Каширы , Тулы , Серпухова , Венева и Зарайска по малому числу москотильной и мелочной; а от обывателей уездных в продаже бывает пенька , мед, воск и деревянное изделье.",Тульскаго Намѣстничества,Каширскомъ уѣздѣ,село
207,600,327,"САВИНИЦЫ, слобода Харьковского Наместничества в Изюмском уезде. Здесь бывают три ярмарки: первая Апреля 23, в день Великомученика Георгия; вторая Августа 15, в день успения; третия Ноября 8 , в день Архистратига Михаила. На оные приезжают купцы из разных Российских городов с шелковыми, бумажными, гарусными и прочими товарами.",Харьковскаго Намѣстничества,Изюмскомъ уѣздѣ,слобода
273,19,321,"АРГАМАЧЬЯ , слобода Орловского Наместничества в Елецком уезде. Здесь бывает ярмарка Сентября 8 дня, на которой торгуют Елецкие и других городов купцы с уездными обывателями всякими разными мелочными товарами и дегтем; а обыватели продают купцам и своей братьи лошадей, скотину, холст, съестные всякие припасы и рукоделия.",Орловскаго Намѣстничества,Елецкомъ уѣздѣ,слобода
277,803,319,"ЯРОСЛАВЛЬ, с 1777 года главный город Наместничества сего имени. В оном бывает годовая ярмарка Марта в 5 день , на которую съезжаются токмо крестьяне; в уезде сего города осмнадцать сел, в которых съезды торговые бывают, но все для крестьян ; из Низовых же городов приходят баржи с хлебом для отправления в С. Петербург.",Ярославль Намѣстничества,not_in_text,главный городъ
284,245,318,"ИВАНОВО , село Тульского Наместничества в Каширском уезде. Здесь бывает ярмарка Июня 29 дня; на оную товары в продажу привозятся из Каширы, Тулы, Серпухова, Веневы и из Зарайска по малому числу москотильные мелочные и съестные припасы, а от обывателей уездных в продаже бывает пенька , мед , воск , деревянное изделье.",Тульскаго Намѣстничества,Каширскомъ уѣздѣ,село
47,483,314,"ОДИНЦОВО, село Тульского Наместничества в Каширском уезде. В оном бывает ярмарка во время десятой и одиннадцатой пятнице; товары в продажу привозят из Каширы, Тулы, Серпухова, Венева, и Зарайска по малому числу москательные мелочные; от обывателей, уездных в продажебывает пенька , мед , воск , деревянное изделье.",Тульскаго Намѣстничества,Каширскомъ уѣздѣ,село
267,686,314,"ТЕШЕВСКОЙ, монастырь Орловского Наместничества в Елецком уезде. Здесь бывает ярмарка Июля в 23 день ; на оной торгуют Елецкие и дру их городов купцы с уездными обывателями разными мелочными товарами и дегтем; а обыватели продают купцам и своей братьи лошадей , скотину , холст, съестные всякие припасы и рукоделье.",Орловскаго Намѣстничества,Елецкомъ уѣздѣ,монастырь
27,543,313,"ПОДВОРГАЛЬСКОЕ , село Орловского Наместничества в Елецком уезде. Здесь бывает ярмарка Мая 21 дня; на сей ярмарке торгуют Елецкие и других городов купцы с уездными обывателями всякими разными мелочными товары ; обыватели продают купцам и своей братьи лошадей , скотину, холст и съестные всякие припасы и рукоделье.",Орловскаго Намѣстничества,Елецкомъ уѣздѣ,село
4,180,308,"ГУСТИНОВО, село Тульского Наместничества в Каширском уезде. Здесь бывает ярмарка Апреля 23 дня, на кокоторую товары привозят из Каширы , из Тулы, Серпухова, Венева и Зарайска по малому числу москотильной мелочнои , а паче от обывателей уездных в продаже бывает пенька, мед , воск и прочее деревянное изделье.",Тульскаго Намѣстничества,Каширскомъ уѣздѣ,село
189,530,306,"ПЕТРОВСКОЕ, село Орловского Наместничества в Елецком уезде. Здесь бывает ярмарка Июня 19 числа; на оной торгуют Елецкие купцы и других городов с уездными обывателями всякими разными мелочными товарами; а обыватели продают купцам и своей братьи лошадей, скотину, холст и съестные всякие припасы и рукоделье.",Орловскаго Намѣстничества,Елецкомъ уѣздѣ,село
98,312,305,"КОЗЛОВКА , село Тульского Наместничества в Каширском уезде. Здесь бывает ярмарка Мая 9 числа ; на оную товары в продажу привозятся из Каширы, Тулы, Серпухова, Ренева и Зарайска, по малому числу москотильные мелочнье, а впрочем от обывателей уездных в продаже бывает пенька, мед, воск , деревянное изделье.",Тульскаго Намѣстничества,Каширскомъ уѣздѣ,село
95,30,305,"БАЛАКЛЕЕВ , местечко Харьковского Наместничества в Изюмовском уезде. В оном бывает в году пять ярмарок: первая в неделю Ваий, вторая Июля 12, третия Августа 1, четвертая Сентября 23, пятая Декабря 6 чисел, на которые приезжают купцы из разных городов с шелковыми , бумажными, гарусными и прочими товарами.",Харьковскаго Намѣстничества,Изюмовскомъ уѣздѣ,мѣстечко
153,14,298,"АЛЕШНЯ, слобода Курского Наместничества в Белогородском уезде; в оной бывает в году три ярмарки : первая Июля 17, вторая Сентября 6, третия Декабря 4. Купцы на оные приезжают из ближайших городов; торгуют сукнами, шелковыми , бумажными и набойчатыми товарами , железом, полотном , посудою и прочим.",Курскаго Намѣстничества,Бѣлогородскомъ уѣздѣ,слобода
91,700,298,"ТРОИЦКАЯ СЕРГИЕВА, Лавра Московской Губернии, расстоянием от Москвы в 60 верстах. При оной ярмарки бывают: 1) в десятую пятницу, 2)в Троицын день, 3) Августа 15 числа, каждого года; на оных торгуют приезжие из разных Великороссийских городов купцы разными шелковыми , меховыми и мелочными товарами.",Московской Губерніи,,Лавра
259,727,295,"УХОЛОВО, ЯКИМЦА тожь, село Рижского Наместничества и уезду. В оном бывают в году три ярмарки , на которые купцы приезжают из ближних городов с шелковыми , бумажными , москотильными и прочими товарами не в большем числе, но более торгуют крестьяне холстом, колесами , деревянною посудою и прочим.",Рижскаго Намѣстничества,Рижскаго уѣздѣ,село
262,60,287,"БОЙНЯ, река Тверского Наместничества. На устье оной в уезде города Зубцова бывают в году две ярмарки: первая 20 Июля , в день Пророка Илии, вторая Августа 6, в день Преображения. Купцы приезжают из окрестных ближних городов с мелочными лавочными шелковыми , бумажными и прочими товарами.",Тверскаго Намѣстничества,Зубцова,рѣка
93,411,286,"МАРКУШЕВСКАЯ , Економическая деревня Архангельского Наместничества. Здесь бывает ярмарка Июля 8 дня; купцы приезжают из ближних городов с разными мелочными москотильными и прочими товарами, и покупают у крестъян их приуготовления, а иногда и мягкую рухлядь, также сало , холст и прочее.",Архангельскаго Намѣстничества,,деревня
49,420,282,"МЕГРА, погост Олонецкого Наместничества в уезде города Вытегры. Здесь бывает годовая ярмарка в день Рождества Христова , торгуют лавочными на оной товарами, но большею частию мягкою рухлядью, для которой купцы приезжают из разных Российских городов , в том числе и из С. Петербурга.",Олонецкаго Намѣстничества,Вытегры,погостъ
180,368,280,"ЛАДИНСКОЙ, девичий монастырь Черниговского Наместничества в Прилуцком уезде. Здесь бывает 1 Октября в день Покрова Богородицы ярмарка, на которой жители окольных мест торгуют своими произрастениями, какъ-то хлебом, разным скотом, съестными припасами и прочею крестьянскою мелочью.",Черниговскаго Намѣстничества,Прилуцкомъ уѣздѣ,дѣвичій монастырь
7,88,279,"БЕЛОЗЕРСКОЙ КИРИЛОВ монастырь, того же Наместничества в Белозерском уезде. При оном бывают три годовые ярмарки: первая Июня 9, называемая Кириловская, вторая Августа 15, успенская, третия Ноября 21, Веденская; сюда приезжают из разных Российских городов купцы с разными товарами.",Новогородскаго Намѣстничества,Бѣлозерскомъ уѣздѣ,монастырь
289,702,278,"ТРОИЦКОЙ, монастырь Тамбовского Наместничества в Козловском уезде. При нем бывает в году две ярмарки: и) в день Сошествия Святого Духа, 2) в день Успения Богородицы. На оные приезжают купцы из Тамбова и Зарайска с шелковыми и другими мелкими товарами , и торгуют не более суток.",Тамбовскаго Намѣстничества,Козловскомъ уѣздѣ,монастырь
71,514,274,"ПАФНУТЬЕВ , монастырь Калужского Наместничества при городе Боровске. Подле сего монастыря бывают годовые ярмарки, первая о девятой пятнице, другая же Сентября 8 дня , в праздник Рождества Пресвятые Богородицы ; приезжают на оные купцы из разных городов с мелочными товарами.",Калужскаго Намѣстничества,,монастырь
234,500,271,"ОРЛОВ, слобода Воронежского Наместничества. Здесь бывает в году одна ярмарка, называемая Вознесенская , в Маие месяце; торг продолжается пять дней; приезжают купцы из окрестных городов, и торгуют разными шелковыми товарами , сукнами , а по большей части мелочными вещами.",Воронежскаго Намѣстничества,,слобода
126,460,269,"НАБДИН, погост Псковского Наместничества в Великолуцком уезде. Здесь бывает годовая ярмарка Декабря 25 дня, на коей от обывателей продаются кожи, лен, пенька, мед и прочия тому подобные вещи; а от Великолуцких, Торопецких Псковских купцов разные мелкие шелковые товары.",Псковскаго Намѣстничества,Великолуцкомъ уѣздѣ,погостъ
60,322,264,"КОНСТАНТИНОВСКОЕ , село Тверского Наместничества в Кашинском уезде. Здесь бывает ярмарка Августа 15 дня; товары привозят из уезду холсты льняные разные, да из городов Ярославля, Переславля Залеского и Углича купцы приезжают с мелочными всякими небогатыми товарами.",Тверскаго Намѣстничества,Кашинскомъ уѣздѣ,село
255,279,264,"КАРПОВКА, АРХАНГЕЛЬСКОЕ тожь, село Рязанского Наместничества в Донковском уезде. Здесь бывают в году две ярмарки: первая в день Архангела Михаила Ноября 8, вторая в день Чудотворца Николая , Декабря 6; приезжают сюда купцы и крестьяне с разными мелочными товарами.",Рязанскаго Намѣстничества,Донковскомъ уѣздѣ,село
136,202,263,"ДУБРОВКИ, село того же Наместничества в Темниковском уезде. Здесь бывает одна в году ярмарка, кроме еженедельных торгов, на седьмой неделе по Пасхе во вторник. Сюда приезжают купцы из окрестных городов с шелковыми и бумажными товарами, хлебом и прочими припасами.",Тамбовскаго Намѣстничества,Темниковскомъ уѣздѣ,село
179,301,261,"КЛЮЧЕВСКАЯ , пустыня Синбирского Наместничества в Алатырьском уезде. Здесь бывает в день Казанския Богородицы ярмарка, на которую приезжают со всякими шелковыми и прочими товарами из Москвы и из других городов купцы, такожь крестьяне со своими приуготовлениями.",Синбирскаго Намѣстничества,Алатырьскомъ уѣздѣ,пустыня
90,662,256,"СТАРЦОВ УГОЛ, или КОГУЕВА , пустыня Симбирского Наместничества в Алатырьском уезде. Здесь бывает ярмарка в день Преображения Господня ; на ту ярмарку приезжают со всякими шелковыми и прочими товарами из Москвы и из других городов купцы, такожь и крестьяне.",Симбирскаго Намѣстничества,Алатырьскомъ уѣздѣ,пустыня
116,23,256,"АРХАНГЕЛЬСКОЕ, ЗМЕЕВКА тожь, село Рязанского Наместничества в Донковском уезде ; в оном бывают в году две ярмарки: первая Февраля 2 в день Сретения Господня , вторая Ноября 8, в день Архистратига Михаила. Сюда приезжают купцы с разными мелочными. товарами.",Рязанскаго Намѣстничества,Донковскомъ уѣздѣ,село
280,478,254,"НУРОМСКОЙ , монастырь Вологодского Наместничества и уезду. Здесь бывает ярмарка Августа 1 числа, на которойпокупка и продажа происходишь разных мелочных москотильных и прочих крестьянами приуготовленных товаров, как - то сада, холста, мякотиных и прочих.",Вологодскаго Намѣстничества,Вологодскаго уѣздѣ,монастырь
74,677,254,"ТАРНЯНСКОЙ, городок Кокшайской четверти в уезде города Ваги. Бывает здесь годовая ярмарка, начинающаяся с 1 Генваря и продолжающаяся до 7 дня того же месяца. Купцы приезжают на оные из ближних городов с разными мелочными москотильными и прочими товарами.",,Ваги,городокъ
108,531,254,"ПЕТРОМА, село Ярославского Наместничества в Пошехонском уезде. В оном бывают две годовые ярмарки: первая Троицкая, вторая Ивановская , то есть 26 Сентября; приезжают на оные купцы из соседственных городов с разными шелковыми мелочными и прочими товарами.",Ярославскаго Намѣстничества,Пошехонскомъ уѣздѣ,село
222,339,253,"КРАСНОЕ , село Орловского Наместничества в Ливенском уезде. В оном бывает в году ярмарка 30 Июля. Сюда приезжают окрестных городов купцы и разночинцы с шелковыми товарами и другими , но по большей части мелочными , также и крестьяне со своими издельями.",Орловскаго Намѣстничества,Ливенскомъ уѣздѣ,село
199,763,252,"ЧЕРНАВСК, слобода Воронежского Наместничества. Здесь бывает одна в году ярмарка в день Сретения Иконы Владимирския Богородицы , то есть Июня 23 дня; на оную приезжают купцы из ближних городов с мелкими товарами, и продолжается оная только половину дня.",Воронежскаго Намѣстничества,,слобода
239,750,252,"ЦУРУХАТАЕВСКОЙ , форпост Иркутского Наместничества в Нерчинском уезде. Здесь бывает ярмарка в Июне и Июле месяцах ; торг происходит у Российского и Сибирского купечества с приезжающими Китайцами проме-ном Российских, а выменом разных Китайских товаров.",Иркутскаго Намѣстничества,Нерчинскомъ уѣздѣ,форпостъ
28,7,252,"АКСЕЛЬ, село Тамбовского Наместничества в Темниковском уезде. Здесь бывает годовая ярмарка, сверх еженедельных торгов, в одинадцатую пятницу по Пасхе; купцы сюда приезжают из ближних городов с шелковыми и бумажными товарами, хлебом и прочими припасами.",Тамбовскаго Намѣстничества,Темниковскомъ уѣздѣ,село
81,611,246,"СВИРСКОЙ АЛЕКСАНДРОВСКОЙ , монастырь в Олонецком уезде. При оном бывает годовая ярмарка в день Сошествия Святого Духа, Августа 30. Сюда для торгу приезжают купцы из разных Российских городов с шелковыми , бумажными , гарусными и прочими товарами.",,Олонецкомъ уѣздѣ,монастырь
200,352,245,"КРИВЦО , село Ярославского Наместничества и уезду. Здесь бывает годовая Никольская ярмарка Декабря в 5 день; крестьяне привозят и продают свиное сало, масло коровье, гусей, кожи сырые и овчины; купецкие же люди ни с какими товарами не приезжают.",Ярославскаго Намѣстничества,Ярославскаго уѣздѣ,село
72,529,244,"ПЕТРОВСКАЯ, слобода Вологодского Наместничества и уезду. Здесь бывает одна в году ярмарка в Июне месяце на Рождество Иоанна Предтечи. Сюда приезжают купцы Вологодские, Устюжские и Тотемские для покупки холстов и продажи разных мелочных товаров.",Вологодскаго Намѣстничества,Вологодскаго уѣздѣ,слобода
96,502,244,"ОСКИНО , село Воронежского Наместничества в Коротоякском уезде. Здесь на первойнадесять неделе по Пасхе в пятницу бывает ярмарка продают шелковые и бумажные товары малым чмелом; и по большей части съезжаются крестьяне с их товарами и издельями.",Воронежскаго Намѣстничества,Коротоякскомъ уѣздѣ,село
182,515,244,"ПЕНА, слобода в окольности городка Карпова. В оной бывают ярмарки после Рождества на Всеедной неделе в субботу, Июня 24 и Сентября 14, продолжающияся по одному дню. Купцы приезжают на оные из близ лежащих городов с лавочными мелочными товарами.",,,слобода
184,252,243,"ИГРИЩИ , село Ярославского Наместничества и уезду. В сем селе бывает годовая ярмарка в Сентябре месяце ; съезжаются купцы из ближних городов, как - то Ярославля, Ростова , Романова , Углича , Борисоглебска , Рыбного , Мологи и слободы Норской.",Ярославскаго Намѣстничества,Ярославскаго уѣздѣ,село
75,80,243,"БУШНРВО , село Костромского Наместничества около Парфентьевой слободы. В сем селе бывает в году две ярмарки : первая по Пасхе на десятой неделе, вторая Июля 8 числа; на оные приезжают купцы из близ лежащих городов с разными мелочными товарами.",Костромскаго Намѣстничества,,село
5,18,239,"АПИЧЕРСКАЯ, пустыня Синбирского Наместничества в Алатырьском уезде; здесь бывает ярмарка в день Каванския Богородицы. На сию ярмарку приезжают со всякими шелковыми и прочими товарами из Москвы и из других городов купцы, такожь и крестьяне.",Синбирскаго Намѣстничества,Алатырьскомъ уѣздѣ,пустыня
99,585,239,"РОПСК , местечко Новогородского - Северского Наместничества в Стародубовском уезде. В оном бывает в год три ярмарки, на которые съезжаются из окольных мест купцы с красными и другими мелочными товарами , также бывают и еженедельные торжки.",Новогородскаго - Сѣверскаго Намѣстничества,Стародубовскомъ уѣздѣ,мѣстечко
308,299,238,"КИАТА, село Казанского Наместничества в Свиажском уезде. В оном бывает в каждый год ярмарка в Июне месяце дней по пяти. Сюда приезжают разных городов Российские купцы с Российскими и иностранными товарами, также меняют и покупают лошадей.",Казанскаго Намѣстничества,Свіажскомъ уѣздѣ,село
160,795,237,"ЯЗЫКОВО, село Синбирского Наместничества в Курмышском уезде. Бывает здесь ярмарка в день Происхождения Честных Древ; на ту ярмарку приезжают со всякими шелковыми и прочими товарами из Москвы и из других городов купцы , также и крестьяне.",Синбирскаго Намѣстничества,Курмышскомъ уѣздѣ,село
243,132,237,"ВЫСОКОЕ, село Тверского Наместничества в Кашинском уезде. В оном бывает ярмарка Сентября 8 дня, на которую привозят из уезду холсты льняные разные, да из городов Ярославля , Переславля Залеского и Углича мелочные всякие небогатые товары.",Тверскаго Намѣстничества,Кашинскомъ уѣздѣ,село
235,546,236,"ПОКРОВСКОЕ, Економическое село Казанского Наместничества в уезде города Козьмодемьянска. Здесь бывает одна в году ярмарка, которая продолжается не более четырех дней , и на которой торгуют разными шелковыми и прочими мелочными товарами.",Казанскаго Намѣстничества,Козьмодемьянска,Економическое село
306,730,232,"ФЛОРИЩЕВА, пустыня Володимерского Наместничества в Гороховецком уезде. Здесь бывает ярмарка прежде праздника Успения Пресвятые Богородицы дней за пять, на которую привозят холст и прочие мелочные Российские товары, также и шелковые.",Володимерскаго Намѣстничества,Гороховецком уѣздѣ,пустыня
1,708,227,"ТУРКИ , село Пензенского Наместничества в уезде города Керенска. Здесь бываетв году ярмарка в Июле месяце , на которую приезжают из ближних городов с разными мелочными товарами; торгуют также лошадьми , рогатым скотом и прочим.",Пензенскаго Намѣстничества,Керенска,село
113,222,223,"ЕРЕМЕЕВКА, местечко Киевского Наместничества в Лубенском уезде. Здесь бывает в год четыре ярмарки : первая в день Преполовения Господня , вторая в день Петра и Павла, третия в день Св. Димитрия, четвертая о всеедной неделе.",Кіевскаго Намѣстничества,Лубенскомъ уѣздѣ,мѣстечко
133,403,221,"МАКАРОВО , село того же Наместничества в Керенском уезде. Здесь бывает ярмарка в году в Июле месяце; на оную купцы приезжают из блИз лежащих городов с мелочными товарами ; торгуют также лошадьми , рогатым скотом и прочим.",Пензенскаго Намѣстничества,Керенскомъ уѣздѣ,село
83,684,220,"ТЕРЕШКОВО, село Тверского Наместничества в Зубцовском уезде. В нем бывает годовая ярмарка Мая 20, в день Алексея Митрополита; на оную приезжают купцы из окрестных ближних городов с мелочными шелковыми и прочими товарами.",Тверскаго Намѣстничества,Зубцовскомъ уѣздѣ,село
70,249,220,"ИВАНОВСКОЕ, село Калужского Наместничества близ города Малого Ярославца. Здесь бывает годовая ярмарка Июня 24 дня, на которую собираются купцы из Малого Ярославца и из Боровскаа, торгуют мелочными крестьянскими товарами.",Калужскаго Намѣстничества,,село
260,631,220,"СИМЕОНОВКА , местечко Новогородского - Северского Наместничества. В оном бывает в год три ярмарки, на которые съезжаются из окольных мест купцы с красныни и другими мелочными товарами; также бывают и еженедельные торжки.",Новогородскаго - Сѣверскаго Намѣстничества,,мѣстечко
172,706,219,"ТУРЕЦКАЯ треть, или волость Вологодского Наместничества в уезде города Яренска. Здесь бывает ярмарка Февраля с 15 дня по Марте месяц; скупают здесь купцы по большей части заготовленную и свезенную сюда крестьянами рыбу.",Вологодскаго Намѣстничества,Яренска,треть
122,232,215,"ЗАРУБИНО, село Иркутского Наместничества в уезде города Киренска. Ярмарка бывает здесь в Июне месяце; купцы приезжают из ближних городов с разными мелочными товарами; торгуют также лошадьми, рогатым скотом и прочим.",Иркутскаго Намѣстничества,Киренска,село
76,395,213,"ЛЕВЫЕ ЛАМКИ, село Тамбовского Наместничества в уезде города Козлова. Здесь бывает одна годовая ярмарка Июля 8, в день праздника Казанския Богородицы. На оную приезжают окрестные купцы с разными мелочными товарами.",Тамбовскаго Намѣстничества,Козлова,село
257,753,212,"ЧАСОВНЯ АПОСТОЛА ФОМЫ, принадлежащая к Дворцовым волостям Псковского Наместничества в уезде города Острова. При оной бывает ярмарка в Апреле месяце ; купцы приезжают из близ лежащих городов с недорогими товарами.",Псковскаго Намѣстничества,Острова,чацовня
145,120,211,"ВОЛЧЬЯ , слобода Харьковского Наместничества и уезду. Здесь бывают ярмарки Сентября 6, Октября 14, Декабря 9, Генваря 27, Марта 9, Мая 11, Июля 24; торгуют купцы мелочными товарами, вином, пивом, медом и прочим.",Харьковскаго Намѣстничества,Харьковскаго уѣздѣ,слобода
30,470,211,"НОВОЕЗЕРСКОЙ КИРИЛОВ, монастырь Новогородского Наместничества в уезде города Белозерска. Здесь бывает годовая ярмарка Марта 17, называемая Алексеевская. Сюда съезжаются разных Российских городов купцы для торгу.",Новогородскаго Намѣстничества,Бѣлозерска,монастырь
238,374,211,"ЛАПСТРАНД , кирка Выборгского Наместничества и уезду. Здесь бывает ярмарка осенью в Сентябре месяце ; на оную приезжают Нейшлотского и Выборгского уездов из кирок Чухны с смолою , с маслом, с салом и с скотиною.",Выборгскаго Намѣстничества,Выборгскаго уѣздѣ,кирка
119,746,210,"ХРУЩОВО, село Рязанского Наместничества в уезде города Донкова. Здесь бывают в году две ярмарки: первая Мая 9, вторая Августа 16 дня; приезжают на оные купцы с разными мелочными товарами , также и крестьянство.",Рязанскаго Намѣстничества,Донкова,село
80,735,210,"ХАТОМЛЬ, слобода в уезде города Харькова. Здесь бывают ярмарки: Февраля 2, Марта 25 , Мая 9, Июня 14, Июля 27, Сентября 1, Октября 26 , Декабря 6; торгуют купцы мелочными товарами, вином, пивом, медом и прочим.",,Харькова,слобода
193,786,208,"ШУНГСКОЙ, погост Олонецкого Наместничества в Повенецком уезде. В оном бывают в году две ярмарки: первая Генваря 6, вторая Марта 25, на кои приезжают купцы с шелковыми, бумажными, гарусными и прочими товарами.",Олонецкаго Намѣстничества,Повѣнецкомъ уѣздѣ,погостъ
87,41,208,"БЕРЕЗОВЦА, село Костромского Наместничества в Чухломском уезде. В нем бывает ярмарка в день Воздвижения честного креста Господня ; приезжают на оную из окрестных городов купцы с малым числом лавочных товаров.",Костромскаго Намѣстничества,Чухломскомъ уѣздѣ,село
248,464,207,"НЕВЕЛЬ , город Полотского Наместничества. В нем бывают в году четыре ярмарки: первая в день Богоявления, вторая в первую неделю великого поста, третия в пяток пред днем Пророка Илии, четвертая Декабря 6 дня.",Полотскаго Намѣстничества,,городъ
261,614,206,"СВЯТОЕ МЕСТО , слобода Казанского Наместничества в уезде города Царевококшайска. Здесь бывает ярмарка в Августе месяце; торгуют шелковыми, бумажными, железными, медными и прочими товарами, также и лошадьми.",Казанскаго Намѣстничества,Царевококшайска,слобода
269,683,206,"ТЕПЛОГОРСКАЯ БОГОРОДИЦКАЯ , пустыня Вологодского Наместничества в уезде Устюга Великого. Здесь бывает в году одна ярмарка, на которую приезжают купцы из разных городов по большей части с мелочными товарами.",Вологодскаго Намѣстничества,not_in_text,пустыня
241,311,205,"КОЗЛОВ, город Тамбовского Наместничества. В нем бывают в году две ярмарки: Августа 15 и Сентября 14 числа ; на оных торгуют по два дни обыкновенными крестьянскими товарами , а из приезжих купцов не бывает.",Тамбовскаго Намѣстничества,,городъ
21,615,204,"СЕБЕЖ, с 1778 году город Полотского Наместничества. В сем городе бывает ь году четыре ярмарки: первая в день Богоявления, вторая в первую неделю великого поста, третия Августа 1 , четвертая Апреля 23 дня.",Полотскаго Намѣстничества,,городъ
161,513,204,"ПАРФЕНЬЕВА, слобода Костромского Наместничества. В оной бывает в году две ярмарки : первая по Пасхе на девятой неделе, вторая Июля 25; на оные приезжают купцы из близ лежащих городов с мелочными товарами.",Костромскаго Намѣстничества,,слобода
300,725,202,"УТВЫМСКАЯ, волость Вологодского Наместничества в уезде города Яренска. Здесь бывает ярмарка Генваря с 24 Февраля по 5 число, на которую приезжают купцы из разных Российских городов с лавочными товарами.",Вологодскаго Намѣстничества,Яренска,волость
89,553,202,"ПОРЕЧЬЕ, село Тверского Наместничества в Бежецком уезде. Здесь кроме годовой ярмарки бывают еженедельные торжки , на которые из уездов обыватели привозят всякой хлеб и прочие сырейные и съестные товары.",Тверскаго Намѣстничества,Бѣжецкомъ уѣздѣ,село
186,638,202,"СЛОЛЬЦА КОЛЕСНАЯ, слобода Псковского Наместничества в уезде города Порхова. Здесь бывает 20 Июля ярмарка ; на оную съезжаются из Новагорода и из Старой Рузы купцы с разными шелковыми мелочными товарами.",Псковскаго Намѣстничества,Порхова,слобода
218,592,199,"РЫЖКОВО, село Калужского Наместничества в Боровском уезде. Здесь бывает годовая ярмарка Августа 15 дня, в праздник успения Пресвятые Богородицы ; приезжают купцы с разными товарами из разных городов.",Калужскаго Намѣстничества,Боровскомъ уѣздѣ,село
175,570,199,"ПЯТНИЦКОЕ, что на КОЛПИНЕ , село Тульского Наместничества в уезде города Новосиля. В оном селе бывает два раза ярмарка, в девятую и десятую пятницы по Пасхе; торгуют купцы разными мелочными товарами.",Тульскаго Намѣстничества,Новосиля,село
15,257,198,"ИНЖАВЕНЬЕ, село разных Помещиков Тамбовского Наместничества в Шатском уезде. Здесь бывают ярмарки в девятую , десятую и одинадцатую пятницы по Пасхе; на оных торгуют купцы холстом, пенькою и прочим.",Тамбовскаго Намѣстничества,Шатскомъ уѣздѣ,село
115,633,198,"СИНСКОЙ, погосте Псковского Наместничества в уезде города Острова. Здесь бывает в году две ярмарки: первая в Июне , вторая в Октябре ; купцы приезжают на оные из Пскова с разными мелочными товарами.",Псковскаго Намѣстничества,Острова,погостѣ
174,610,197,"СВИНСКОЙ, монастырь в трех верстах от города Брянска. Здесь бывает каждой год 15 Августа великая ярмарка, которая целой месяце продолжается ; на оную съезжается множество купцов из отдаленных мест.",,,монастырь
147,780,196,"ШИПИНО , село Тверского Наместничества в Бежецком уезде. Здесь бывает годовая ярмарка на 14 число Сентября, на которую из уездов обыватели привозят всякой хлеб и прочие сырейные и съестные товары.",Тверскаго Намѣстничества,Бѣжецкомъ уѣздѣ,село
183,201,195,"ДУБОВОЕ , село Тамбовского Наместничества в Козловском уезде. Здесь бывает годовая ярмарка в день Чудотворца Николая Мая 9, куда приезжают купцы близ лежащих городов с разными мелочными товарами.",Тамбовскаго Намѣстничества,Козловскомъ уѣздѣ,село
62,740,193,"ХОЛМ У СПАСА, село Тверского Наместничества в Бежецком уезде. Здесь бывает еженедельной торг по вторникам, на которой уездные обыватели привозят всякой хлеб и прочие сырейные и съестные товары.",Тверскаго Намѣстничества,Бѣжецкомъ уѣздѣ,село
226,673,192,"СЫЗРАНЬ, с 1780 году город Синбирского Наместничества. Здесь бывает съезд Июля в 8 число крестьянству с хлебом, с рогатою и мелкою скотиною , съестными припасами и прочими мелочными товарами. ",Синбирскаго Намѣстничества,,городъ
114,712,192,"УДА , река Иркутского Наместничества. Вверх по ней при речке Ане бывает съезд в Августе, Сентябре и Октябре месяцах; здесь скупают купцы у Братских и иноверцев всякую мягкую рухлядь на деньги.",Иркутскаго Намѣстничества,,рѣка
86,105,192,"ВЕНЕВСКОЙ НИКОЛАЕВСКОЙ, монастырь Тульского Наместничества и уезду. Здесь бывает годовая ярмарка Августа 15 дня , на которую приезжают с товарами из Тулы , Венева и. из ближних сел и деревень.",Тульскаго Намѣстничества,Тульскаго уѣздѣ,монастырь
44,768,192,"ЧЕРНЕЕВ НИКОЛАЕВСКОЙ, монастырь Тамбовского Наместничества в уезде города Шатска. Здесь бывает в году ярмарка Мая 9; торгуют разными внутренними товарами, холстом, пенькою , шерстью и прочими.",Тамбовскаго Намѣстничества,Шатска,монастырь
296,607,191,"САСОВО, село разных Господ. Тамбовского Наместничества в Шатском уезде. Здесь бывает ярмарка в день Первоверховных Апостол Петра и Павла Июня 29 ; торгуют холстами, пенькою и прочими мелочми.",Тамбовскаго Намѣстничества,Шатскомъ уѣздѣ,село
103,713,191,"УЗЕЛЬ, местечко Полотского Наместничества в уезде города Динабурга. В сем месте бывают в году три ярмарки, на коих торгуют Рижского Дворца крестьяне разными мелочными товарами, вином и пивом.",Полотскаго Намѣстничества,Динабурга,мѣстечко
276,666,191,"СТЫРНЯНЬИ, местечко Полотского Наместничества в Динабургском уезде. В сем месте бывают в году две ярмарки, на коих торгуют Рижского Дворца крестьяне разными мелочными товарами, вином и пивом.",Полотскаго Намѣстничества,Динабургскомъ уѣздѣ,мѣстечко
41,349,189,"КРЕСЛАВЛЬ, местечко Полотского Наместничества в уезде города Динабурга. В сем месте бывают в году три ярмарки ; торгуют Рижского Дворца крестьяне разными мелочными товарами , вином и пивом.",Полотскаго Намѣстничества,Динабурга,мѣстечко
155,246,189,"ИВАНОВО, село Владимерского Наместничества в Суздальском уезде. Здесь бывает годовая ярмарка Сентября 14 дня, на которой разных городов купцы торгуют разными мелочными купеческими товарами.",Владимерскаго Намѣстничества,Суздальскомъ уѣздѣ,село
57,372,189,"ЛАКНОВАТЬ, погост Псковского Наместничества в Великолуцком уезде. Здесь бывает ярмарка Генваря 6 числа; на оной от обывателей продаются кожи, лен, пенька, мед и прочия тому подобные вещи; а",Псковскаго Намѣстничества,Великолуцкомъ уѣздѣ,погостъ
158,36,188,"БАХМАЧЬ, местечко того же Наместничества и уезду. В оном бывает ярмарка в день Преображения; приезжают для торговли на оную из ближних мест с солью, рыбою , горячим вином , пивом и прочим.",Новогородскаго - Сѣверскаго Намѣстничества,Новогородскаго - Сѣверскаго уѣздѣ,мѣстечко
168,654,188,"СТАЛЕРОВЧИЗНА, местечко Полотского Наместничества в Динабургском уезде. В сем месте бывает в году три ярмарки : торгуют Рижского Дворца крестьяне разными мелочными товарами, вином и пивом.",Полотскаго Намѣстничества,Динабургскомъ уѣздѣ,мѣстечко
227,492,188,"ОЛЫШАНАЯ, слобода в уезде города Харькова. Здесь бывают ярмарки в неделю Ваий, на Троицыной неделе, Сентября 8 , Октября 26 ; торгуют купцы мелочным товаром , вином, пивом, медом и прочим.",,Харькова,слобода
271,147,187,"ГАТНИЦЫ , ПАВШИНО тожь , село Тульского Наместничества в уезде города Алексина. В оном бывают ярмарки Июля 8, на Сырной неделе ко вторник. Здесь торгуют купцы крестьянам нужными товарами.",Тульскаго Намѣстничества,Алексина,село
66,401,187,"ЛЯУДЕРА , местечко Полотского Наместничества в уезде города Динабурга. В сем месте бывают в году две ярмарки ; торгуют Рижского Дверца крестьяне разными мелочными товарами, вином и пивом.",Полотскаго Намѣстничества,Динабурга,мѣстечко
79,173,187,"ГРЕБЕНИШКИ , местечко Полотского Наместничества в Динабургском уезде. В сем месте бывают в году две ярмарки ; торгуют Рижского Дворца крестьяне разными мелочными товарами , вином и пивом.",Полотскаго Намѣстничества,Динабургскомъ уѣздѣ,мѣстечко
231,353,187,"КРИЖБУРГ, местечко Полотского Наместничества в уезде города Динабурга; в сем месте бывают в году три ярмарки, торгуют Рижского Дворца крестьяне разными мелочными товарами , вином в пивом.",Полотскаго Намѣстничества,Динабурга,мѣстечко
25,435,187,"МИХАЙЛОВКА, слобода Курского Наместничества. В оной бывает одна в году ярмарка в день С. Апостолов Петра и Павла, на которую со всех украинских городов приезжают купцы с разными товарами.",Курскаго Намѣстничества,,слобода
26,409,187,"МАЛЫКОВА, местечко Полотского Наместничества в уезде города Динабурга. В сем месте бывает в году одна ярмарка; торгуют Рижского Дворца крестьяне разными мелочными товарами, вином и пивом.",Полотскаго Намѣстничества,Динабурга,мѣстечко
278,272,186,"КАМЕНЕЦ, местечко Полотского Наместничества в уезде города Динабурга. В сем. месте бывают три ярмарки в году; торгуют Рижского Дворца крестьяне разными мелочными товарами, вином и пивом.",Полотскаго Намѣстничества,Динабурга,мѣстечко
305,205,185,"ДУКШТИЛАГ, местечко Полотского Наместничества в Динабургском уезде. В сем месте бывают в году две ярмарки ; торгуют Рижского Дворца крестьяне разными мелочными товарами , вином и пивом.",Полотскаго Намѣстничества,Динабургскомъ уѣздѣ,мѣстечко
152,505,185,"ОСТЕР, город Киевского Наместничества. В оном, кроме еженедельных по понедельникам и пятницам торгов , бывает в году две ярмарки : одна в Новой год, а другая о десятой пятнице по Пасхе.",Кіевскаго Намѣстничества,,городъ
253,634,184,"СИНЯВКИ , местечко Черниговского Наместничества и уезду. В оном бывают еженедельные по субботам торжки , на которых торгуют окольные жители мелочными товарами, хлебом и другими вещами.",Черниговскаго Намѣстничества,Черниговскаго уѣздѣ,мѣстечко
159,695,183,"ТОРЖОК, с 1775 году город Тверского Наместничества. Здесь бывают в году три ярмарки : первая Генваря 6, вторая первой недели великого поста в Воскресенье, третия Сентября 15 числа.   ",Тверскаго Намѣстничества,,городъ
203,144,183,"ГАГАРИНО , село Тамбовского Наместничества в Шатском уезде. Бывает здесь годовая ярмарка на десятой неделе по Пасхе в пятницу; торгуют холстом , пенькою , шерстью и прочими мелочными.",Тамбовскаго Намѣстничества,Шатскомъ уѣздѣ,село
54,187,183,"ДЕРГАЧИ, слобода Харьковского Наместничества и уезду. Здесь бывают ярмарки Сентября 26, Генваря 1. Торгуют купцы разными мелочными лавочными товарами , вином , пивом , медом и прочим.",Харьковскаго Намѣстничества,Харьковскаго уѣздѣ,слобода
204,269,183,"КАЗАНСКОЙ БОГОРОДИЦКОЙ , монастырь Пензенского Наместничества, от города Нижеломова в полуторе версте. Здесь бывает годовая ярмарка Июля с 1, и продолжается по 9 число тогожь. месяца.",Пензенскаго Намѣстничества,,монастырь
210,436,182,"МИХАЙЛОВСКОЙ, погост Псковского Наместничества в уезде города Острова. Здесь бывает в году две ярмарки , в Сентябре и Ноябре ; купцы приезжают из Пскова с разными мелочными товарами.",Псковскаго Намѣстничества,Острова,погостъ
156,131,182,"ВЫСОКОЕ, село Московской Губернии в Волоколамском уезде , в котором есть небольшой ряд , и в оном производится продажа всякого щепетильного товару, деревянной посуды , хлеба и хмелю,",Московской Губерніи,Волоколамскомъ уѣздѣ,село
38,474,182,"НОВОНИКОЛЬСКОЕ, САМОДУРОВКА тожь, село Рязанского Наместничества в уезде города Сапожка. Бывает в оном годовая ярмарка в девятую пятницу по Пасхе; торгуют разными мелочными товарами.",Рязанскаго Намѣстничества,Сапожка,село
224,98,181,"БАРКОВ, местечко Полотского Наместничества в Динабургском уезде. В сем месте бывает в году две ярмарки; торгуют Рижского Дворца крестьяне разными мелочными товарами , вином и пивом.",Полотскаго Намѣстничества,Динабургскомъ уѣздѣ,мѣстечко
309,523,181,"ПЕРМЬ, главный город Наместничества сего имени. В нем, кроме еженедельного по воскресным дням торгу, бывают в году три ярмарки: первая 29 Июня, вторая 20 Сентября, третия 24 Ноября.",Пермь Намѣстничества,,главный городъ
266,351,181,"КРИВОНАВОЛОЦКАЯ, деревня Вологодского Наместничества в Яренском уезде. Здесь бывает ярмарка Генваря с 6 по 13 число; на оной по большей части закупают промышленную крестьянами рыбу.",Вологодскаго Намѣстничества,Яренскомъ уѣздѣ,деревня
196,778,178,"ШАТСК, с 1779 году город Тамбовского Наместничества. В оном бывает в году одна ярмарка на десятой неделе по Пасхе в пятницу; на оной торгуют холстом, пенькою и прочими мелочными.",Тамбовскаго Намѣстничества,,городъ
8,277,178,"КАРМ, местечко Могилевского Наместничества в уезде города Рогачева. Здесь бывает в году четыре ярмарки: первая Мая 9, вторая Августа 15, третия Октября 1, четвертая Ноября 1 дня.",Могилевскаго Намѣстничества,Рогачева,мѣстечко
191,804,177,"ЯШ, местечко Полотского Наместничества в Динабургском уезде, В сем месте бывают в году три ярмарки; торгуют Рижского Дворца крестьяне разными мелочными товарами , вином и пивом.",Полотскаго Намѣстничества,Динабургскомъ уѣздѣ,мѣстечко
35,209,176,"ДЕДИЛОВ, слобода Тульского Наместничества в Белевском уезде. Здесь бывает ярмарка Июля 5 и 16 чисел; приезжают на оную из ближних городов с мелочными для крестьянства товарами.",Тульскаго Намѣстничества,Бѣлевскомъ уѣздѣ,слобода
100,251,174,"ИВИЦА , слобода Курского Наместничества в Короченском уезде. В оной бывает в году две ярмарки: первая Июня 29, вторая Июля 20 дня; на оные купцы приезжают с разными товарами.",Курскаго Намѣстничества,Короченскомъ уѣздѣ,слобода
225,316,174,"КОЛЮПАНОВКА, село Тульского Наместничества в 7 верстах от Алексина. Здесь бывает ярмарка Июля 8 числа, на которую приезжают купцы из Алексина с мелкими для крестьян товарами.",Тульскаго Намѣстничества,,село
258,76,173,"БУДИЧЬ, местечко Екатеринославского Наместничества в Полотавском уезде. В оном бывает в году, сверх еженедельных торжков, две ярмарки: одна Июля 8, а другая Сентября 26 дня.",Екатеринославскаго Намѣстничества,Полотавскомъ уѣздѣ,мѣстечко
73,690,170,"ТИХОНОВА, пустыня Орловского Наместничества в Карачевском уезде. Здесь бывает ярмарка Июня 16 дня, на которую привозит разных городов купечество шелковые и прочие товары.",Орловскаго Намѣстничества,Карачевскомъ уѣздѣ,пустыня
164,580,170,"РОГАЧЕВО , Економическое село Московской Губернии в Дмитровском уезде. В оном ряды имеются и торжке, и бывает в году две ярмарки : первая Мая 9, вторая о десятой пятнице.",Московской Губерніи,Дмитровскомъ уѣздѣ,Економическое село
134,318,169,"КОМЛИЧКИ , село Киевского Наместничества в Лубенском уезде. В оном бывает в году две ярмарки : одна после Пасхи на Фоминой неделе , другая в день Великомученицы Варвары.",Кіевскаго Намѣстничества,Лубенскомъ уѣздѣ,село
29,34,169,"БАТРАК, село Синбирского Наместничества ниже города Сызрани. В нем с 29 Июня по 12 Июля бывает годовая ярмарка, на которую особливо привозят много уральской рыбы и икры.",Синбирскаго Намѣстничества,,село
2,383,169,"ЛИПЦЫ, слобода в уезде города Харькова. Здесь бывают ярмарки Мая 9, Июня 29, Сентября 1, Декабря 6; торгуют купцы разным мелочным товаром, медом, пивом , вином и прочим.",,Харькова,слобода
139,323,168,"КОПРИНО, село Ярославского Наместничества и уезду. Здесь бывает годовая Сергиевская ярмарка Сентября в 25 день; продают на оной крестьяне масло коровье и прочие товары.",Ярославскаго Намѣстничества,Ярославскаго уѣздѣ,село
286,516,167,"ПЕНЗА, главный город Наместничества сего имени. В нем бывает в году две ярмарки: первая по Пасхе на седьмой неделе в четверг, вторая в день С. Апостолов Петра и Павла.",Пенза Намѣстничества,,главный городъ
39,675,166,"СЯМСКОЙ, монастырь Вологодского Наместничества и уезду. При оном монастыре бывает в году три ярмарки, на которых торгуют Вологодские купцы разными мелочными товарами.",Вологодскаго Намѣстничества,Вологодскаго уѣздѣ,монастырь
3,366,166,"КУРЬЯНОВО , местечко Полотского Наместничества. В сем месте бывает в году одна ярмарка ; торгуют Рижского Дворца крестьяне разными мелочными товарами , вином и пивом.",Полотскаго Намѣстничества,,мѣстечко
52,215,166,"ЕЛИМСКОЙ, погост Псковского Наместничества в уезде города Острова. Здесь бывает ярмарка в Июне месяце; купцы на оную приезжают из Пскова с разными мелочными товарами.",Псковскаго Намѣстничества,Острова,погостъ
105,212,164,"ЕКАТЕРИНИНСКАЯ, ХАЛАНЬ тожь, слобода Киевского Наместничества около местечка Яблунева. В оной бывают три в году ярмарки; купцы на оные приезжают с разными товарами.",Кіевскаго Намѣстничества,,слобода
232,262,164,"ИСЕТСКАЯ, слобода уфимского Наместничества в уезде города Челябинска. Бывают здесь ярмарки на десятой неделе по Пасхе и Октября 23 дня ; торгуют мелочными товарами.",уфимскаго Намѣстничества,Челябинска,слобода
169,461,163,"НАРВА , город С. Петербургской Губернии В нем еще по Шведским учреждениям положено в год быть двум ярмаркам , в Феврале и Июлемесяцах, каждой по четырнадцати дней.",С. Петербургской Губерніи,,городъ
123,759,162,"ЧЕРЕНЧИЦКОЙ, погост в уезде города Старой Рузы. Здесь бывает одна годовая ярмарка в день Ильинской пятницы, и купцы приезжают из Старой Рузы с мелочными товарами.",,Старой,погостъ
22,192,162,"ДМИТРОВКА, ОЛЬШАНКА тожь , село Киевского Наместничества около слободы Яблунева. Бывает здесь одна годовая ярмарка, на которую купцы приезжают с разными товарами.",Кіевскаго Намѣстничества,,село
288,777,162,"ШАРТОЛИНСКОЙ НИКОЛАЕВСКОЙ , монастырь Володимерского Наместничества в уезде города Шуи. Бывает здесь ярмарка Мая 9; торгуют купцы иностранными лавочными товарами.",Володимерскаго Намѣстничества,Шуи,монастырь
64,423,161,"МЕРЕХВА, местечко Харьковского Наместничества и уезду. Здесь бывают ярмарки Июня 24, Августа 6; торгуют купцы мелочными, товарами , вином, пивом, медом и прочим.",Харьковскаго Намѣстничества,Харьковскаго уѣздѣ,мѣстечко
285,525,161,"ПЕТРОВКИ , село Екатеринославского Наместничества ь Полтавском уезде. В оном бывает каждонедельной торге окольными жителями разными съестными припасами и питьем.",Екатеринославскаго Намѣстничества,Полтавскомъ уѣздѣ,село
40,426,160,"МИЖИРИЧЬ, местечко в Малороссии. В оном бывают ярмарки : первая Мая 9, вторая Июля третия Октября 26. Купцы приезжают из окрестных городов с мелочными товарами.",,,мѣстечко
198,540,160,"ПОВОДНЕВО, село Тверского Наместничества в уезде города Бежецка. Здесь бывает годовая ярмарка 14 Сентября; съезжаются на оную купцы с мелочным лавочным товаром.",Тверскаго Намѣстничества,Бѣжецка,село
216,519,159,"ПЕРЕКОПЕЦ , местечко в уезде города Харькова. Здесь бывает ярмарка Марта 9, Мая 6 и Ноября 8, торгуют купцы мелочными товарами, вином , пивом , медом и прочим.",,Харькова,мѣстечко
228,287,159,"КИДЕШКИНО , село Костромского Наместничества в уезде города Юрьевца Польского. В нем. кроме еженедельных торжков, в день Бориса и Глеба бывает годовая ярмарка.",Костромскаго Намѣстничества,Юрьевца,село
230,195,159,"ДОМНИЦКОЙ, монастырь Черниговского Наместничества и уезду. При оном. бывает две в году ярмарки: первая после Пасхи в десятую пятницу , а другая Сентября 8 дня.",Черниговскаго Намѣстничества,Черниговскаго уѣздѣ,монастырь
240,382,158,"ЛИПОВСКОЕ, село Вологодского Наместничества в Яренском уезде. В оном бывает торговля однажды в год Генваря 19, но по большей части торгует здесь крестьянство.",Вологодскаго Намѣстничества,Яренскомъ уѣздѣ,село
20,625,158,"СЕРЕГА , слобода Вологодского Наместничества в Яренском уезде. Здесь бывает ярмарка Июня с 23 по 26 ; на оной покупают у промышленников разную мягкую рухлядь.",Вологодскаго Намѣстничества,Яренскомъ уѣздѣ,слобода
24,21,157,"АРТЕМОНОВКА , слобода Харьковского Наместничества и уезду; здесь бывают ярмарки Июля 8 и Ноября 21, Торгуют купцы мелочными товарами , пивом, медом и прочим.",Харьковскаго Намѣстничества,Харьковскаго уѣздѣ,слобода
290,58,157,"БОГОЯВЛЕНСКАЯ, слобода Владимерского Наместничества в Суздальском уезде. Здесь бывает годовая ярмарка; на оную съезжаются из разных городов купцы с товарами.",Владимерскаго Намѣстничества,Суздальскомъ уѣздѣ,слобода
270,651,156,"СПИРОВО, село Московской Губернии в Волоколамском уезде. В сем селе бывает годовая ярмарка Ноября 21 дня ; торгуют один день разными крестьянскими товарами.",Московской Губерніи,Волоколамскомъ уѣздѣ,село
268,434,156,"МИХАЙЛОВКА , местечко Киевского Наместничества око ло местечка же Яблунева. В оном бывает в году пять ярмарок, на которые купцы приезжают с разными товарами",Кіевскаго Намѣстничества,,мѣстечко
157,292,156,"КИРИЛОЕО , село Тульского Наместничества в уезде города Новосиля. В оном селе бывает ярмарка Июля 15дня, купцы торгуют разными мелочными лавочными товарами.",Тульскаго Намѣстничества,Новосиля,село
215,486,156,"ОКВАДСКАЯ , волость Вологодского Наместничества в уезде города Яренска. Здесь бывает ярмарка Ноября 21 дня; скупают приезжие купцы Зырянскую мягкую рухлядь.",Вологодскаго Намѣстничества,Яренска,волость
23,158,155,"ГНИЛЬСКОЙ, погост Псковского Наместничества в Островском уезде. Здесь бывает ярмарка в Маие месяце; купцы приезжают из Пскова с разными мелочными товарами.",Псковскаго Намѣстничества,Островскомъ уѣздѣ,погостъ
162,367,153,"ЛАДА , село Рязанского Наместничества в Зарайском уезде. Здесь бывает годовая ярмарка Июля 8 Дня; привозят на оную купцы разные мелочные шелковые товары.",Рязанскаго Намѣстничества,Зарайскомъ уѣздѣ,село
19,555,153,"ПОЧИНКИ, село Пензенского Наместничества в Саранском уезде. Бывает здесь ярмарка в последних числах Июля; привозят купцы разные мелочные шелковые товары.",Пензенскаго Намѣстничества,Саранскомъ уѣздѣ,село
6,24,153,"АСАКОВО , село Тульского Наместничества в Веневском уезде ; здесь бывает годовая ярмарка Июля 8 числа; приезжают на оную разных городов купцы с товарами.",Тульскаго Намѣстничества,Веневскомъ уѣздѣ,село
166,166,152,"ГОРОДИЩЕ , местечко Киевского Наместничества в Лубенском уезде. В оном бывает в году три ярмарки : первая Генваря 1, вторая Мая 2, третия Августа 1 дня.",Кіевскаго Намѣстничества,Лубенскомъ уѣздѣ,мѣстечко
58,363,151,"КУНГУР, город Пермского Наместничества. В сем городе во время праздников бывают для торговли съезды Генваря 4, Октября 28 и в девятую пятницу по Пасхе.",Пермскаго Намѣстничества,,городъ
287,206,151,"ДУНИЛОВО, село Владимеркого Наместничества в Суздальском уезде. Здесь бывает ярмарка 1 Октября; приезжают купцы из разных городов с мелочными товарами.",Владимеркаго Намѣстничества,Суздальскомъ уѣздѣ,село
150,49,151,"БОБЫЛЕВСКОЕ, село Уфимского Наместничества в Челябинском уезде. Здесь бывает в году ярмарка Генваря 30 и Октября 1. Торгуют разными мелочныии товарами.",Уфимскаго Намѣстничества,Челябинскомъ уѣздѣ,село
151,243,150,"ИВАНОВКА , село Пензенского Наместничества в Саранском уезде. Здесь бывает годовая ярмарка Июля 8 Дня; привозят купцы разные мелочные шелковые товары.",Пензенскаго Намѣстничества,Саранскомъ уѣздѣ,село
11,285,150,"КЕСМЕ , село Тверского Наместничества в уезде города Бежецка. Здесь бывает одна годовая ярмарка; съезжаются на оную купцы с мелочным лавочным товаром.",Тверскаго Намѣстничества,Бѣжецка,село
109,265,149,"ИОСИФОВ, монастырь Московской Губернии в Рузском уезде. Подле оного монастыря бывает годовая ярмарка Июля 20 дня; торгуют разными мелочными товарами.",Московской Губерніи,Рузскомъ уѣздѣ,монастырь
171,568,149,"ПУТЯТИНО, село Тамбовского Наместничества около городка Доброго. Здесь бывает в году ярмарка Июля 8, на которую приезжают купцы с мелочными товарами.",Тамбовскаго Намѣстничества,,село
67,4,148,"АВЖЕНСКАЯ , волость Вологодского Наместничества и уезду. Здесь бывает два раза в год ярмарка , на коей торгуют Вологодские купцы мелочными товарами.",Вологодскаго Намѣстничества,Вологодскаго уѣздѣ,волость
265,536,148,"ПИСЦОВО , село Костромского Наместничества и уезду. Здесь бывают годовые ярмарки в девятую и десятую неделю по Пасхе, для которых построены и лавки.",Костромскаго Намѣстничества,Костромскаго уѣздѣ,село
42,412,147,"МАСЛЕНСКАЯ, слобода Уфимского Наместничества в Челябинском уезде. Здесь бывает ярмарка Декабря 25 и Июля 20 дня ; торгуют на оных мелочным товаром.",Уфимскаго Намѣстничества,Челябинскомъ уѣздѣ,слобода
59,338,147,"КРАСНОГОРСКАЯ, пустыня Тамбовского Наместничества в уезде города Лебедяни. Здесь при девичьем Пресбраженском монастыре бывает одна годовая ярмарка.",Тамбовскаго Намѣстничества,Лебедяни,пустыня
263,298,147,"КИАСОВКА , село Московской Губернии в Коломенском уезде. В нем по воскресеньям каждонедельно бывает торг, на коем продают хлеб и деревянную посуду.",Московской Губерніи,Коломенскомъ уѣздѣ,село
195,307,147,"КОДИНСКОЕ, село уфимского Наместничества в Челябинском уезде. В оном бывают ярмарки Июля 8 и Генваря 6, на коих торг производится мелочным товаром.",уфимскаго Намѣстничества,Челябинскомъ уѣздѣ,село
214,150,146,"ГЕРМАНОВА , слобода того же Наместничества в Пошехонском уезде. Здесь бывает годовая ярмарка в Никольскую пятницу осенью , и продолжается два дни.",Ярославскаго Намѣстничества,Пошехонскомъ уѣздѣ,слобода
301,754,145,"ЧАСОВНЯ СВ. ДУХА , того же Наместничества и уезду. При оной бывает ярмарка в Июне месяце. Купцы приезжают из Пскова с разными мелочными товарами.",Псковскаго Намѣстничества,Псковскаго уѣздѣ,чацовня
185,489,145,"ОЛИШЕВКА , местечко в округе города Киева. Здесь бывает в году две ярмарки ; на оных скупают приезжие купцы кожи , овчины , шубы , соль и прочее.",,,мѣстечко
237,457,145,"МШАГА, или МШАЖСКОЙ, погост Новогородского Наместничества и уезду. В оном бывает годовой съезд для торговли в пятницу пред днем Св. Пророка Илии.",Новогородскаго Намѣстничества,Новогородскаго уѣздѣ,погостъ
14,199,144,"ДУБЕЦКОЙ, погост Псковского Наместничества в Островском уезде. Здесь бывает ярмарка в Июне месяце; купцы приезжают из Пскова с разными товарами.",Псковскаго Намѣстничества,Островскомъ уѣздѣ,погостъ
165,469,144,"НЕСТЕРОВСКОЙ , шанец Екатеринославского Наместничествавоскресным дням, а торгуют больше крестьянскими товарами , хлебными и харчевыми припасами.",Екатеринославскаго Намѣстничества,,шанцъ
178,548,142,"ПОКРОВСКОЕ, село Московской Губернии в уезде города Рузы. В сем селе бывает годовая ярмарка Октября 1 дня; торгуют разными мелочными товарами.",Московской Губерніи,Рузы,село
17,266,140,"ИОСИФОВ, монастырь той же Губернии в Волоколамском уезде. Здесь бывают годовые ярмарки: первая в день Пятидесятницы , вторая Сентября 8 Дня.",Московской Губерніи,Волоколамскомъ уѣздѣ,монастырь
190,665,139,"СТРЕЛИЦА, слобода Харьковского Наместничества в Короченском уезде. В оной бывает в году две ярмарки: первая Августа 1, вторая Марта 25 дня.",Харьковскаго Намѣстничества,Короченскомъ уѣздѣ,слобода
279,200,139,"ДУБКОВ, пригород того же Наместничества и уезду. Здесь бывают годовые ярмарки: 1 в Преображение Господне , 2 в день Сошествия Святого Духа.",Псковскаго Намѣстничества,Псковскаго уѣздѣ,пригородъ
104,384,139,"ЛИСКОЙ , волок , что на Синге, в Вологодском уезде. Здесь бывает в году две ярмарки ; на оных торгуют Вологодские купцы мелочными товарами.",,Вологодскомъ уѣздѣ,волокъ
148,223,137,"ЕСКЕ, село Тверского Наместничества в Бежецком уезде. Здесь бывает годовая ярмарка; съезжаются на оную купцы с мелочным лавочным товаром.",Тверскаго Намѣстничества,Бѣжецкомъ уѣздѣ,село
201,56,135,"БОГОРОДИЦКОЙ КАЗАНСКОЙ , монастырь Пензенского Наместничества в Нижеломовском уезде. Бывает здесь годовая ярмаркаа с 1 Июля по 9 число.",Пензенскаго Намѣстничества,Нижеломовскомъ уѣздѣ,монастырь
12,424,133,"МЕХОНСКОЙ , острог Уфимского Наместничества в Челябинском уезде. Здесь бывает ярмарка Декабря 25 и Июля 20; торгуют мелочным товаром.",Уфимскаго Намѣстничества,Челябинскомъ уѣздѣ,острогъ
146,78,131,"БУРОМКА, местечко Киевского Наместничества в Лубенском уезде. В оном бывают в год две ярмарки: одна Июля 24, другая Ноября 1 числа.",Кіевскаго Намѣстничества,Лубенскомъ уѣздѣ,мѣстечко
311,441,130,"МОЛОКОВО , село Тверского Наместничества в Бежецком уезде. Здесь бывает годовая ярмарка ; торгуют хлебом , скотом, кожами и салом.",Тверскаго Намѣстничества,Бѣжецкомъ уѣздѣ,село
56,86,130,"БЕЛОЕ, село Ярославского Наместничества в Пошехонском уезде. Здесь бывает годовая ярмарка в Тройцын день, и продолжается два дни. ",Ярославскаго Намѣстничества,Пошехонскомъ уѣздѣ,село
128,295,130,"КИСТРУСА, село Рязанского Наместничества и уезду. В оном бывает ярмарка в день Сошествия Святого Духа, но торгуют токмо крестьяне.",Рязанскаго Намѣстничества,Рязанскаго уѣздѣ,село
33,348,130,"КРЕМЕНЧУГ, город того же Наместничества. В оном сверх обыкновенных торгов бывает в году три ярмарки, продолжающияся по три же дни.",Екатеринославскаго Намѣстничества,,городъ
92,714,129,"УЛОМ , село Ярославского Наместничества в Пошехонском уезде. Здесь бывает годовая ярмарка в Троицын день, и продолжается два дни.",Ярославскаго Намѣстничества,Пошехонскомъ уѣздѣ,село
299,211,127,"ЕГОРЬЕВСКОЕ ЗАДНЕЕ , село Вологодского Наместничества по Кубенеокму заозерью. В воскресные дни бывают здесь еженедельные торги.",Вологодскаго Намѣстничества,,село
138,630,126,"СИМ, село Владимерского Наместничества в уезде города Юрьева-Польского. В сем селе бывают ярмарки , и выстроены для того ряды.",Владимерскаго Намѣстничества,Юрьева-Польскаго,село
307,390,126,"ЛУЖКИ, село Московской Губернии в Рузском уезде. Здесь бывает годовая ярмарка Мая 9 числа; торгуют разными мелочными товарами.",Московской Губерніи,Рузскомъ уѣздѣ,село
16,485,125,"ОДРИН НИКОЛАЕВСКОЙ, монастырь Орловского Наместничества в уезде города Карачева. При оном монастыре бывает ярмарка Мая 9 дня.",Орловскаго Намѣстничества,Карачева,монастырь
256,599,125,"САВИН СТОРОЖЕВСКИЙ , монастырь Московской Губернии. При оном бывает ярмарка о десятой пятнице, продолжающаяся несколько дней.",Московской Губерніи,,монастырь
127,340,124,"КРАСНОЕ , село Костромского Наместничества и уезду. Здесь бывает годовая ярмарка в Лрейцын день, для чего построены и лавки.",Костромскаго Намѣстничества,Костромскаго уѣздѣ,село
295,362,124,"КУМЗЕРСКАЯ, волость Вологодского Наместничества и уезду. Здесь бывает годовая ярмарка, но торгуют только мелочными товарами.",Вологодскаго Намѣстничества,Вологодскаго уѣздѣ,волость
101,354,122,"КРОЛЕВЕЦ, город Новогородского - Северского Наместничества. Здесь бывает в году три ярмарки, и одна из них бывает великая.",Новогородскаго - Сѣверскаго Намѣстничества,,городъ
94,5,121,"АВРАМИЕВ, монастырь Костромского Наместничества, от города Чухломы в 10 верстах. Здесь бывает ярмарка. Зри Чуxлома город.",Костромскаго Намѣстничества,,монастырь
132,751,115,"ЦЫБУЛЕВ , слобода Екатеринославского Наместничества в Елисаветградской Провинции. В оной бывает в году три ярмарки.",Екатеринославскаго Намѣстничества,,слобода
107,296,114,"КИТАЙ - ГОРОДОК , местечко Екатеринославского Наместничества в Полтавском уезде. В оном бывают в году три ярмарки.",Екатеринославскаго Намѣстничества,Полтавскомъ уѣздѣ,мѣстечко
117,783,112,"ШОКИНО, село Синбирского Наместничества в Курмышском уезде. В оном бывает ярмарка в десятую пятницу после Пасхи.",Синбирскаго Намѣстничества,Курмышскомъ уѣздѣ,село
18,149,112,"ГЕННАДИЕВ, монастырь Ярославского Наместничества в Любимском уезде. При оном каждой год 17 Марта бывает ярмарка.",Ярославскаго Намѣстничества,Любимскомъ уѣздѣ,монастырь
170,564,111,"ПСКОВ, главный город Наместничества сего имени. В сем городе бывает в году две ярмарки, да в уезде оного шесть.",Псковъ Намѣстничества,not_in_text,главный городъ
135,501,111,"ОРЕХОВКА, село Московской Губернии в Можайском уъзде. В оном бывает годовая ярмарка в десятую пятяуцу по Пасхе.",Московской Губерніи,,село
141,134,109,"ВЫЧУГА, село Костромского Наместничества в уезде города Кинешмы. Здесь бывает годовая ярмарка в Троицын день.",Костромскаго Намѣстничества,Кинешмы,село
197,188,108,"ДЕРКУЛ, слобода Воронежского Наместничества в уезде города Валуек. В оной слободе бывает в году три ярмарки.",Воронежскаго Намѣстничества,Валуекъ,слобода
310,487,108,"ОКУНЕВСК, слобода Пермского Наместничества. Здесь бывает ярмарка Февраля 2 дня; торгуют мелочными товарами. ",Пермскаго Намѣстничества,,слобода
88,685,108,"ТЕРЯЕВО, село Московской Губернии в Рузском уезде. В нем бывает годовая ярмарка в день Святого Пророка Илии.",Московской Губерніи,Рузскомъ уѣздѣ,село
84,304,108,"КОБЫЛЯК, местечко Екатеринославского Наместничества в Полтавском уезде. В оном бывает в году четыре ярмарки.",Екатеринославскаго Намѣстничества,Полтавскомъ уѣздѣ,мѣстечко
221,731,108,"ФЛОРОВО , село того же Наместничества и уезду. В сем селе бывают торговые съезды Июня 23 и Августа 18 числа.",Володимерскаго Намѣстничества,Володимерскаго уѣздѣ,село
154,61,108,"БОРА, село в Синбирском Наместничестве, от Синбирска в 60 верстах. В нем бывают всякую неделю знатные торги.",Синбирскомъ Намѣстничества,,село
167,736,107,"ХАЯЧА , местечко Могилевского Наместничества в уезде города Рогачева. В местечке бывает в году две ярмарки.",Могилевскаго Намѣстничества,Рогачева,мѣстечко
68,377,106,"ЛЕВКИЕВ, монастырь Московской Губернии в Волоколамском уезде. Здесь бывает годовая ярмарка Августа 15 дня.",Московской Губерніи,Волоколамскомъ уѣздѣ,монастырь
51,344,105,"КРАСНОПОЛЬ , местечко Могилевского Наместничества в Чериковском уезде. Здесь бывают четыре ярмарки в год.",Могилевскаго Намѣстничества,Чериковскомъ уѣздѣ,мѣстечко
34,308,105,"КОЖИНО, село Володимерского Наместничества в Гороховецком уезде. Здесь бывает торговой съезд Июля 20 Дня.",Володимерскаго Намѣстничества,Гороховецкомъ уѣздѣ,село
272,85,105,"БЕЛИКИ , местечко Екатеринославского Наместничества в Полтавском уезде. В оном бывает в году три ярмарки.",Екатеринославскаго Намѣстничества,Полтавскомъ уѣздѣ,мѣстечко
102,418,105,"МАЯЧКА, местечко Екатеринославского Наместничества в Полтавском уезде. В оном бывает одна в году ярмарка.",Екатеринославскаго Намѣстничества,Полтавскомъ уѣздѣ,мѣстечко
129,644,104,"СОЛЬЦО, погост Новгородского Наместничества и уезду. Здесь бывает годовой съезд для торгу Июля 20 числа.",Новгородскаго Намѣстничества,Новгородскаго уѣздѣ,погостъ
223,90,104,"БЕЛОКУРИНА, слобода Воронежского Наместничества в уезде города Валуек. В оной бывает в году две ярмарки.",Воронежскаго Намѣстничества,Валуекъ,слобода
229,74,104,"БРОННИЦЫ , ям Новогородского Наместничества и уезду. Здесь бывает в году съезд для торговли Июня 24 дня.",Новогородскаго Намѣстничества,Новогородскаго уѣздѣ,ямъ
69,77,103,"БУРЕЦКОЙ, погост в Новгородском уезде. Здесь бывает годовой съезд для торгу в девятую пятницу по Пасхе.",,Новгородскомъ уѣздѣ,погостъ
282,413,103,"МАСЛОВИЧИ, местечко Могилевского Наместничества в Мстиславском уезде. Здесь бывает одна ярмарка в году.",Могилевскаго Намѣстничества,Мстиславскомъ уѣздѣ,мѣстечко
121,168,103,"ГОРОДНЯ , местечко Могилевского Наместничества в Рогачевском уезде. Здесь бывает в году девять ярмарок.",Могилевскаго Намѣстничества,Рогачевскомъ уѣздѣ,мѣстечко
149,330,103,"КОСТЮКОВИЧИ, местечко Могилевского Наместничества в Климовицком уезде. Здесь бывают две ярмарки в году.",Могилевскаго Намѣстничества,Климовицкомъ уѣздѣ,мѣстечко
205,254,102,"ИЗМАЙЛОВО , село Нижегородского Наместничества в Арсамазском уезде. В оном бывает одна в г Ду ярмарка.",Нижегородскаго Намѣстничества,Арсамазскомъ уѣздѣ,село
125,350,102,"КРЕСТЦЫ, город Новогородского Наместничества. Бывает здесь годовой съезд для торговли Сентября 15 дня.",Новогородскаго Намѣстничества,,городъ
65,542,102,"ПОГРОМЦА, слобода Воронежского Наместничества в уезде города Валуек. Здесь бывает в году пять ярмарок.",Воронежскаго Намѣстничества,Валуекъ,слобода
250,679,102,"ТАТАРСК, местечко Могилевского Наместничества в Мстиславском уезде. В оном бывает одна в году ярмарка.",Могилевскаго Намѣстничества,Мстиславскомъ уѣздѣ,мѣстечко
82,648,101,"СПАС в ЯМЩИКАХ, село Вологодского Наместничества в Авнежской волости. В нем торг бывает по вторникам.",Вологодскаго Намѣстничества,,село
106,138,101,"ВЕТКА, местечко Могилевского Наместничества в уезде города Рогачева. Здесь бывает в году три ярмарки.",Могилевскаго Намѣстничества,Рогачева,мѣстечко
144,6,101,"АДОВАТОВО, село Нижегородского Наместничества в Арзамаском уезде ; в оном бывает одна в году ярмарка.",Нижегородскаго Намѣстничества,Арзамаскомъ уѣздѣ,село
233,17,101,"АНТОНОВКА, местечко Могилевского Наместничества в Рогачевском уезде; здесь бывает в году три ярмарки.",Могилевскаго Намѣстничества,Рогачевскомъ уѣздѣ,мѣстечко
245,170,100,"ГОРОДОК, село Московской Губернии в Можайском уезде. Здесь бывает в каждом году ярмарка Июня 28 дня.",Московской Губерніи,Можайскомъ уѣздѣ,село
9,267,100,"КАДИН, местечко Могилевского Наместничества в Мстиславском уезде. В оном бывает одна ярмарка в году.",Могилевскаго Намѣстничества,Мстиславскомъ уѣздѣ,мѣстечко
236,182,100,"ДАЙМИНО, или ДАЙМИК, село Курского Наместничества в Щигровской округе; в нем бывают знатные ярмарки.",Курскаго Намѣстничества,,село
142,692,98,"ТИХОНОВА, пустыня Костромского Наместничества в Луховском уезде. Здесь бывает ярмарка Июня 16 дня.",Костромскаго Намѣстничества,Луховскомъ уѣздѣ,пустыня
291,776,98,"ШАРАПАВО, село Нижегородского Наместничества в Арзамаском уезде. Здесь бывает одна в году ярмарка.",Нижегородскаго Намѣстничества,Арзамаскомъ уѣздѣ,село
202,283,97,"КЕМАРЫ, село Нижегородского Наместничества в Арсамазском уезде. Здесь бывает одна в году ярмарка.",Нижегородскаго Намѣстничества,Арсамазскомъ уѣздѣ,село
212,508,97,"ОСТРОВНЯ , местечко Могилевского Наместничества в Сенном уезде. Здесь бывает одна ярмарка в году.",Могилевскаго Намѣстничества,Сѣнномъ уѣздѣ,мѣстечко
247,733,95,"ХАЛЧЬ, местечко Могилевского Наместничества в Белицком уезде. В нем бывает одна ярмарка в году.",Могилевскаго Намѣстничества,Бѣлицкомъ уѣздѣ,мѣстечко
0,59,93,"БОГОЯВЛЕНСКАЯ , крепость Екатеринославского Наместничества. В оной бывает в году три ярмарки.",Екатеринославскаго Намѣстничества,,крѣпость
292,37,93,"БЕЗГИНОВКА , местечко в Екатеринославском Наместничестве. В оном бывает в году шесть ярмарок.",Екатеринославскомъ Намѣстничества,,мѣстечко
130,162,92,"ГОМЛЯ, местечко того же Наместничества в Рогачевском уезде. Здесь бывает в году три ярмарки.",Могилевскаго Намѣстничества,Рогачевскомъ уѣздѣ,мѣстечко
294,784,91,"ШУЛГИНСК , местечко Екатеринославского Наместничества. В оном бывают в году четыре ярмарки.",Екатеринославскаго Намѣстничества,,мѣстечко
188,342,91,"КРАСНОКАМЕНСКОЙ, шанец Екатеринославского Наместничества. В оном бывает в году три ярмарки.",Екатеринославскаго Намѣстничества,,шанцъ
10,452,90,"МУРАТОВА, слобода в Екатеринославском Наместничестве. В оной бывает в году четыре ярмарки.",Екатеринославскомъ Намѣстничества,,слобода
254,193,90,"ДМИТРОВСКАЯ, крепость Екатеринославского Наместничества. В оной бывает в году три ярмарки.",Екатеринославскаго Намѣстничества,,крѣпость
32,347,89,"КРЕМЕННОЙ , шанец Екатеринославского Наместничества. В оном бывает в году четыре ярмарки.",Екатеринославскаго Намѣстничества,,шанцъ
242,602,88,"САМБОРСКОЙ, шанец Екатеринославского Наместничества. В оном бываете в году три ярмарки. ",Екатеринославскаго Намѣстничества,,шанцъ
13,358,87,"КРЮКОВ, слобода Екатеринославского Наместничества. В оной бывают в году четыре ярмарки.",Екатеринославскаго Намѣстничества,,слобода
50,141,84,"ВЯЗОВНА, село Синбирского Наместничества и уезду. В оном бывает каждую неделю торг, ",Синбирскаго Намѣстничества,Синбирскаго уѣздѣ,село
220,499,84,"ОРЛИК, местечко Екатеринославского Наместничества. В оном бывает в году две ярмарки.",Екатеринославскаго Намѣстничества,,мѣстечко
275,29,84,"БАЕВКА, село в Сибири на вершине реки Свиаги; в оном всякое Воскресенье бывает торг.",,,село
208,93,83,"БЕЛЫНИЧИ, местечко Могилевского Наместничества. Здесь бывают в году четыре ярмарки.",Могилевскаго Намѣстничества,,мѣстечко
53,749,82,"ЦЕВЛЯ, село Г. Сумарокова в уезде города Опочек. Здесь бывает одна в году ярмарка.",,Опочекъ,село
297,641,78,"СОКОЛ, местечко Полотского Наместничества , в коем бывают в году две ярмарки .",Полотскаго Намѣстничества,,мѣстечко
131,453,77,"МУРЗЫНКА , шанец того же Наместничества. В оном бывает в году четыре ярмарки.",Екатеринославскомъ Намѣстничества,,шанцъ
219,624,73,"СЕРЕВКА, село в уезд города Рогачева. В нем бывает в году четыре ярмарки.",,,село
